title,url,servings,ingredients,calories,carbohydrates,proteins,fats,tags
Patatas con bacalao,https://recetas.lidl.es/recetas/patatas-con-bacalao,4,"[""400 g lomo de bacalao"", ""800 g patatas"", ""1 ud cebolla"", ""2 dientes ajos"", ""1 ud pimiento verde"", ""30 ml aceite de oliva suave"", ""1 cucharada sal"", ""1 hoja pimienta negra"", ""1 cucharadita tomate frito"", ""100 ml laurel"", ""1000 ml piment\u00f3n""]",N/A,N/A,N/A,N/A,"[""Primeros"", ""Segundos"", ""Pescado y Marisco""]"
Potaje de vigilia,https://recetas.lidl.es/recetas/potaje-de-vigilia,4,"[""300 g filetes de bacalao"", ""500 g garbanzos cocidos"", ""100 g espinacas"", ""2 uds tomate en rama (producto canario)"", ""1 ud cebolla"", ""1 diente ajo"", ""1 rebanada pan"", ""20 uds almendras"", ""600 ml caldo de verduras"", ""2 uds huevo cocido"", ""2 cucharadas aceite de oliva""]",400 kCal,26 g,31 g,18 g,"[""Primeros"", ""Arroz, Legumbres y Cereales"", ""Regiones de Espa\u00f1a"", ""Canarias""]"
Hojaldre de calabacín,https://recetas.lidl.es/recetas/hojaldre-de-calabacin,4,"[""1 ud calabac\u00edn zucchini (producto canario)"", ""1 ud berenjena (producto canario)"", ""1 ud masa de hojaldre rectangular"", ""1 ud aguacate (producto canario)"", ""200 g queso fresco batido"", ""1 ud lim\u00f3n"", ""1 manojo albahaca (producto canario)"", ""100 g queso emmental"", ""20 g cacahuete frito con miel"", ""4 lonchas mortadela italiana""]",524 kCal,32 g,20 g,33 g,"[""Segundos"", ""Fruta y Verdura""]"
Pechuga de pollo a la naranja,https://recetas.lidl.es/recetas/pechuga-de-pollo-a-la-naranja,4,"[""8 uds pechugas de pollo"", ""2 uds naranjas"", ""2 cucharadas miel"", ""1 cucharada salsa de soja"", ""1 ud ajo"", ""1 cucharada aceite de oliva"", ""1 pizca sal"", ""1 pizca pimienta negra"", ""1 cucharada maicena"", ""50 ml agua""]",N/A,N/A,N/A,N/A,"[""Primeros"", ""Segundos"", ""Carne y Aves"", ""La Cocina de Lidl""]"
Pastel de carne y patata,https://recetas.lidl.es/recetas/pastel-de-carne-y-patata,4,"[""200 g carne picada"", ""0.5 ud cebolla"", ""0.5 ud zanahoria"", ""0.5 ud pimiento rojo"", ""0.5 diente ajo"", ""0.49 pizca sal"", ""1 cucharada aceite de oliva virgen extra"", ""0.5 pizca pimienta negra"", ""0.5 pizca or\u00e9gano"", ""150 g tomate triturado"", ""4 uds patatas medianas"", ""40 g mantequilla sin sal"", ""50 ml leche entera"", ""100 g queso rallado""]",N/A,N/A,N/A,N/A,"[""Primeros"", ""Segundos"", ""Carne y Aves"", ""La Cocina de Lidl""]"
Pasta boloñesa,https://recetas.lidl.es/recetas/pasta-bolonesa,4,"[""200 g picada de vacuno"", ""0.5 ud cebolla"", ""0.5 ud zanahoria"", ""0.5 ud pimiento rojo"", ""1 diente ajo"", ""1 cucharada aceite de oliva virgen extra"", ""0.5 pizca sal"", ""0.49 pizca pimienta negra"", ""0.5 pizca or\u00e9gano"", ""150 tomate triturado"", ""300 g pasta penne rigate"", ""1 cucharadita az\u00facar"", ""100 g queso grana padano"", ""1 cucharadita albahaca""]",N/A,N/A,N/A,N/A,"[""Segundos"", ""Primeros"", ""Pasta y Pizza"", ""La Cocina de Lidl""]"
Croquetas de jamón,https://recetas.lidl.es/recetas/croquetas-de-jamon,4,"[""100 g taquitos de jam\u00f3n"", ""80 g mantequilla sin sal"", ""2 cucharadas aceite de oliva virgen extra"", ""180 g harina de trigo"", ""800 ml leche entera"", ""1 pizca nuez moscada"", ""1 pizca pimienta"", ""1 pizca sal""]",1090.9 kCal,73 g,25 g,78 g,"[""Aperitivos"", ""Pan y Masas"", ""Monsieur Cuisine""]"
Tarta de mango,https://recetas.lidl.es/recetas/tarta-de-mango,4,"[""1 ud masa quebrada"", ""500 ml leche entera"", ""3 uds huevos"", ""150 g az\u00facar blanco Belbake"", ""40 g harina de ma\u00edz"", ""2 uds mangos"", ""50 ml agua""]",634.9 kCal,102 g,10 g,21 g,"[""Postres"", ""Fruta y Verdura"", ""Postres y Dulces"", ""Vegetariana""]"
Ensaladilla de pulpo,https://recetas.lidl.es/recetas/ensaladilla-de-pulpo,4,"[""200 g pulpo cocido"", ""2 uds patatas"", ""3 uds zanahorias"", ""2 uds Huevos L"", ""3 cucharadas mayonesa"", ""1 cucharadita mostaza""]",490.8 kCal,66 g,24 g,15 g,"[""Primeros"", ""Segundos"", ""Fruta y Verdura"", ""L\u00e1cteos y Huevos"", ""Pescado y Marisco""]"
Tortilla de verdura en freidora de aire,https://recetas.lidl.es/recetas/tortilla-de-verdura-en-freidora-de-aire,4,"[""4 uds Huevos L"", ""100 g esp\u00e1rragos verdes"", ""100 g berenjenas"", ""50 g pimientos rojos""]",108.8 kCal,4 g,7 g,7 g,"[""Segundos"", ""Fruta y Verdura"", ""L\u00e1cteos y Huevos"", ""Vegetariana"", ""Freidora de aire""]"
Arroz con espinacas,https://recetas.lidl.es/recetas/arroz-con-espinacas,4,"[""380 g arroz largo ecol\u00f3gico"", ""800 ml caldo de verduras"", ""200 g espinacas frescas"", ""1 ud cebolla"", ""2 uds zanahorias"", ""1 cucharada aceite de oliva virgen extra""]",400.8 kCal,84 g,9 g,4 g,"[""Primeros"", ""Arroz, Legumbres y Cereales"", ""Vegetariana""]"
Lubina al horno,https://recetas.lidl.es/recetas/lubina-al-horno,4,"[""400 g filetes de lubina"", ""4 uds patatas medianas"", ""1 ud cebolla blanca"", ""1 vaso vino blanco"", ""30 ml aceite de oliva virgen extra""]",335.7 kCal,30 g,22 g,9 g,"[""Segundos"", ""Carne y Aves"", ""La Cocina de Lidl""]"
Papas con choco,https://recetas.lidl.es/recetas/papas-con-choco,4,"[""800 g Chocos limpios"", ""700 g papas"", ""1 ud cebolla"", ""2 dientes ajos"", ""1 ud pimiento verde (producto canario)"", ""200 g tomate triturado"", ""40 ml aceite de oliva virgen extra"", ""1 cucharada piment\u00f3n"", ""1 cucharada sal marina""]",412 kCal,32 g,40 g,13 g,"[""Primeros"", ""Segundos"", ""Pescado y Marisco""]"
Pajaritas con longaniza,https://recetas.lidl.es/recetas/pajaritas-con-longaniza,4,"[""200 g Pajaritas de pasta"", ""200 g longaniza"", ""250 g tomates cherry"", ""2 dientes dientes de ajo"", ""2 cucharadas aceite de oliva"", ""1 cucharadita perejil"", ""1 cucharadita or\u00e9gano""]",388 kCal,40 g,13 g,19.5 g,"[""Primeros"", ""Segundos"", ""Pasta y Pizza"", ""Recetas para ni\u00f1os a partir de 3 a\u00f1os""]"
Cuartos traseros de pollo con papas y manzana,https://recetas.lidl.es/recetas/cuartos-traseros-de-pollo-con-papas-y-manzana,3,"[""3 uds Cuartos traseros de pollo"", ""1 ud cebolla dulce"", ""1 ud manzana golden"", ""4 uds Papas rojas"", ""1 ud naranja"", ""1 pu\u00f1ado Perejil fresco"", ""2 dientes dientes de ajo"", ""200 ml caldo de pollo"", ""2 cucharadas aceite de oliva virgen extra""]",503 kCal,50 g,42 g,13 g,"[""Segundos"", ""Carne y Aves""]"
Alubias con chorizo,https://recetas.lidl.es/recetas/alubias-con-chorizo,4,"[""400 g Alubias blancas"", ""2 uds puerros"", ""2 uds zanahorias"", ""1 ud cebolla"", ""2 uds dientes de ajo"", ""1 ud tomate"", ""200 g Chorizo extra dulce"", ""1 hoja hoja de laurel"", ""1 cucharadita piment\u00f3n dulce"", ""30 ml pimienta negra""]",N/A,N/A,N/A,N/A,"[""Primeros"", ""Arroz, Legumbres y Cereales""]"
Crumble de manzana,https://recetas.lidl.es/recetas/crumble-de-manzana,6,"[""800 g ar\u00e1ndanos"", ""125 g frambuesas"", ""2 uds manzanas rojas"", ""0.5 ud lim\u00f3n"", ""1 cucharada canela molida"", ""15 g mantequilla"", ""1 cucharada az\u00facar moreno""]",423 kCal,46 g,6 g,23 g,"[""Postres"", ""Postres y Dulces"", ""Regiones de Espa\u00f1a"", ""Canarias""]"
Cordon bleu de pavo,https://recetas.lidl.es/recetas/cordon-bleu-de-pavo,4,"[""800 g solomillos de pavo"", ""1 cucharada piment\u00f3n dulce"", ""40 g Pur\u00e9 de manzana"", ""120 g queso gouda"", ""120 g Queso gouda (producto canario)"", ""80 g Jam\u00f3n de cebo ib\u00e9rico"", ""2 uds Huevos L"", ""50 g harina de trigo"", ""150 g Cereales Corn Flakes""]",464 kCal,42 g,31 g,19 g,"[""Segundos"", ""Carne y Aves"", ""Regiones de Espa\u00f1a"", ""Canarias""]"
Croquetas de brócoli y queso,https://recetas.lidl.es/recetas/croquetas-de-brocoli-y-queso,7,"[""500 g br\u00f3coli"", ""300 g Queso de cabra semicurado Roncero"", ""2 uds Huevos L"", ""0.5 taza pan rallado""]",N/A,N/A,N/A,N/A,"[""Aperitivos"", ""Pan y Masas""]"
Quiche de quesos y bacon,https://recetas.lidl.es/recetas/quiche-de-quesos-y-bacon,8,"[""1 ud masa quebrada"", ""300 g bacon"", ""6 uds Huevos L"", ""400 ml nata para cocinar"", ""80 g Queso Jermi Old Amsterdam"", ""80 g queso camembert"", ""100 g Queso de cabra semicurado Roncero""]",N/A,N/A,N/A,N/A,"[""Primeros"", ""Segundos"", ""Pan y Masas""]"
Lenguado al  limón,https://recetas.lidl.es/recetas/lenguado-al-limon,3,"[""450 g Filete de lenguado"", ""5 uds dientes de ajo"", ""40 g mantequilla con sal"", ""2 cucharadas harina de ma\u00edz"", ""2 uds zumo de lim\u00f3n"", ""1 ud ralladura de lim\u00f3n"", ""500 g Papas para arrugar"", ""2 cucharadas aceite de oliva virgen extra""]",445 kCal,31 g,33 g,20 g,"[""Segundos"", ""Pescado y Marisco"", ""Regiones de Espa\u00f1a"", ""Canarias""]"
Pan de queso en panificadora,https://recetas.lidl.es/recetas/pan-de-queso-en-panificadora,8,"[""277 ml leche entera"", ""3 uds Huevos L"", ""35 g mantequilla sin sal"", ""35 g harina de trigo"", ""230 g sal""]",22.67 kCal,40.9 g,57.51 g,487.98 g,"[""Desayunos y Meriendas"", ""Pan y Masas"", ""Panificadora""]"
Pinchos de embutidos,https://recetas.lidl.es/recetas/pinchos-de-embutidos,4,"[""500 g uva roja sin semilla""]",85.55 kCal,4 g,4 g,6 g,"[""Aperitivos"", ""Carne y Aves"", ""P\u00edcnic"", ""Recetas con embutidos y quesos""]"
Pollo frito en freidora de aire,https://recetas.lidl.es/recetas/pollo-frito-en-freidora-de-aire,4,"[""500 g pechugas de pollo"", ""90 g harina de trigo"", ""2 uds Huevos L"", ""90 g Cereales Corn Flakes"", ""2 cucharadas piment\u00f3n dulce"", ""1 cucharada cebolla en polvo""]",565.4 kCal,44 g,44 g,565.4 g,"[""Segundos"", ""Carne y Aves"", ""La Cocina de Lidl"", ""Freidora de aire""]"
Cheesecake de queso fresco,https://recetas.lidl.es/recetas/cheesecake-de-queso-fresco,10,"[""500 g queso fresco"", ""200 g Queso mezcla madurado en cava"", ""200 g Galletas Digestive"", ""70 g mantequilla sin sal"", ""165 g nata para montar"", ""200 g az\u00facar"", ""4 uds Huevos M"", ""30 g harina de trigo"", ""60 g Confitura de fresa"", ""120 g Fres\u00f3n (producto canario)"", ""50 g frambuesas""]",19 kCal,32 g,42 g,532 g,"[""Postres"", ""Postres y Dulces"", ""Regiones de Espa\u00f1a"", ""Canarias""]"
Merluza al pisto,https://recetas.lidl.es/recetas/merluza-al-pisto,2,"[""4 uds filetes de merluza"", ""400 g pisto""]",390.98 kCal,19 g,32 g,20 g,"[""Segundos"", ""Pescado y Marisco"", ""La Cocina de Lidl""]"
Tallarines al pisto,https://recetas.lidl.es/recetas/tallarines-al-pisto,2,"[""400 g tallarines"", ""400 g pisto"", ""60 g aceite de oliva virgen extra""]",1129.15 kCal,161 g,39 g,34 g,"[""Primeros"", ""Pasta y Pizza"", ""La Cocina de Lidl""]"
Natillas,https://recetas.lidl.es/recetas/natillas,4,"[""600 ml leche entera"", ""1 ud Canela en rama"", ""1 ud Piel de lim\u00f3n"", ""4 uds yema de huevo"", ""15 g maicena"", ""75 g az\u00facar""]",N/A,N/A,N/A,N/A,"[""Postres"", ""Postres y Dulces""]"
Costillas de cerdo con alcachofas y patatas,https://recetas.lidl.es/recetas/costillas-de-cerdo-con-alcachofas-y-patatas,4,"[""1 cucharadita aceite de oliva virgen extra"", ""800 g costillas de cerdo"", ""2 uds dientes de ajo"", ""3 uds patatas"", ""375 ml vino blanco"", ""200 g alcachofas""]",998.7 kCal,23 g,61 g,64 g,"[""Primeros"", ""Segundos"", ""Carne y Aves""]"
Wok de langostinos con garbanzos crujientes,https://recetas.lidl.es/recetas/wok-de-langostinos-con-garbanzos-crujientes,3,"[""400 g garbanzos cocidos"", ""1 cucharada Jengibre molido"", ""1 cucharada c\u00farcuma molida""]",354 kCal,32 g,32 g,10 g,"[""Primeros"", ""Segundos"", ""Pescado y Marisco"", ""Regiones de Espa\u00f1a"", ""Canarias""]"
Pollo a la cerveza,https://recetas.lidl.es/recetas/pollo-a-la-cerveza,4,"[""4 uds jamoncito de pollo"", ""400 g patatas"", ""2 uds zanahorias"", ""1 ud lim\u00f3n"", ""330 ml cervezas"", ""1 cucharadita Romero molido"", ""30 ml aceite de oliva virgen extra""]",439.4 kCal,25 g,39 g,18 g,"[""Primeros"", ""Segundos"", ""Carne y Aves"", ""La Cocina de Lidl""]"
Galletas de San Valentín,https://recetas.lidl.es/recetas/galletas-de-san-valentin,4,"[""250 g harina de trigo"", ""80 g az\u00facar blanco Belbake"", ""125 g sal"", ""1 ud mantequilla sin sal"", ""200 g huevo (L suelo)""]",1333.9 kCal,178 g,17 g,76 g,"[""Postres"", ""Postres y Dulces"", ""La Cocina de Lidl"", ""San Valent\u00edn""]"
Judías verdes con jamón,https://recetas.lidl.es/recetas/judias-verdes-con-jamon,4,"[""500 g Jud\u00edas verdes"", ""200 g jam\u00f3n serrano"", ""100 g tomate triturado"", ""1 cucharadita aceite de oliva virgen extra""]",194.4 kCal,10 g,19 g,10 g,"[""Primeros"", ""Segundos"", ""Fruta y Verdura""]"
Pasta a la sorrentina,https://recetas.lidl.es/recetas/pasta-a-la-sorrentina,4,"[""400 g Pasta Fusilli Pugliesi ITALIAMO"", ""1 diente sal"", ""400 g aceite de oliva virgen extra"", ""400 g Ajo blanco"", ""40 g Salsa de Polpa di Pomodoro con Basilico ITALIAMO""]",N/A,N/A,N/A,N/A,"[""Primeros"", ""Segundos"", ""Pasta y Pizza""]"
Salmón en salsa de leche de coco,https://recetas.lidl.es/recetas/salmon-en-salsa-de-leche-de-coco,4,"[""1 ud cebolla"", ""2 uds dientes de ajo"", ""0.5 cucharadita c\u00farcuma molida"", ""0.25 cucharadita cilantro fresco"", ""0.25 cucharadita piment\u00f3n dulce"", ""0.25 cucharadita Jengibre molido"", ""4 filetes salm\u00f3n"", ""1 ud lima"", ""400 ml aceite de oliva""]",N/A,N/A,N/A,N/A,"[""Primeros"", ""Pescado y Marisco"", ""La Cocina de Lidl""]"
Cupcakes con glaseado de fresa,https://recetas.lidl.es/recetas/cupcakes-con-glaseado-de-fresa,9,"[""320 g harina de trigo"", ""2 uds Huevos L"", ""100 g yogur griego"", ""120 ml aceite de oliva"", ""160 ml leche semidesnatada"", ""100 g Eritritol"", ""10 g Polvo de hornear"", ""120 g sal""]",500 kCal,40 g,13 g,31 g,"[""Postres"", ""Postres y Dulces""]"
Rosquillas,https://recetas.lidl.es/recetas/rosquillas,4,"[""250 g harina"", ""100 g az\u00facar"", ""1 ud Huevo peque\u00f1o"", ""30 g mantequilla"", ""90 ml leche"", ""10 g Levadura de panader\u00eda fresca"", ""200 ml sal"", ""1 cucharadita aceite de girasol""]",240 kCal,30.5 g,3.3 g,-7 g,"[""Postres"", ""Postres y Dulces"", ""Recetas para ni\u00f1os a partir de 3 a\u00f1os""]"
Huevos con pisto de calabaza,https://recetas.lidl.es/recetas/huevos-con-pisto-de-calabaza,4,"[""4 uds Huevos M"", ""200 g tomate triturado"", ""1 ud pimiento rojo"", ""1 ud cebolla"", ""1 ud calabac\u00edn"", ""500 calabazas"", ""30 g queso feta""]",202 kCal,14 g,11 g,11 g,"[""Primeros"", ""Segundos"", ""Fruta y Verdura"", ""L\u00e1cteos y Huevos""]"
Ternera con salsa de champiñones,https://recetas.lidl.es/recetas/ternera-con-salsa-de-champinones,4,"[""4 uds Filetes de ternera"", ""1 cucharada harina de trigo"", ""4 cucharadas aceite de oliva""]",307 kCal,13 g,26 g,16 g,"[""Segundos"", ""Carne y Aves"", ""Recetas para ni\u00f1os a partir de 2 a\u00f1os""]"
Lentejas con arroz,https://recetas.lidl.es/recetas/lentejas-con-arroz,4,"[""250 g Lentejas Campo Largo"", ""2 dientes ajos"", ""0.5 ud calabac\u00edn"", ""160 g zanahorias"", ""0.5 ud pimiento rojo"", ""15 ml aceite de oliva virgen extra"", ""150 ml piment\u00f3n dulce"", ""1 ud sal"", ""800 ml tomate triturado"", ""100 g hoja de laurel""]",352.6 kCal,49 g,19 g,17 g,"[""Primeros"", ""Arroz, Legumbres y Cereales"", ""La Cocina de Lidl""]"
Sepia con patatas,https://recetas.lidl.es/recetas/sepia-con-patatas,4,"[""500 g Sepia limpia"", ""750 g Patatas para cocer"", ""1 ud cebolla"", ""3 dientes ajos"", ""0.5 cucharadita piment\u00f3n dulce"", ""150 ml vino blanco"", ""600 ml caldo de pescado"", ""1 hoja hoja de laurel"", ""150 g tomate triturado"", ""3 cucharadas aceite de oliva virgen extra""]",N/A,N/A,N/A,N/A,"[""Primeros"", ""Segundos"", ""Pescado y Marisco""]"
Estofado de secreto de cerdo,https://recetas.lidl.es/recetas/estofado-de-secreto-de-cerdo,4,"[""800 g secreto de cerdo"", ""1 ud cebolla"", ""2 dientes ajos"", ""1 ud zanahoria"", ""2 uds tomates en rama"", ""0.5 ud pimiento verde"", ""0.5 ud pimiento rojo"", ""1 ud batata"", ""1 ud naranja"", ""1 ud hoja de laurel"", ""1 cucharadita piment\u00f3n dulce"", ""1 cucharada aceite de oliva virgen extra""]",485 kCal,35 g,43 g,18 g,"[""Segundos"", ""Carne y Aves"", ""Regiones de Espa\u00f1a"", ""Canarias""]"
Empanada de salmón ahumado,https://recetas.lidl.es/recetas/empanada-de-salmon-ahumado,6,"[""100 g salm\u00f3n ahumado"", ""2 uds masas para empanadas"", ""200 g puerros"", ""250 g calabacines"", ""100 g eneldo"", ""100 g queso para untar"", ""1 cucharada queso de cabra"", ""1 ud aceite de oliva""]",490 kCal,44 g,16 g,27 g,"[""Segundos"", ""Pan y Masas"", ""Pescado y Marisco"", ""Regiones de Espa\u00f1a"", ""Canarias""]"
Albóndigas en salsa,https://recetas.lidl.es/recetas/albondigas-en-salsa,4,"[""700 g alb\u00f3ndigas de cerdo"", ""10 ml aceite de oliva virgen extra"", ""2 dientes ajos"", ""1 ud cebolla"", ""1 ud zanahoria"", ""1 ud pimiento verde"", ""100 ml vino tinto"", ""300 ml tomate triturado"", ""500 ml caldo de cocido""]",438.7 kCal,12 g,30 g,28 g,"[""Segundos"", ""Carne y Aves""]"
Desayuno saludable,https://recetas.lidl.es/recetas/desayuno-saludable,2,"[""300 g papaya (producto canario)"", ""1 ud naranja"", ""1 ud Yogur bifidus natural cremoso"", ""2 rebanadas Pan de centeno"", ""80 g reques\u00f3n"", ""0.5 ud caqui"", ""10 g nueces sin c\u00e1scara"", ""1 cucharadita miel""]",312 kCal,52 g,13 g,4 g,"[""Desayunos y Meriendas"", ""Fruta y Verdura"", ""Pan y Masas"", ""Regiones de Espa\u00f1a"", ""Canarias""]"
Rollitos de papel de arroz con fideos,https://recetas.lidl.es/recetas/rollitos-de-papel-de-arroz-con-fideos,4,"[""1 ud zanahoria"", ""0.5 ud pepino"", ""0.5 ud pimiento rojo"", ""40 g Rabanito"", ""90 g Glass Noodles Vitasia"", ""12 uds Obleas de papel de arroz"", ""90 g Brotes de bamb\u00fa"", ""1 g Chili Vitasia""]",226.9 kCal,47 g,2 g,4 g,"[""Segundos"", ""Fruta y Verdura""]"
Wraps de tofu,https://recetas.lidl.es/recetas/wraps-de-tofu,4,"[""150 g tofu firme"", ""1 ud lima"", ""8 ml aceite de oliva virgen extra"", ""350 g salteado de verduras"", ""8 uds sal"", ""35 uds tortillas de trigo integral"", ""95 g queso feta""]",252.7 kCal,23 g,12 g,11 g,"[""Segundos"", ""Fruta y Verdura"", ""Pan y Masas"", ""La Cocina de Lidl""]"
Pizza de quesos y aceitunas,https://recetas.lidl.es/recetas/pizza-de-quesos-y-aceitunas,2,"[""100 g tomate frito"", ""1 g or\u00e9gano"", ""1 ud masa fresca para pizza"", ""85 g mezcla 4 quesos para gratinar"", ""90 g mini mozzarella"", ""80 g queso azul"", ""30 g aceitunas rellenas de anchoa"", ""90 bacon""]",1156.5 kCal,131 g,50 g,47 g,"[""Primeros"", ""Pasta y Pizza"", ""La Cocina de Lidl""]"
Sopa de brócoli y queso cheddar,https://recetas.lidl.es/recetas/sopa-de-brocoli-y-queso-cheddar,4,"[""1 diente ajo"", ""1 ud cebolla"", ""1 ud zanahoria"", ""15 ml aceite de oliva virgen extra"", ""800 ml sal"", ""1 ud Caldo de verduras Kania"", ""150 ml br\u00f3coli"", ""150 g pimienta blanca""]",376.7 kCal,13 g,14 g,31 g,"[""Primeros"", ""Fruta y Verdura"", ""Sopas y Cremas""]"
Pechugas de pollo rellenas,https://recetas.lidl.es/recetas/pechugas-de-pollo-rellenas,4,"[""200 g queso de untar"", ""60 g manzanas verdes"", ""20 g nueces sin c\u00e1scara""]",997.9 kCal,10 g,111 g,54 g,"[""Segundos"", ""Fruta y Verdura"", ""Carne y Aves""]"
Merluza a la riojana,https://recetas.lidl.es/recetas/merluza-a-la-riojana,3,"[""1 ud cebolla"", ""1 ud pimiento rojo"", ""2 uds dientes de ajo"", ""15 ml aceite de oliva virgen extra"", ""150 ml vino blanco"", ""400 ml tomate triturado"", ""400 g filetes de merluza"", ""150 g gambas peladas""]",284.4 kCal,14 g,29 g,7 g,"[""Segundos"", ""Pescado y Marisco""]"
Tarta de queso con uvas,https://recetas.lidl.es/recetas/tarta-de-queso-con-uvas,12,"[""250 g Galleta mar\u00eda dorada"", ""120 g mantequilla sin sal""]",550.1 kCal,63 g,6 g,45 g,"[""Postres"", ""Postres y Dulces"", ""Cumplea\u00f1os""]"
Buñuelos de calabacín,https://recetas.lidl.es/recetas/bunuelos-de-calabacin,4,"[""125 g yogur natural"", ""25 g mostaza de dijon"", ""15 g mayonesa"", ""20 g miel""]",308.9 kCal,40 g,10 g,37 g,"[""Segundos"", ""Fruta y Verdura"", ""La Cocina de Lidl""]"
Picoteo Deluxe,https://recetas.lidl.es/recetas/picoteo-deluxe,5,"[""5 uds vieiras rellenas de marisco"", ""10 uds mini hojaldre"", ""10 uds mini mozzarella"", ""30 g pimiento del piquillo caramelizado"", ""10 uds albahaca (producto canario)"", ""150 g queso a\u00f1ejo"", ""150 g queso de cabra con piment\u00f3n"", ""150 g queso de oveja con trufa"", ""50 g membrillo el quijote"", ""1 ud caqui"", ""0.5 ud manzana"", ""50 g almendra garrapi\u00f1ada"", ""75 g higos secos"", ""50 g crackers""]",796 kCal,41 g,36 g,53 g,"[""Aperitivos"", ""L\u00e1cteos y Huevos"", ""Fruta y Verdura"", ""Pescado y Marisco"", ""Regiones de Espa\u00f1a"", ""Canarias""]"
Pan de uvas pasas en panificadora,https://recetas.lidl.es/recetas/pan-de-uvas-pasas-en-panificadora,8,"[""340 ml agua"", ""25 g Mantequilla Milbona"", ""5 g az\u00facar blanco Belbake"", ""15 g levadura fresca"", ""610 g harina de fuerza"", ""8 g sal"", ""150 g Mix con ar\u00e1ndanos y pasas  Alesto Selection""]",381.6 kCal,64 g,12 g,8 g,"[""Guarniciones"", ""Pan y Masas"", ""Panificadora""]"
Saquitos de langostinos con salsa de papaya,https://recetas.lidl.es/recetas/saquitos-de-langostinos-con-salsa-de-papaya,3,"[""250 g Langostino crudo"", ""1 ud masa de hojaldre"", ""50 g champi\u00f1ones"", ""50 g queso de untar"", ""1 ud aceite de oliva virgen extra""]",481 kCal,39 g,14 g,28 g,"[""Segundos"", ""Pescado y Marisco"", ""Regiones de Espa\u00f1a"", ""Canarias""]"
Tartaletas de manzana,https://recetas.lidl.es/recetas/tartaletas-de-manzana,6,"[""3 uds manzanas"", ""1 ud masa de hojaldre"", ""1 ud huevo"", ""200 g mermelada de melocot\u00f3n"", ""20 g az\u00facar moreno"", ""3 g canela molida""]",N/A,N/A,N/A,N/A,"[""Desayunos y Meriendas"", ""Postres y Dulces"", ""Freidora de aire""]"
Sopa de cebolla,https://recetas.lidl.es/recetas/sopa-de-cebolla,4,"[""2 uds cebollas"", ""30 g mantequilla"", ""1 l caldo de carne"", ""1 vaso vino blanco"", ""0.5 cucharada harina"", ""0.5 barra barra de pan"", ""50 g queso rallado""]",N/A,N/A,N/A,N/A,"[""Primeros"", ""Sopas y Cremas""]"
Pollo relleno con verduras,https://recetas.lidl.es/recetas/pollo-relleno-con-verduras,8,"[""1 ud pollo relleno de queso de cabra y mermelada Deluxe"", ""500 g patatas"", ""1 ud boniato"", ""3 uds zanahorias"", ""20 ml aceite de oliva virgen extra"", ""5 ml vinagre bals\u00e1mico de M\u00f3dena"", ""10 ml miel"", ""150 g hierbas provenzales Kania"", ""150 g sal"", ""90 g jud\u00edas verdes redondas""]",N/A,N/A,N/A,N/A,"[""Segundos"", ""Carne y Aves"", ""La Cocina de Lidl"", ""Navidad""]"
Canelones de pescado y marisco,https://recetas.lidl.es/recetas/canelones-de-pescado-y-marisco,4,"[""1 ud puerro"", ""20 ml aceite de oliva virgen extra"", ""40 g sal"", ""250 ml pimienta negra"", ""1 ud Crema de pimiento del piquillo Deluxe""]",N/A,N/A,N/A,N/A,"[""Primeros"", ""Pescado y Marisco"", ""La Cocina de Lidl"", ""Navidad""]"
Canapé vegano,https://recetas.lidl.es/recetas/canape-vegano,8,"[""60 g Mini tostas pasas La Cestera"", ""250 g Remolacha cocida"", ""125 g garbanzos precocinados Campo Largo"", ""1 ud diente de ajo"", ""15 ml Comino molido Kania"", ""1 ud sal"", ""1 ud aceite de oliva virgen extra"", ""20 g lim\u00f3n""]",N/A,N/A,N/A,N/A,"[""Aperitivos"", ""Fruta y Verdura"", ""La Cocina de Lidl"", ""Navidad""]"
Tarta de turrón,https://recetas.lidl.es/recetas/tarta-de-turron,8,"[""80 g Barquillo de chocolate negro"", ""80 g Galletas digestive avena Sondey"", ""100 g Mantequilla Milbona""]",N/A,N/A,N/A,N/A,"[""Postres"", ""Postres y Dulces"", ""La Cocina de Lidl"", ""Navidad""]"
"Codillo de cerdo con naranja, pomelo y miel",https://recetas.lidl.es/recetas/codillo-de-cerdo-con-naranja-pomelo-y-miel,6,"[""2 uds codillos de cerdo salmuerizado"", ""3 cucharadas miel"", ""2 ramas canela"", ""1 ud Naranja canaria"", ""1 ud pomelo"", ""1 l caldo de pollo"", ""1 cucharada aceite de oliva""]",538 kCal,48 g,29 g,24 g,"[""Segundos"", ""Carne y Aves"", ""Regiones de Espa\u00f1a"", ""Canarias""]"
Galletas de jengibre,https://recetas.lidl.es/recetas/galletas-de-jengibre,10,"[""440 g harina de trigo"", ""225 g mantequilla"", ""200 g az\u00facar moreno"", ""1 ud huevo"", ""150 g miel"", ""2 cucharadas canela"", ""300 g Chocolate blanco para fundir"", ""2 cucharadas Jengibre molido""]",679 kCal,88.18 g,8.07 g,32.64 g,"[""Postres"", ""Postres y Dulces"", ""Recetas para ni\u00f1os a partir de 2 a\u00f1os""]"
Conejo en freidora 9 en 1,https://recetas.lidl.es/recetas/conejo-en-freidora-9-en-1,4,"[""400 g conejo"", ""400 g patatas"", ""150 g sal"", ""150 ml aceite de oliva virgen extra"", ""3 uds champi\u00f1ones""]",56 kCal,19 g,3 g,1 g,"[""Segundos"", ""Carne y Aves""]"
Brownie de chocolate blanco,https://recetas.lidl.es/recetas/brownie-de-chocolate-blanco,6,"[""80 g Pistacho pelado Alesto"", ""115 g az\u00facar blanco Belbake"", ""3 uds huevos"", ""150 g mantequilla sin sal"", ""225 g chocolate blanco Fin Carr\u00e9"", ""120 g harina de trigo Belbake"", ""8 g levadura en polvo""]",797.9 kCal,61 g,12 g,56 g,"[""Postres"", ""Postres y Dulces"", ""Monsieur Cuisine""]"
Lomo en salsa,https://recetas.lidl.es/recetas/lomo-en-salsa,4,"[""800 g filetes de lomo"", ""15 ml sal"", ""2 uds pimienta negra"", ""1 ud aceite de oliva virgen extra"", ""1 dientes de ajo"", ""2 uds cebolla"", ""100 ml puerro"", ""2 hojas zanahorias"", ""400 ml Vino blanco Conde Noble"", ""200 ml hojas de laurel""]",381.2 kCal,17 g,47 g,13 g,"[""Segundos"", ""Carne y Aves""]"
Lentejas con chorizo,https://recetas.lidl.es/recetas/lentejas-con-chorizo,4,"[""300 g Lentejas Campo Largo"", ""1 ud diente de ajo"", ""1 ud cebolla"", ""20 ml aceite de oliva virgen extra"", ""120 g Chorizo extra dulce"", ""2 g piment\u00f3n dulce"", ""1 ud zanahoria"", ""250 g Tomate entero pelado Baresa"", ""1 ud hoja de laurel""]",485.8 kCal,53 g,28 g,19 g,"[""Primeros"", ""Arroz, Legumbres y Cereales"", ""La Cocina de Lidl""]"
Bizcocho de mandarinas,https://recetas.lidl.es/recetas/bizcocho-de-mandarinas,8,"[""100 g mantequilla sin sal"", ""150 g az\u00facar blanco Belbake"", ""3 uds huevos"", ""4 uds mandarinas"", ""80 g yogur natural"", ""200 g harina de trigo"", ""10 g levadura en polvo""]",299.3 kCal,40 g,5 g,13 g,"[""Postres"", ""Postres y Dulces""]"
Lomo bajo de vacuno con salsa de queso y uvas,https://recetas.lidl.es/recetas/lomo-bajo-de-vacuno-con-salsa-de-queso-y-uvas,2,"[""250 g lomo bajo de vacuno"", ""2 g aceite de oliva virgen extra""]",520 kCal,17 g,33 g,35 g,"[""Primeros"", ""Segundos"", ""Carne y Aves""]"
Gnocchis con salmón y champiñones,https://recetas.lidl.es/recetas/gnocchis-con-salmon-y-champinones,2,"[""500 g gnocchis"", ""250 g champi\u00f1ones"", ""4 uds dientes de ajo"", ""100 g salm\u00f3n ahumado"", ""30 g Aceite de romero y pimienta rosa"", ""200 ml agua"", ""50 g queso grana padano""]",723 kCal,68 g,35 g,34 g,"[""Primeros"", ""Segundos"", ""Pasta y Pizza"", ""Regiones de Espa\u00f1a"", ""Canarias""]"
Pudin de piña y dulce de leche,https://recetas.lidl.es/recetas/pudin-de-pina-y-dulce-de-leche,6,"[""2 latas conservas de pi\u00f1a"", ""400 ml nata para montar"", ""50 g harina de ma\u00edz"", ""100 g Dulce de leche""]",345 kCal,26 g,4 g,25 g,"[""Postres"", ""Postres y Dulces"", ""Regiones de Espa\u00f1a"", ""Canarias""]"
"Crema de puerro, manzana y papa",https://recetas.lidl.es/recetas/crema-de-puerro-manzana-y-papa,3,"[""2 uds puerro (producto canario)"", ""1 ud manzana golden"", ""2 uds papas grandes"", ""20 g aceite de oliva virgen extra""]",297 kCal,30 g,18 g,11 g,"[""Primeros"", ""Sopas y Cremas"", ""Regiones de Espa\u00f1a"", ""Canarias""]"
Guiso de pollo,https://recetas.lidl.es/recetas/guiso-de-pollo,4,"[""800 g pechugas de pollo"", ""2 uds sal"", ""1 ud pimienta negra"", ""1 paquete aceite de oliva virgen extra"", ""2 uds dientes de ajo"", ""1 g puerro"", ""200 ml pimiento tricolor"", ""400 ml zanahorias"", ""500 ml boniato"", ""2 uds Vino blanco Conde Noble"", ""1 ud tomate triturado""]",589 kCal,28 g,64 g,20 g,"[""Primeros"", ""Segundos"", ""Carne y Aves"", ""Regiones de Espa\u00f1a"", ""La Cocina de Lidl""]"
Garbanzos con espinacas,https://recetas.lidl.es/recetas/garbanzos-con-espinacas,3,"[""1 ud cebolla"", ""1 ud diente de ajo"", ""300 g aceite de oliva virgen extra"", ""350 ml Espinacas Freshona"", ""2 g Caldo de verduras Kania"", ""400 g piment\u00f3n dulce""]",221 kCal,25 g,11 g,7 g,"[""Primeros"", ""Arroz, Legumbres y Cereales"", ""Regiones de Espa\u00f1a"", ""La Cocina de Lidl""]"
Tarta de Halloween,https://recetas.lidl.es/recetas/tarta-de-halloween,8,"[""150 ml leche entera Milbona"", ""180 g Chocolate fondant Fin Carr\u00e9"", ""3 uds huevos"", ""120 g az\u00facar blanco Belbake"", ""190 g harina de trigo Belbake"", ""8 g levadura en polvo""]",726 kCal,67 g,10 g,47 g,"[""Postres"", ""Postres y Dulces"", ""Regiones de Espa\u00f1a"", ""La Cocina de Lidl"", ""Halloween""]"
Pastel de carne,https://recetas.lidl.es/recetas/pastel-de-carne,6,"[""1 ud cebolla"", ""1 ud pimiento verde"", ""15 ml aceite de oliva virgen extra"", ""500 g carne picada"", ""570 g salsa de tomate""]",417 kCal,38 g,24 g,21 g,"[""Primeros"", ""Segundos"", ""Carne y Aves"", ""Regiones de Espa\u00f1a"", ""La Cocina de Lidl""]"
"Crema de pimiento rojo, zanahoria y setas",https://recetas.lidl.es/recetas/crema-de-pimiento-rojo-zanahoria-y-setas,2,"[""1 ud pimiento rojo (producto canario)"", ""5 uds zanahorias"", ""1 ud cebolla morada"", ""1 vaso caldo de pollo"", ""2 cucharadas pimienta""]",307 kCal,29 g,8 g,16 g,"[""Primeros"", ""Sopas y Cremas"", ""Regiones de Espa\u00f1a"", ""Canarias""]"
Huesos de santo de chocolate,https://recetas.lidl.es/recetas/huesos-de-santo-de-chocolate,10,"[""250 g almendras naturales"", ""200 g az\u00facar"", ""20 g cacao puro en polvo"", ""100 ml agua""]",376 kCal,48 g,8 g,17 g,"[""Postres"", ""Postres y Dulces"", ""Regiones de Espa\u00f1a"", ""Canarias"", ""Halloween""]"
Tarta de chuches para Halloween,https://recetas.lidl.es/recetas/tarta-de-chuches-para-halloween,10,"[""1 bolsa nubes de Halloween"", ""1 bolsa huesos de golosina"", ""1 bolsa gusanos de golosina"", ""10 uds tar\u00e1ntulas de golosina"", ""1 bolsa calabaza de chocolate"", ""0.5 bolsa murci\u00e9lago de chocolate con leche"", ""0.5 bolsa dentaduras de golosina"", ""1 bolsa ojos de golosina"", ""0.5 bolsa chupete sabor a frutas"", ""1 ud calavera con golosinas"", ""0.5 bolsa piruletas de chocolate"", ""0.5 bolsa caramelo blando""]",541 kCal,111 g,7 g,10 g,"[""Postres"", ""Postres y Dulces"", ""Regiones de Espa\u00f1a"", ""Canarias"", ""Halloween""]"
Pulpo frito con huevos y papas,https://recetas.lidl.es/recetas/pulpo-frito-con-huevos-y-papas,3,"[""250 g pulpo"", ""3 uds patatas"", ""3 uds huevos"", ""3 uds dientes de ajo"", ""100 g alioli (producto canario)"", ""50 g manga (producto canario)"", ""50 g perejil (producto canario)""]",648 kCal,36 g,22 g,45 g,"[""Primeros"", ""Segundos"", ""Guarniciones"", ""L\u00e1cteos y Huevos"", ""Pescado y Marisco"", ""Regiones de Espa\u00f1a"", ""Canarias"", ""Recetas con conservas"", ""Recetas de bocadillos y tostadas"", ""Recetas con embutidos y quesos""]"
Galletas para Halloween,https://recetas.lidl.es/recetas/galletas-para-halloween,12,"[""425 g harina"", ""225 g mantequilla"", ""125 g az\u00facar"", ""1 ud huevo"", ""1 cucharada levadura en polvo"", ""100 g leche"", ""80 g almendras fritas y saladas"", ""50 g chocolate con leche""]",414 kCal,44.9 g,6.15 g,23.4 g,"[""Postres"", ""Postres y Dulces"", ""Recetas para ni\u00f1os a partir de 3 a\u00f1os"", ""Halloween""]"
Bacalao rebozado,https://recetas.lidl.es/recetas/bacalao-rebozado,2,"[""500 g filetes de bacalao"", ""1 ud huevo"", ""40 g harina de trigo"", ""300 ml aceite de girasol"", ""1 ud tomate triturado"", ""1 ud diente de ajo"", ""1 ud cebolla""]",583 kCal,27.8 g,38.8 g,35.7 g,"[""Segundos"", ""Pescado y Marisco"", ""La Cocina de Lidl""]"
Merluza a la marinera,https://recetas.lidl.es/recetas/merluza-a-la-marinera,4,"[""1 ud cebolla"", ""2 uds dientes de ajo"", ""1 cucharada aceite de oliva virgen extra"", ""150 ml harina de trigo"", ""600 g vino blanco"", ""400 ml filetes de merluza"", ""200 g caldo de pescado"", ""225 g sal""]",215 kCal,7.2 g,33.5 g,5.4 g,"[""Segundos"", ""Pescado y Marisco"", ""Regiones de Espa\u00f1a""]"
Couscous con tofu,https://recetas.lidl.es/recetas/couscous-con-tofu,4,"[""1 ud aguacate"", ""50 g anacardos"", ""1 ud aceite de oliva virgen extra"", ""1 ud diente de ajo""]",801 kCal,84.9 g,26.8 g,39.4 g,"[""Primeros"", ""Segundos"", ""Fruta y Verdura"", ""Vegana"", ""Vegetariana"", ""La Cocina de Lidl""]"
Jamoncitos de pollo a la jardinera,https://recetas.lidl.es/recetas/jamoncitos-de-pollo-a-la-jardinera,3,"[""800 g jamoncito de pollo"", ""2 uds sal"", ""1 ud pimienta negra"", ""1 ud aceite de oliva virgen extra"", ""1 ud dientes de ajo"", ""2 uds cebolla"", ""2 uds pimiento rojo"", ""400 ml pimiento verde"", ""500 ml zanahorias"", ""200 g patatas""]",644 kCal,35 g,56 g,30.5 g,"[""Segundos"", ""Carne y Aves"", ""La Cocina de Lidl""]"
Cazuela de atún,https://recetas.lidl.es/recetas/cazuela-de-atun,2,"[""200 g at\u00fan"", ""150 g calamares patag\u00f3nico"", ""300 g papas"", ""1 ud cebolla"", ""1 ud tomate (producto canario)"", ""0.5 ud pimiento rojo (producto canario)"", ""200 ml dientes de ajo"", ""1 rama caldo de pescado"", ""0.5 sobre perejil (producto canario)""]",418 kCal,31 g,38 g,15 g,"[""Segundos"", ""Pescado y Marisco"", ""Regiones de Espa\u00f1a"", ""Canarias""]"
Pasta con salsa de champiñones,https://recetas.lidl.es/recetas/pasta-con-salsa-de-champinones,4,"[""2 uds dientes de ajo"", ""200 g aceite de oliva virgen extra"", ""100 ml champi\u00f1ones"", ""200 ml vino blanco"", ""320 g nata para cocinar""]",411 kCal,61.9 g,12.3 g,11.1 g,"[""Primeros"", ""Pasta y Pizza"", ""Vegetariana""]"
Estofado de vacuno a la cerveza,https://recetas.lidl.es/recetas/estofado-de-vacuno-a-la-cerveza,4,"[""800 g estofado de ternera"", ""2 uds sal"", ""2 uds pimienta negra"", ""2 uds aceite de oliva"", ""300 ml cebollas"", ""400 ml dientes de ajo"", ""2 uds zanahorias""]",534 kCal,12.2 g,43.3 g,31.4 g,"[""Segundos"", ""Carne y Aves""]"
Ramen de verduras,https://recetas.lidl.es/recetas/ramen-de-verduras,2,"[""2 uds zanahorias"", ""200 g br\u00f3coli"", ""150 g champi\u00f1ones"", ""800 ml aceite de oliva virgen extra"", ""125 g sal"", ""100 g caldo de ramen"", ""2 uds fideos chow mein""]",534 kCal,75 g,24.5 g,17.4 g,"[""Primeros"", ""Segundos"", ""Fruta y Verdura"", ""Vegetariana"", ""Recetas del Mundo"", ""Asia""]"
Croquetas de garbanzos,https://recetas.lidl.es/recetas/croquetas-de-garbanzos,4,"[""1 ud zanahoria"", ""1 ud calabac\u00edn"", ""1 ud aceite de oliva virgen extra"", ""400 g cebolla"", ""1 ud garbanzos"", ""50 g huevo"", ""80 g pan rallado""]",440 kCal,48.1 g,21 g,17.7 g,"[""Aperitivos"", ""Arroz, Legumbres y Cereales"", ""Vegetariana"", ""La Cocina de Lidl""]"
Hamburguesa gourmet,https://recetas.lidl.es/recetas/hamburguesa-gourmet,2,"[""2 uds hamburguesa de ternera"", ""2 uds panecillos"", ""200 g queso fresco ahumado (producto canario)"", ""2 cucharadas mayonesa"", ""2 cucharadas cebolla frita"", ""2 cucharadas miel"", ""2 hojas lechuga batavia (producto canario)"", ""0.5 tomate de ensalada (producto canario)""]",996 kCal,51 g,63 g,60 g,"[""Segundos"", ""Carne y Aves"", ""Regiones de Espa\u00f1a"", ""Canarias""]"
Vichyssoise,https://recetas.lidl.es/recetas/vichyssoise,2,"[""2 uds puerros"", ""30 g mantequilla"", ""200 g patatas"", ""400 ml sal"", ""100 ml pimienta blanca""]",N/A,N/A,N/A,N/A,"[""Aperitivos"", ""Primeros"", ""Sopas y Cremas""]"
Salmón con salsa de mango,https://recetas.lidl.es/recetas/salmon-con-salsa-de-mango,4,"[""10 ml aceite de oliva virgen extra"", ""1 ud mango"", ""1 ud cebolla roja"", ""2 uds limas"", ""250 ml agua"", ""20 ml miel""]",586 kCal,31.4 g,38.7 g,35.5 g,"[""Segundos"", ""Pescado y Marisco""]"
Rollo de calabacín,https://recetas.lidl.es/recetas/rollo-de-calabacin,4,"[""800 g calabacines"", ""4 uds huevos"", ""60 g sal""]",398 kCal,21.2 g,15.6 g,28.1 g,"[""Aperitivos"", ""Primeros"", ""Fruta y Verdura"", ""Vegetariana"", ""La Cocina de Lidl""]"
Hélices con champiñones,https://recetas.lidl.es/recetas/helices-con-champinones,6,"[""280 g pasta"", ""8 uds champi\u00f1ones"", ""1 ud calabac\u00edn"", ""50 g queso grana padano""]",233 kCal,36.1 g,9.2 g,5.8 g,"[""Primeros"", ""Pasta y Pizza"", ""Recetas para ni\u00f1os a partir de 2 a\u00f1os""]"
Escalopines empanados con anacardos,https://recetas.lidl.es/recetas/escalopines-empanados-con-anacardos,4,"[""350 g escalop\u00edn de vacuno"", ""100 g anacardos"", ""2 uds huevos"", ""800 g romero (producto canario)"", ""50 g patatas""]",512 kCal,38 g,35 g,25 g,"[""Segundos"", ""Carne y Aves"", ""Regiones de Espa\u00f1a"", ""Canarias""]"
Mermelada de manzana,https://recetas.lidl.es/recetas/mermelada-de-manzana,2,"[""1 kg manzana"", ""250 g az\u00facar moreno"", ""1 ud lim\u00f3n""]",740 kCal,193 g,1.41 g,0.89 g,"[""Guarniciones"", ""Postres"", ""Postres y Dulces"", ""Vegana"", ""Vegetariana"", ""Panificadora""]"
Empanadillas rellenas de pulled pork,https://recetas.lidl.es/recetas/empanadillas-rellenas-de-pulled-pork,2,"[""1 ud cebolla"", ""40 g aceite de oliva virgen extra"", ""150 g k\u00e9tchup"", ""20 ml tomate triturado"", ""1 cucharada miel"", ""1 cucharadita az\u00facar moreno""]",647 kCal,39.5 g,38.9 g,41.4 g,"[""Aperitivos"", ""Primeros"", ""Carne y Aves"", ""La Cocina de Lidl""]"
Macarrones gratinados,https://recetas.lidl.es/recetas/macarrones-gratinados,4,"[""300 g macarrones"", ""250 g carne picada"", ""100 g salsa de tomate"", ""1 ud cebolla"", ""2 uds dientes de ajo"", ""1 cucharada aceite de oliva suave"", ""30 g queso de untar"", ""100 g queso rallado"", ""60 g queso semicurado al piment\u00f3n (producto canario)""]",596 kCal,57 g,33 g,26 g,"[""Primeros"", ""Pasta y Pizza"", ""Regiones de Espa\u00f1a"", ""Canarias""]"
Pollo con coco y lima,https://recetas.lidl.es/recetas/pollo-con-coco-y-lima,3,"[""750 g pechugas de pollo"", ""2 uds aceite de oliva virgen extra"", ""1 ud dientes de ajo"", ""350 ml cebolla dulce"", ""300 ml tomate triturado"", ""2 uds miel""]",523 kCal,27.3 g,66.2 g,55.1 g,"[""Segundos"", ""Carne y Aves""]"
Canelones de atún,https://recetas.lidl.es/recetas/canelones-de-atun,4,"[""150 ml aceite de girasol"", ""25 ml aceite de oliva suave"", ""1 ud huevo"", ""1 ud lim\u00f3n""]",801 kCal,47.9 g,29.9 g,51.9 g,"[""Primeros"", ""Pasta y Pizza"", ""La Cocina de Lidl""]"
Enrollados de hojaldre,https://recetas.lidl.es/recetas/enrollados-de-hojaldre,4,"[""150 g queso blanco de untar"", ""2 uds masa de hojaldre"", ""50 g jam\u00f3n serrano"", ""40 g tomate frito"", ""1 ud huevo"", ""30 g or\u00e9gano""]",696 kCal,56 g,18 g,42 g,"[""Aperitivos"", ""Primeros"", ""Pan y Masas"", ""Regiones de Espa\u00f1a"", ""Canarias""]"
Tupper saludable para el recreo,https://recetas.lidl.es/recetas/tupper-saludable-para-el-recreo,2,"[""2 rebanadas panes"", ""50 g manga (producto canario)"", ""1 ud yogur de fresa"", ""1 ud kiwi"", ""5 g pipas"", ""4 lonchas pechuga de pavo (braseada finas lonchas)"", ""2 lonchas queso"", ""30 g espinaca baby"", ""2 uds huevos""]",422 kCal,33 g,26 g,20 g,"[""Aperitivos"", ""Fruta y Verdura"", ""Regiones de Espa\u00f1a"", ""Canarias""]"
Carpaccio de vacuno y pera,https://recetas.lidl.es/recetas/carpaccio-de-vacuno-y-pera,2,"[""1 paquete Carpaccio de vacuno con parmesano"", ""1 ud pera"", ""20 g queso rallado"", ""30 g tomate cherry producto canario"", ""30 g r\u00facula (producto canario)"", ""30 g salsa de pesto rojo"", ""1 ud mozzarella de b\u00fafala"", ""15 g nueces""]",474 kCal,14 g,28 g,34 g,"[""Aperitivos"", ""Primeros"", ""Carne y Aves"", ""Canarias""]"
Tacos de albóndigas y arroz,https://recetas.lidl.es/recetas/tacos-de-albondigas-y-arroz,6,"[""24 uds alb\u00f3ndigas de vacuno"", ""150 g arroz basmati"", ""100 g cogollos"", ""2 cucharadas salsa de soja"", ""1 cucharada miel"", ""60 g jengibre"", ""1 ud ajo granulado""]",297 kCal,12 g,19 g,17 g,"[""Segundos"", ""Carne y Aves"", ""Regiones de Espa\u00f1a"", ""Canarias""]"
Tortilla de patata en freidora de aire,https://recetas.lidl.es/recetas/tortilla-de-patata-en-freidora-de-aire,0,"[""NaN g patatas"", ""NaN ml aceite de oliva virgen extra"", ""NaN uds huevos""]",370 kCal,32.1 g,15.9 g,19.2 g,"[""Primeros"", ""Segundos"", ""L\u00e1cteos y Huevos"", ""Vegetariana"", ""Freidora de aire""]"
Sopa de aguacate y sandía,https://recetas.lidl.es/recetas/sopa-de-aguacate-y-sandia,4,"[""1 ud cebolla dulce"", ""1 ud pimiento verde"", ""15 ml aceite de oliva virgen extra"", ""2 uds aguacates"", ""450 ml caldo de verduras"", ""250 ml leche de coco"", ""600 g pimienta blanca""]",445 kCal,28.1 g,6 g,37.4 g,"[""Primeros"", ""Sopas y Cremas"", ""Vegana"", ""Vegetariana""]"
Tarta de melocotón,https://recetas.lidl.es/recetas/tarta-de-melocoton,6,"[""700 g melocotones en almibar"", ""400 ml nata para montar"", ""100 g queso de untar"", ""1 ud bizcocho""]",625 kCal,58.1 g,6.9 g,39.9 g,"[""Postres"", ""Postres y Dulces"", ""Vegetariana"", ""La Cocina de Lidl"", ""Cumplea\u00f1os""]"
Sepia rebozada,https://recetas.lidl.es/recetas/sepia-rebozada,2,"[""400 g sepias"", ""50 g harina de trigo""]",816 kCal,22.3 g,38.1 g,57.7 g,"[""Aperitivos"", ""Primeros"", ""Pescado y Marisco"", ""La Cocina de Lidl""]"
Mug cake de plátano,https://recetas.lidl.es/recetas/mug-cake-de-platano,1,"[""1 ud huevo"", ""1 cucharada harina"", ""1 cucharadita levadura en polvo"", ""1 ud pl\u00e1tano"", ""20 g ar\u00e1ndanos"", ""1 ud melocot\u00f3n""]",298.1 kCal,47.1 g,10.7 g,7.4 g,"[""Postres"", ""Postres y Dulces"", ""Recetas para ni\u00f1os a partir de 12 meses""]"
Tarta tres leches con queque de limón,https://recetas.lidl.es/recetas/tarta-tres-leches-con-queque-de-limon,6,"[""150 g leche condensada"", ""75 g leche evaporada"", ""100 g nata"", ""1 ud quenque de lim\u00f3n (producto canario)"", ""125 g nata montada"", ""1 ud canela molida"", ""70 g melocot\u00f3n""]",457 kCal,48 g,8 g,25 g,"[""Postres"", ""Postres y Dulces"", ""Regiones de Espa\u00f1a"", ""Canarias""]"
Empanada de atún,https://recetas.lidl.es/recetas/empanada-de-atun,6,"[""3 uds huevos"", ""2 uds cebollas"", ""0.5 ud pimiento rojo"", ""0.5 ud pimiento verde"", ""250 ml aceite de oliva virgen extra"", ""480 g tomate triturado"", ""2 uds piment\u00f3n""]",532 kCal,47.8 g,22.3 g,532 g,"[""Primeros"", ""Segundos"", ""Pescado y Marisco""]"
Fajitas rellenas,https://recetas.lidl.es/recetas/fajitas-rellenas,4,"[""2 uds cogollos"", ""1 ud aceite de oliva virgen extra"", ""400 g lima"", ""4 uds relleno para fajitas"", ""200 g tortilla de ma\u00edz"", ""80 g salsa para fajitas""]",326 kCal,33.4 g,12.4 g,15 g,"[""Segundos"", ""Carne y Aves"", ""Vegetariana"", ""Recetas del Mundo"", ""M\u00e9xico""]"
Ensalada de garbanzos,https://recetas.lidl.es/recetas/ensalada-de-garbanzos,2,"[""300 g sandias"", ""1 ud pepino"", ""400 g garbanzos"", ""70 g cebollas rojas""]",559 kCal,45.6 g,16.7 g,33.4 g,"[""Primeros"", ""Arroz, Legumbres y Cereales"", ""Vegetariana"", ""Verano""]"
Saquitos de hojaldre rellenos,https://recetas.lidl.es/recetas/saquitos-de-hojaldre-rellenos,4,"[""350 g carne picada"", ""1 ud aceite de oliva virgen extra"", ""1 ud cebolleta"", ""1 ud pimiento verde"", ""0.5 ud zanahoria"", ""300 g calabac\u00edn"", ""1 ud salsa de tomate frito bio"", ""1 ud ajo granulado"", ""200 g hierbas arom\u00e1ticas""]",700 kCal,37.9 g,31 g,44.5 g,"[""Primeros"", ""Fruta y Verdura"", ""La Cocina de Lidl""]"
Helado de café y manga,https://recetas.lidl.es/recetas/helado-de-caf-y-manga,4,"[""1 kg caf\u00e9 mezcla molido (producto canario)"", ""150 ml manga (producto canario)"", ""1 cucharadita leche de coco"", ""1 cucharadita vainilla"", ""30 g canela"", ""40 g chocolate negro""]",250 kCal,29 g,3 g,13 g,"[""Postres"", ""Postres y Dulces"", ""Regiones de Espa\u00f1a"", ""Canarias""]"
Hojaldres de manzana,https://recetas.lidl.es/recetas/hojaldres-de-manzana,6,"[""1 ud masa de hojaldre"", ""2 uds manzanas rojas"", ""1 cucharadita canela"", ""1 ud huevo""]",372 kCal,44 g,6 g,19 g,"[""Postres"", ""Postres y Dulces"", ""Regiones de Espa\u00f1a"", ""Canarias""]"
Tarta de queso en freidora,https://recetas.lidl.es/recetas/tarta-de-queso-en-freidora,6,"[""100 g queso azul"", ""240 ml nata para montar"", ""500 g queso fresco para untar light"", ""4 uds huevos"", ""120 g az\u00facar"", ""35 g harina de ma\u00edz"", ""20 ml agua""]",406 kCal,22.2 g,9.8 g,30.6 g,"[""Postres"", ""Postres y Dulces"", ""Sin gluten"", ""Vegetariana"", ""Freidora de aire""]"
Postre de frutas con helado,https://recetas.lidl.es/recetas/postre-de-frutas-con-helado,6,"[""150 g helados de vainilla"", ""150 g sorbete"", ""1 ud kiwi"", ""1 ud naranja"", ""0.5 ud mango"", ""0.5 ud pl\u00e1tano"", ""400 ml nata para montar"", ""375 ml yogur griego""]",414 kCal,31.2 g,4.3 g,30.8 g,"[""Postres"", ""Postres y Dulces"", ""Vegetariana"", ""Verano""]"
Flash de frutas,https://recetas.lidl.es/recetas/flash-de-frutas,15,"[""350 g mel\u00f3n piel de sapo"", ""2 g jengibre"", ""50 ml agua""]",33 kCal,7 g,N/A,N/A,"[""Postres"", ""Fruta y Verdura"", ""Postres y Dulces"", ""Regiones de Espa\u00f1a"", ""Canarias""]"
Curry con gambones y mango,https://recetas.lidl.es/recetas/curry-con-gambones-y-mango,4,"[""400 g gamb\u00f3n salvaje"", ""200 g arroz"", ""1 ud sal"", ""2 uds pimienta negra"", ""400 ml aceite de oliva virgen extra"", ""150 ml cebolla"", ""2 uds dientes de ajo"", ""1 ud jengibre""]",N/A,N/A,N/A,N/A,"[""Primeros"", ""Pescado y Marisco"", ""La Cocina de Lidl""]"
Espagueti estilo a la Amatriciana,https://recetas.lidl.es/recetas/espagueti-estilo-a-la-amatriciana,2,"[""150 g panceta de cerdo"", ""50 ml aceite de oliva virgen extra"", ""400 g vino blanco"", ""200 g salsa de tomate"", ""10 g piment\u00f3n""]",415 kCal,60.9 g,14.8 g,10.1 g,"[""Segundos"", ""Pasta y Pizza"", ""Recetas del Mundo"", ""Italia""]"
Mejillones a la marinera,https://recetas.lidl.es/recetas/mejillones-a-la-marinera,4,"[""1 kg mejill\u00f3n"", ""1 ud laurel"", ""1 ud diente de ajo"", ""50 ml cebolla dulce"", ""150 ml aceite de oliva virgen extra"", ""200 ml vino blanco""]",273 kCal,13.1 g,39.4 g,9.1 g,"[""Primeros"", ""Segundos"", ""Pescado y Marisco"", ""La Cocina de Lidl""]"
Alitas de pollo con patatas paja,https://recetas.lidl.es/recetas/alitas-de-pollo-con-patatas-paja,6,"[""14 uds alitas de pollo"", ""1 cucharada ajo granulado"", ""4 uds perejil"", ""4 uds patatas"", ""20 g zanahorias"", ""0.5 cucharada almendras""]",395 kCal,32.8 g,22.7 g,19.2 g,"[""Segundos"", ""Carne y Aves"", ""Recetas para ni\u00f1os a partir de 3 a\u00f1os""]"
Helado de chocolate Bellona,https://recetas.lidl.es/recetas/helado-de-chocolate-bellona,4,"[""5 uds barritas de chocolate y leche"", ""30 g avellanas"", ""500 ml nata para montar"", ""120 g leche condensada""]",322 kCal,25.2 g,5.1 g,17.4 g,"[""Postres"", ""Postres y Dulces"", ""Vegetariana"", ""La Cocina de Lidl"", ""Verano""]"
Cannolo relleno de ricotta,https://recetas.lidl.es/recetas/cannolo-relleno-de-ricotta,5,"[""150 g harina de trigo"", ""1 cucharadita cacao puro en polvo"", ""20 g az\u00facar glac\u00e9"", ""35 g mantequilla"", ""1 ud huevo"", ""35 ml vino blanco""]",412 kCal,40 g,10 g,23 g,"[""Postres"", ""Postres y Dulces"", ""Regiones de Espa\u00f1a"", ""Canarias""]"
Ajoblanco,https://recetas.lidl.es/recetas/ajoblanco,4,"[""150 g miga de pan"", ""150 g almendras"", ""1 ud diente de ajo"", ""100 ml aceite de oliva virgen extra"", ""50 ml vinagre"", ""500 ml agua""]",N/A,N/A,N/A,N/A,"[""Primeros"", ""Sopas y Cremas"", ""Verano""]"
Pollo con champiñones al vino,https://recetas.lidl.es/recetas/pollo-con-champinones-al-vino,6,"[""800 g pechugas de pollo"", ""100 g pimienta negra"", ""30 ml harina de trigo"", ""2 uds aceite de oliva virgen extra"", ""1 ud dientes de ajo"", ""40 g cebolla"", ""400 g mantequilla"", ""250 ml champi\u00f1ones"", ""80 ml vino blanco"", ""500 ml brandy""]",385 kCal,22.5 g,33.6 g,13 g,"[""Segundos"", ""Carne y Aves"", ""La Cocina de Lidl""]"
Cubitos de sushi,https://recetas.lidl.es/recetas/cubitos-de-sushi,3,"[""1 taza arroz redondo"", ""1 taza agua"", ""2 cucharadas vinagre de manzana"", ""1 cucharada az\u00facar"", ""0.5 cucharadita sal""]",363 kCal,59 g,11 g,9 g,"[""Aperitivos"", ""Primeros"", ""Arroz, Legumbres y Cereales"", ""Regiones de Espa\u00f1a"", ""Canarias""]"
Pizza estilo BBQ,https://recetas.lidl.es/recetas/pizza-estilo-bbq,8,"[""1 ud diente de ajo"", ""1 ud cebolla dulce"", ""400 g aceite de oliva virgen extra"", ""80 ml picada de vacuno"", ""250 g salsa barbacoa"", ""1 ud tomate frito"", ""0.5 ud or\u00e9gano""]",301 kCal,31.8 g,14.3 g,11.7 g,"[""Primeros"", ""Segundos"", ""Pasta y Pizza"", ""Recetas del Mundo"", ""USA""]"
Fajitas de verduras,https://recetas.lidl.es/recetas/fajitas-de-verduras,4,"[""4 uds tortillas de trigo"", ""2 uds zanahorias"", ""1 ud pimiento rojo"", ""1 ud pimiento verde"", ""1 ud cebolla"", ""50 g ma\u00edz dulce"", ""20 g aceitunas negras"", ""20 g aceitunas"", ""1 ud tomate"", ""1 ud yogur griego""]",295 kCal,45.1 g,8.2 g,9 g,"[""Primeros"", ""Segundos"", ""Fruta y Verdura"", ""Recetas para ni\u00f1os a partir de 3 a\u00f1os""]"
Coca de San Juan en panificadora,https://recetas.lidl.es/recetas/coca-de-san-juan-en-panificadora,8,"[""3 uds yema de huevo"", ""40 g az\u00facar"", ""20 g harina de ma\u00edz"", ""250 ml leche fresca entera ecol\u00f3gica"", ""16 g az\u00facar avainillado""]",323 kCal,43.1 g,10.1 g,11.7 g,"[""Postres"", ""Postres y Dulces"", ""Panificadora""]"
Lasaña con verduras,https://recetas.lidl.es/recetas/lasana-con-verduras,8,"[""1 ud berenjena"", ""1 ud cebolla"", ""1 ud calabac\u00edn"", ""200 g champi\u00f1ones"", ""300 g pechugas de pollo"", ""500 g salsa de tomate""]",297 kCal,34.3 g,21.6 g,11.9 g,"[""Primeros"", ""Fruta y Verdura"", ""La Cocina de Lidl""]"
Sopa picante de lentejas,https://recetas.lidl.es/recetas/sopa-picante-de-lentejas,4,"[""200 g lentejas"", ""1 ud aceite de oliva virgen extra"", ""2 uds cebollas"", ""2 uds pimiento rojo"", ""300 g zanahorias"", ""700 ml patatas"", ""50 g tomate triturado"", ""80 g especias orientales""]",258 kCal,34.2 g,9 g,8 g,"[""Primeros"", ""Sopas y Cremas"", ""Vegetariana"", ""Recetas del Mundo"", ""Oriente""]"
Gnocchi con queso,https://recetas.lidl.es/recetas/gnocchi-con-queso,2,"[""150 g bacon"", ""300 ml aceite de oliva virgen extra"", ""100 g nata para cocinar"", ""500 g queso mezcla rallado""]",1086 kCal,97.2 g,39.6 g,58.9 g,"[""Primeros"", ""Pasta y Pizza"", ""La Cocina de Lidl""]"
Nidos de calabacín,https://recetas.lidl.es/recetas/nidos-de-calabacin,2,"[""1 ud calabac\u00edn"", ""1 ud zanahoria"", ""75 g mozzarella"", ""6 uds pimienta negra""]",298 kCal,8 g,16.4 g,22.4 g,"[""Aperitivos"", ""Primeros"", ""Fruta y Verdura"", ""Vegetariana""]"
Smash burger,https://recetas.lidl.es/recetas/smash-burger,2,"[""200 g queso cheddar"", ""20 g maicena"", ""30 ml agua"", ""350 ml nata para cocinar"", ""1 g piment\u00f3n""]",1641 kCal,73.8 g,69.7 g,111.4 g,"[""Segundos"", ""Carne y Aves"", ""La Cocina de Lidl""]"
Fideos chow mein con tofu,https://recetas.lidl.es/recetas/fideos-chow-mein-con-tofu,4,"[""250 g fideos chow mein"", ""300 g sal"", ""2 uds aceite de girasol"", ""1 ud tofu"", ""1 ud dientes de ajo"", ""1 ud cebolla"", ""1 ud zanahoria"", ""2 g pimiento rojo"", ""30 ml pimiento verde"", ""2 g jengibre""]",398 kCal,60.3 g,12 g,9.1 g,"[""Primeros"", ""Fruta y Verdura"", ""Vegana"", ""Vegetariana"", ""Recetas del Mundo"", ""Asia""]"
Bruschetta de pollo,https://recetas.lidl.es/recetas/bruschetta-de-pollo,2,"[""20 g r\u00facula"", ""40 g nueces"", ""20 g queso grana padano"", ""1 ud diente de ajo""]",578 kCal,7.3 g,64 g,47.3 g,"[""Segundos"", ""Carne y Aves"", ""La Cocina de Lidl""]"
2 ideas por menos de dos euros por receta,https://recetas.lidl.es/recetas/2-ideas-por-menos-de-dos-euros-por-receta,2,"[""150 g seta ostra"", ""200 g arroz"", ""50 g queso mezcla rallado"", ""40 g queso mezcla (cu\u00f1a curado)"", ""1 ud pastilla de caldo de verduras"", ""800 ml agua"", ""0.5 aceite de oliva virgen extra""]",1060 kCal,103.7 g,35.4 g,56.1 g,"[""Primeros"", ""Arroz, Legumbres y Cereales"", ""Fruta y Verdura"", ""La Cocina de Lidl""]"
Mini hamburguesas de garbanzos con ensalada,https://recetas.lidl.es/recetas/mini-hamburguesas-de-garbanzos-con-ensalada,8,"[""100 g garbanzos"", ""100 g copos de avena"", ""1 ud zanahoria"", ""2 uds dientes de ajo"", ""1 cucharadita comino"", ""1 ud huevo"", ""100 g pan rallado"", ""90 g aceite de oliva virgen extra"", ""10 uds espinacas"", ""50 g fresas""]",151 kCal,20.5 g,5.8 g,5.1 g,"[""Segundos"", ""Arroz, Legumbres y Cereales"", ""Recetas para ni\u00f1os a partir de 2 a\u00f1os""]"
Crema de setas y anacardos,https://recetas.lidl.es/recetas/crema-de-setas-y-anacardos,4,"[""200 g champi\u00f1ones"", ""200 g champi\u00f1\u00f3n portobello"", ""1 ud cebolla"", ""2 uds dientes de ajo"", ""800 ml aceite de oliva virgen extra"", ""100 g caldo de verduras""]",232 kCal,14.7 g,7.7 g,16.6 g,"[""Primeros"", ""Sopas y Cremas"", ""Vegana"", ""Vegetariana""]"
Bolitas de queso fresco y pistachos,https://recetas.lidl.es/recetas/bolitas-de-queso-fresco-y-pistachos,6,"[""400 g queso fresco mezcla (producto canario)"", ""100 g queso de untar"", ""30 g albahaca"", ""60 g ar\u00e1ndanos azules deshidratados"", ""60 g cebolla frita"", ""30 g pistachos""]",332 kCal,14 g,17 g,23 g,"[""Aperitivos"", ""L\u00e1cteos y Huevos"", ""Regiones de Espa\u00f1a"", ""Canarias""]"
Mousse de plátano y gofio,https://recetas.lidl.es/recetas/mousse-de-platano-y-gofio,6,"[""3 uds pl\u00e1tano (producto canario)"", ""3 cucharadas gofio canario"", ""300 ml nata para montar"", ""1 cucharada leche condensada"", ""0.5 ud lim\u00f3n""]",304 kCal,28 g,4 g,19 g,"[""Postres"", ""Postres y Dulces"", ""Regiones de Espa\u00f1a"", ""Canarias""]"
Jamoncitos de pollo en salsa de almendras,https://recetas.lidl.es/recetas/jamoncitos-de-pollo-en-salsa-de-almendras,3,"[""6 uds jamoncito de pollo (producto canario)"", ""100 g almendras"", ""6 uds dientes de ajo"", ""6 ramas perejil"", ""2 uds tomate (producto canario)"", ""0.5 vaso vino blanco"", ""2 cucharadas mojo rojo suave canario"", ""2 vasos sal""]",569 kCal,6 g,34 g,44 g,"[""Segundos"", ""Carne y Aves"", ""Regiones de Espa\u00f1a"", ""Canarias""]"
Dorada encebollada al estilo canario,https://recetas.lidl.es/recetas/dorada-encebollada-al-estilo-canario,3,"[""600 g Dorada (producto canario)"", ""2 uds Cebolla (producto canario)"", ""150 g pimiento rojo (producto canario)"", ""150 g pimiento verde (producto canario)"", ""1 hoja laurel"", ""1 cucharadita tomillo"", ""4 cucharadas tomate triturado"", ""0.5 vaso vino blanco"", ""0.5 vaso caldo de pescado"", ""300 g harina de trigo""]",396 kCal,31 g,41 g,22 g,"[""Segundos"", ""Pescado y Marisco"", ""Regiones de Espa\u00f1a"", ""Canarias""]"
Salmorejo,https://recetas.lidl.es/recetas/salmorejo,4,"[""1 kg tomate"", ""250 g panes"", ""1 ud diente de ajo""]",N/A,N/A,N/A,N/A,"[""Primeros"", ""Segundos"", ""Sopas y Cremas"", ""Verano""]"
Merluza al horno,https://recetas.lidl.es/recetas/merluza-al-horno,4,"[""500 g merluza"", ""4 uds patatas"", ""1 ud cebolla"", ""2 uds dientes de ajo"", ""90 ml aceite de oliva virgen extra""]",136 kCal,19.6 g,20.5 g,2.7 g,"[""Segundos"", ""Pescado y Marisco""]"
Risotto al azafrán,https://recetas.lidl.es/recetas/risotto-al-azafran,2,"[""80 g queso parmesano""]",1095 kCal,145 g,48.4 g,39.5 g,"[""Primeros"", ""Arroz, Legumbres y Cereales"", ""Vegetariana"", ""Recetas del Mundo"", ""Italia""]"
Flan de naranja,https://recetas.lidl.es/recetas/flan-de-naranja,8,"[""6 uds huevos"", ""3 uds naranjas"", ""420 g leche condensada"", ""18 g harina de ma\u00edz""]",307 kCal,50.6 g,8.8 g,7.7 g,"[""Postres"", ""Postres y Dulces"", ""La Cocina de Lidl""]"
Costillas de cerdo al ajillo,https://recetas.lidl.es/recetas/costillas-de-cerdo-al-ajillo,3,"[""800 g costilla de cerdo (producto canario)"", ""12 uds dientes de ajo"", ""1 hoja laurel"", ""100 ml vino blanco"", ""50 ml aceite de oliva virgen extra"", ""1 ud perejil (producto canario)""]",772 kCal,26 g,33 g,56 g,"[""Segundos"", ""Carne y Aves"", ""Regiones de Espa\u00f1a"", ""Canarias""]"
Milanesa de pollo con patatas y brócoli,https://recetas.lidl.es/recetas/milanesa-de-pollo-con-patatas-y-brocoli,4,"[""400 g pechugas de pollo"", ""150 g jam\u00f3n cocido"", ""1 paquete queso fundido en lonchas"", ""2 uds huevos"", ""150 g pan rallado"", ""2 uds patatas"", ""300 g br\u00f3coli""]",673 kCal,35.7 g,37.8 g,42.1 g,"[""Segundos"", ""Carne y Aves"", ""Recetas para ni\u00f1os a partir de 3 a\u00f1os""]"
Patatas rellenas de atún,https://recetas.lidl.es/recetas/patatas-rellenas-de-atun,3,"[""3 uds patatas"", ""2 uds huevos"", ""160 g at\u00fan"", ""80 g tomate frito"", ""50 g or\u00e9gano""]",348 kCal,41.5 g,26.5 g,10.5 g,"[""Primeros"", ""Aperitivos"", ""Pescado y Marisco"", ""La Cocina de Lidl""]"
"Ensalada de canónigos, langostinos y papaya",https://recetas.lidl.es/recetas/ensalada-de-canonigos-langostinos-y-papaya,2,"[""70 g can\u00f3nigos"", ""1 ud tomate (producto canario)"", ""0.5 ud aguacate (producto canario)"", ""200 g langostinos"", ""250 g papaya (producto canario)"", ""0.5 ud cebolla morada"", ""0.5 ud lim\u00f3n"", ""2 cucharadas aceite de oliva virgen extra""]",356 kCal,15 g,25 g,20 g,"[""Primeros"", ""Fruta y Verdura"", ""Regiones de Espa\u00f1a"", ""Canarias""]"
Espinacas gratinadas,https://recetas.lidl.es/recetas/espinacas-gratinadas,4,"[""60 g mantequilla"", ""60 g harina de trigo"", ""800 ml leche fresca de pastoreo entera""]",238 kCal,20.9 g,10.4 g,10.8 g,"[""Primeros"", ""Segundos"", ""Fruta y Verdura"", ""Vegetariana""]"
Trenza de hojaldre salada,https://recetas.lidl.es/recetas/trenza-de-hojaldre-salada,6,"[""1 ud hojaldre"", ""0.5 ud calabac\u00edn"", ""1 ud pimiento verde"", ""150 g champi\u00f1ones"", ""50 g or\u00e9gano"", ""140 g pimienta blanca"", ""1 ud sal""]",266 kCal,21.1 g,8.9 g,15.4 g,"[""Primeros"", ""Segundos"", ""Fruta y Verdura"", ""La Cocina de Lidl""]"
Cheesecake de galletas Neo,https://recetas.lidl.es/recetas/cheesecake-de-galletas-neo,8,"[""150 g galletas de chocolate"", ""50 g mantequilla""]",669 kCal,40 g,17 g,49 g,"[""Postres"", ""Postres y Dulces"", ""Regiones de Espa\u00f1a"", ""Canarias""]"
Lemon pie,https://recetas.lidl.es/recetas/lemon-pie,8,"[""250 g harina de trigo"", ""125 g mantequilla"", ""1 ud huevo""]",523 kCal,65.4 g,7 g,25.4 g,"[""Postres"", ""Postres y Dulces"", ""Cumplea\u00f1os""]"
Parrillada de carne en barbacoa,https://recetas.lidl.es/recetas/parrillada-de-carne-en-barbacoa,4,"[""2 uds solomillos de cerdo"", ""4 uds longaniza"", ""2 uds pechugas de pollo"", ""1 paquete pimiento tricolor"", ""1 ud cebolla morada""]",1037 kCal,46.7 g,57.3 g,66.9 g,"[""Segundos"", ""Carne y Aves"", ""La Cocina de Lidl"", ""Barbacoa""]"
Tarta de galletas proteica,https://recetas.lidl.es/recetas/tarta-de-galletas-proteica,9,"[""4 uds natillas de vainilla altas en prote\u00edna"", ""200 g galletas"", ""100 ml bebida de soja"", ""1 ud natillas de chocolate altas en prote\u00edna"", ""0.5 ud mousse de vainilla"", ""0.5 ud mousse de chocolate"", ""0.5 ud barrita de chocolate y leche""]",188 kCal,22 g,11 g,6 g,"[""Postres"", ""Postres y Dulces"", ""Regiones de Espa\u00f1a"", ""Canarias""]"
Lomo de cerdo adobado con milhojas de papa,https://recetas.lidl.es/recetas/lomo-de-cerdo-adobado-con-milhojas-de-papa,4,"[""500 g lomos de cerdo adobado"", ""400 g papas"", ""30 g queso"", ""30 g reques\u00f3n canario""]",307 kCal,17 g,31 g,12 g,"[""Segundos"", ""Carne y Aves"", ""Regiones de Espa\u00f1a"", ""Canarias""]"
Tiras vegetarianas con setas,https://recetas.lidl.es/recetas/tiras-vegetarianas-con-setas,4,"[""600 g patatas"", ""20 g mantequilla con sal"", ""100 ml leche fresca de pastoreo entera""]",427 kCal,41.4 g,20.6 g,19 g,"[""Primeros"", ""Segundos"", ""Fruta y Verdura"", ""Vegetariana""]"
Paella de marisco,https://recetas.lidl.es/recetas/paella-de-marisco,6,"[""500 g Preparado de marisco para paella"", ""200 g calamares troceados"", ""200 g aceite de oliva virgen extra"", ""300 g tomates"", ""800 ml pulpa de pimiento choricero""]",284 kCal,43.2 g,17.5 g,7 g,"[""Segundos"", ""Primeros"", ""Arroz, Legumbres y Cereales"", ""La Cocina de Lidl""]"
Pan en panificadora,https://recetas.lidl.es/recetas/pan-en-panificadora,8,"[""600 g harina de fuerza"", ""10 g levadura fresca"", ""30 ml aceite de oliva virgen extra"", ""300 ml agua"", ""12 g sal""]",294 kCal,53.2 g,9.7 g,4.3 g,"[""Desayunos y Meriendas"", ""Pan y Masas"", ""Sin lactosa"", ""Panificadora""]"
Pan relleno de mojo y queso,https://recetas.lidl.es/recetas/pan-relleno-de-mojo-y-queso,8,"[""1 ud barra de pan"", ""2 cucharadas mojo rojo suave canario"", ""60 g mantequilla"", ""80 g queso semicurado al piment\u00f3n (producto canario)"", ""80 g queso brie"", ""50 g queso cheddar""]",329 kCal,27 g,10 g,20 g,"[""Aperitivos"", ""Primeros"", ""Segundos"", ""Pan y Masas"", ""Regiones de Espa\u00f1a"", ""Canarias""]"
Quiche de brócoli,https://recetas.lidl.es/recetas/quiche-de-brocoli,8,"[""1 ud masa quebrada"", ""1 ud cebolla"", ""150 g jam\u00f3n serrano"", ""4 uds huevos"", ""250 ml nata para cocinar"", ""150 g queso cheddar""]",382 kCal,19.9 g,17.5 g,25.5 g,"[""Primeros"", ""Segundos"", ""Fruta y Verdura""]"
Albóndigas en salsa de almendras,https://recetas.lidl.es/recetas/albondigas-en-salsa-de-almendras,4,"[""500 g alb\u00f3ndigas"", ""30 ml aceite de oliva virgen extra""]",589 kCal,7 g,28.8 g,46.5 g,"[""Segundos"", ""Carne y Aves"", ""La Cocina de Lidl""]"
Flan de huevo,https://recetas.lidl.es/recetas/flan-de-huevo,6,"[""100 g az\u00facar"", ""1 cucharada agua""]",N/A,N/A,N/A,N/A,"[""Postres"", ""Postres y Dulces""]"
Buñuelos de viento,https://recetas.lidl.es/recetas/bunuelos-de-viento,8,"[""150 g harina de trigo"", ""2 g levadura en polvo"", ""100 ml leche entera"", ""150 ml agua"", ""50 g mantequilla sin sal"", ""25 g az\u00facar"", ""3 uds sal""]",171 kCal,18.5 g,4.4 g,8.5 g,"[""Desayunos y Meriendas"", ""Postres y Dulces"", ""Vegetariana"", ""Pascua""]"
Patatas viudas,https://recetas.lidl.es/recetas/patatas-viudas,4,"[""800 g patatas"", ""2 uds dientes de ajo"", ""1 ud cebolla"", ""500 ml caldo de verduras"", ""1 hoja piment\u00f3n""]",193 kCal,33.1 g,3.6 g,5.38 g,"[""Primeros"", ""Fruta y Verdura"", ""Pascua""]"
Couscous con gallineta,https://recetas.lidl.es/recetas/couscous-con-gallineta,4,"[""300 g couscous"", ""300 g caldo de verduras"", ""250 g aceite de oliva virgen extra"", ""150 g pimiento tricolor"", ""1 ud calabacines"", ""0.5 ud zanahoria""]",466 kCal,63.1 g,24.4 g,13.1 g,"[""Segundos"", ""Pescado y Marisco"", ""Sin gluten"", ""La Cocina de Lidl""]"
Torta de Vilana,https://recetas.lidl.es/recetas/torta-de-vilana,10,"[""4 uds huevos"", ""500 g batatas"", ""200 g az\u00facar"", ""150 g almendras"", ""100 g uvas"", ""150 g harina de trigo"", ""125 g ralladura de lim\u00f3n""]",425 kCal,49 g,8 g,21 g,"[""Postres"", ""Postres y Dulces"", ""Regiones de Espa\u00f1a"", ""Canarias""]"
Canelones de merluza con tomate,https://recetas.lidl.es/recetas/canelones-de-merluza-con-tomate,6,"[""3 uds zanahorias"", ""1 ud puerro"", ""2 uds cebollas"", ""100 g tomate frito"", ""4 trozos merluza"", ""60 g queso emmental"", ""1 paquete lasa\u00f1a"", ""350 g coliflor"", ""1 ud cebolla"", ""250 ml leche entera""]",305 kCal,30 g,20 g,11 g,"[""Primeros"", ""Segundos"", ""Pescado y Marisco"", ""Recetas para ni\u00f1os a partir de 3 a\u00f1os""]"
Salmón a la toscana,https://recetas.lidl.es/recetas/salmon-a-la-toscana,2,"[""300 g salm\u00f3n"", ""1 ud cebolla"", ""2 uds dientes de ajo"", ""10 g mantequilla con sal"", ""100 g pimientos rojos"", ""80 g tomates cherry"", ""80 g espinaca baby"", ""300 ml nata para cocinar"", ""60 g queso grana padano""]",1110 kCal,77.5 g,55.9 g,62.6 g,"[""Segundos"", ""Pescado y Marisco"", ""Sin gluten"", ""La Cocina de Lidl""]"
Secreto de cerdo en salsa,https://recetas.lidl.es/recetas/secreto-de-cerdo-en-salsa,4,"[""600 g secreto de cerdo"", ""1 ud sal"", ""2 uds molino de especias"", ""1 ud aceite de oliva virgen extra"", ""2 uds cebolla"", ""150 ml dientes de ajo"", ""500 ml puerro"", ""1 g zanahorias""]",345 kCal,14.7 g,30.6 g,15.8 g,"[""Segundos"", ""Carne y Aves""]"
Cotufas de salmón con salsa de yogur y miel,https://recetas.lidl.es/recetas/cotufas-de-salmon-con-salsa-de-yogur-y-miel,6,"[""400 g salm\u00f3n"", ""1 ud huevo"", ""60 g cereales""]",214 kCal,12 g,17 g,11 g,"[""Aperitivos"", ""Guarniciones"", ""Pescado y Marisco"", ""Regiones de Espa\u00f1a"", ""Canarias""]"
Tempura de verduras,https://recetas.lidl.es/recetas/tempura-de-verduras,4,"[""1 ud berenjena"", ""1 ud calabac\u00edn"", ""1 ud zanahoria"", ""1 ud pimiento rojo"", ""1 ud pimiento verde"", ""1 ud aguacate"", ""1 ud br\u00f3coli"", ""1 pu\u00f1ado jud\u00eda verde""]",212 kCal,35.2 g,6 g,6.4 g,"[""Aperitivos"", ""Primeros"", ""Fruta y Verdura"", ""La Cocina de Lidl"", ""Freidora de aire""]"
Pasta con verduras,https://recetas.lidl.es/recetas/pasta-con-verduras,4,"[""200 g br\u00f3coli"", ""150 g esparragos"", ""800 ml agua""]",344 kCal,60.7 g,13 g,4.2 g,"[""Primeros"", ""Pasta y Pizza"", ""Vegana"", ""Vegetariana"", ""La Cocina de Lidl"", ""Monsieur Cuisine""]"
Churros de bacalao,https://recetas.lidl.es/recetas/churros-de-bacalao,4,"[""800 g filetes de bacalao"", ""1 lata cerveza"", ""3 uds dientes de ajo"", ""0.5 cucharadita sal"", ""350 g perejil""]",588 kCal,58 g,44 g,17 g,"[""Segundos"", ""Pescado y Marisco"", ""Regiones de Espa\u00f1a"", ""Canarias""]"
Hamburguesa con queso,https://recetas.lidl.es/recetas/hamburguesa-con-queso,2,"[""30 g mayonesa"", ""10 g mostaza de dijon""]",571 kCal,26 g,20.2 g,36.8 g,"[""Primeros"", ""Segundos"", ""Carne y Aves""]"
Tortellini con pesto de brócoli,https://recetas.lidl.es/recetas/tortellini-con-pesto-de-brocoli,2,"[""250 g tortelloni de espinacas y ricota"", ""200 g br\u00f3coli"", ""80 g anacardos"", ""2 uds dientes de ajo"", ""1 cucharada aceite de oliva virgen extra"", ""50 g zumo de lim\u00f3n""]",873 kCal,66.6 g,26.3 g,54.8 g,"[""Primeros"", ""Pasta y Pizza"", ""Vegetariana"", ""La Cocina de Lidl""]"
Cordon bleu de pollo con salsa de setas,https://recetas.lidl.es/recetas/cordon-bleu-de-pollo-con-salsa-de-setas,3,"[""6 filetes pechugas de pollo"", ""3 lonchas pata asada (producto canario)"", ""30 g queso de cabra tierno ahumado (producto canario)"", ""2 uds huevos"", ""100 g pan rallado"", ""50 g harina de trigo"", ""200 g setas"", ""100 ml nata para cocinar""]",551 kCal,37 g,40 g,27 g,"[""Segundos"", ""Carne y Aves"", ""Regiones de Espa\u00f1a"", ""Canarias""]"
Crema de calabacín,https://recetas.lidl.es/recetas/crema-de-calabacin,6,"[""2 uds calabacines"", ""1 ud cebolla"", ""1 ud patata"", ""150 ml nata para cocinar"", ""500 ml caldo de verduras""]",N/A,N/A,N/A,N/A,"[""Primeros"", ""Primeros"", ""Sopas y Cremas"", ""Sopas y Cremas""]"
Patatas y boniato rellenos de embutido,https://recetas.lidl.es/recetas/patatas-y-boniato-rellenos-de-embutido,2,"[""2 uds patatas"", ""2 uds boniato"", ""2 lonchas jam\u00f3n serrano"", ""2 lonchas jam\u00f3n cocido"", ""4 lonchas queso tierno""]",N/A,N/A,N/A,N/A,"[""Primeros"", ""Segundos"", ""Carne y Aves"", ""Recetas para ni\u00f1os a partir de 2 a\u00f1os""]"
Pizza de 5 quesos,https://recetas.lidl.es/recetas/pizza-de-5-quesos,8,"[""500 g harina de fuerza"", ""280 ml agua"", ""5 g levadura fresca"", ""10 ml sal""]",559 kCal,47.4 g,27.7 g,28.5 g,"[""Primeros"", ""Segundos"", ""Pasta y Pizza"", ""Vegetariana"", ""La Cocina de Lidl"", ""Recetas con embutidos y quesos""]"
Papas rellenas de carne,https://recetas.lidl.es/recetas/papas-rellenas-de-carne,4,"[""300 g carne picada"", ""8 uds papas"", ""1 ud cebolla"", ""1 ud zanahoria"", ""2 uds dientes de ajo"", ""80 g perejil"", ""0.5 vaso aceite de oliva"", ""1 hoja tomate frito"", ""1 ud vino blanco""]",412 kCal,34 g,17 g,22 g,"[""Segundos"", ""Primeros"", ""Carne y Aves"", ""Regiones de Espa\u00f1a"", ""Canarias""]"
Bigoli alle vongole,https://recetas.lidl.es/recetas/bigoli-alle-vongole,2,"[""250 g pasta"", ""2 uds dientes de ajo"", ""200 g almejas"", ""100 ml vino blanco""]",580 kCal,91.9 g,27.2 g,6.7 g,"[""Primeros"", ""Pasta y Pizza"", ""Recetas del Mundo"", ""Italia""]"
Tortilla de queso con embutidos,https://recetas.lidl.es/recetas/tortilla-de-queso-con-embutidos,4,"[""8 uds huevos"", ""120 g pimienta negra""]",594 kCal,8.7 g,40 g,43.6 g,"[""Primeros"", ""Segundos"", ""L\u00e1cteos y Huevos"", ""La Cocina de Lidl""]"
Cena romántica para dos,https://recetas.lidl.es/recetas/cena-romantica-para-dos,2,"[""160 g pasta tagliatelle"", ""1 ud beterrada"", ""1 ud yogur de cabra"", ""30 g queso feta"", ""7 g ralladura de lim\u00f3n"", ""120 g ma\u00edz frito"", ""15 g pimienta negra"", ""1 ud sal""]",584 kCal,88 g,18 g,17 g,"[""Primeros"", ""Postres"", ""Pasta y Pizza"", ""Regiones de Espa\u00f1a"", ""Canarias""]"
Pastel de calabacín y queso,https://recetas.lidl.es/recetas/pastel-de-calabacin-y-queso,8,"[""800 g calabacines"", ""1 ud diente de ajo"", ""1 ud cebolla"", ""80 g bacon"", ""6 uds huevos"", ""140 g queso cheddar""]",189 kCal,5.2 g,12 g,13.6 g,"[""Primeros"", ""Segundos"", ""Fruta y Verdura"", ""Sin gluten""]"
Tronco de San Valentín,https://recetas.lidl.es/recetas/tronco-de-san-valentin,8,"[""5 uds huevos"", ""100 g az\u00facar"", ""100 g harina de trigo"", ""15 g miel""]",312 kCal,34.3 g,5.9 g,16.5 g,"[""Postres"", ""Postres y Dulces"", ""Vegetariana"", ""San Valent\u00edn""]"
Rollitos de canela en freidora de aire,https://recetas.lidl.es/recetas/rollitos-de-canela-en-freidora-de-aire,12,"[""1 ud masa de hojaldre"", ""75 g mantequilla sin sal"", ""50 g az\u00facar moreno"", ""5 g canela molida""]",N/A,N/A,N/A,N/A,"[""Postres"", ""Postres y Dulces"", ""La Cocina de Lidl"", ""Freidora de aire""]"
Coulant de chocolate en freidora de aire,https://recetas.lidl.es/recetas/coulant-de-chocolate-en-freidora-de-aire,6,"[""100 g chocolate negro"", ""65 g mantequilla sin sal"", ""3 uds huevos"", ""65 g az\u00facar moreno"", ""45 g harina de trigo"", ""20 g sal""]",N/A,N/A,N/A,N/A,"[""Postres"", ""Postres y Dulces"", ""La Cocina de Lidl"", ""Freidora de aire""]"
2 postres en freidora de aire,https://recetas.lidl.es/recetas/2-postres-en-freidora-de-aire,6,"[""100 g chocolate negro"", ""65 g mantequilla sin sal"", ""3 uds huevos"", ""65 g az\u00facar moreno"", ""45 g harina de trigo"", ""20 g sal""]",N/A,N/A,N/A,N/A,"[""Postres"", ""Postres y Dulces"", ""La Cocina de Lidl"", ""Freidora de aire""]"
Hot dog con coleslaw,https://recetas.lidl.es/recetas/hot-dog-con-coleslaw,4,"[""4 uds panes de hot dog"", ""0.5 ud cebolla roja"", ""60 g pepinillos"", ""4 uds salchichas"", ""4 lonchas queso fundido en lonchas"", ""160 g ensalada de col""]",459 kCal,31.7 g,6.3 g,27.9 g,"[""Segundos"", ""Carne y Aves"", ""Recetas del Mundo"", ""USA""]"
Brownie de limón sin gluten y sin lactosa,https://recetas.lidl.es/recetas/brownie-de-limon-sin-gluten-y-sin-lactosa,6,"[""3 uds huevos"", ""200 g harina de ma\u00edz"", ""1 ud lim\u00f3n"", ""180 g margarina"", ""120 g az\u00facar""]",585 kCal,76 g,6 g,28 g,"[""Postres"", ""Desayunos y Meriendas"", ""Postres y Dulces"", ""Regiones de Espa\u00f1a"", ""Canarias""]"
Leche frita,https://recetas.lidl.es/recetas/leche-frita,8,"[""700 ml leche semidesnatada"", ""1 palito canela"", ""1 c\u00e1scara lim\u00f3n"", ""1 c\u00e1scara naranja"", ""80 g harina de ma\u00edz"", ""60 g az\u00facar"", ""50 g harina de trigo"", ""3 uds huevos""]",221 kCal,21.6 g,2.9 g,13.4 g,"[""Postres"", ""Postres y Dulces"", ""La Cocina de Lidl""]"
Pizza sin gluten con harina de garbanzo,https://recetas.lidl.es/recetas/pizza-sin-gluten-con-harina-de-garbanzo,2,"[""100 g harina de garbanzo"", ""100 ml agua"", ""2 cucharadas sal"", ""3 lonchas aceite de oliva"", ""30 g tomate frito"", ""20 g queso sin lactosa"", ""15 g champi\u00f1ones"", ""2 g chorizo""]",346 kCal,27 g,19 g,16 g,"[""Primeros"", ""Segundos"", ""Pasta y Pizza"", ""Regiones de Espa\u00f1a"", ""Canarias""]"
Bizcocho de yogur,https://recetas.lidl.es/recetas/bizcocho-de-yogur,6,"[""1 ud yogur de lim\u00f3n"", ""125 ml aceite de girasol"", ""250 g az\u00facar"", ""375 g harina para bizcochos con levadura"", ""3 uds huevos""]",N/A,N/A,N/A,N/A,"[""Desayunos y Meriendas"", ""Postres"", ""Postres y Dulces"", ""D\u00eda de la Madre"", ""D\u00eda del Padre"", ""Cumplea\u00f1os""]"
Bowl de alubias,https://recetas.lidl.es/recetas/bowl-de-alubias,4,"[""4 uds huevos"", ""200 g pechuga de pavo"", ""1 ud mazorca de ma\u00edz"", ""2 uds aguacates"", ""120 g tomates cherry"", ""1 ud pepino"", ""240 g alubias blancas"", ""80 g anacardos"", ""80 g aceitunas"", ""160 g queso mezcla (cu\u00f1a curado)""]",N/A,N/A,N/A,N/A,"[""Primeros"", ""Segundos"", ""Arroz, Legumbres y Cereales"", ""La Cocina de Lidl"", ""Batch cooking""]"
Salteado de verduras con vegan burger,https://recetas.lidl.es/recetas/salteado-de-verduras-con-vegan-burger,4,"[""100 g edamame"", ""1 ud cebolla"", ""2 uds dientes de ajo"", ""2 uds zanahorias"", ""1 ud pimiento rojo"", ""200 g br\u00f3coli"", ""1 ud calabac\u00edn"", ""4 uds aceite de oliva virgen extra""]",N/A,N/A,N/A,N/A,"[""Primeros"", ""Segundos"", ""Fruta y Verdura"", ""La Cocina de Lidl"", ""Batch cooking""]"
Pavo con ensalada de alubias,https://recetas.lidl.es/recetas/pavo-con-ensalada-de-alubias,4,"[""100 g edamame"", ""240 g alubias blancas"", ""80 g tomates cherry"", ""1 ud pimiento rojo"", ""600 g r\u00facula""]",N/A,N/A,N/A,N/A,"[""Primeros"", ""Segundos"", ""Carne y Aves"", ""Arroz, Legumbres y Cereales"", ""La Cocina de Lidl"", ""Batch cooking""]"
Arroz salteado con lomo de cerdo y brócoli,https://recetas.lidl.es/recetas/arroz-salteado-con-lomo-de-cerdo-y-brocoli,4,"[""200 g arroz integral"", ""2 uds aceite de oliva virgen extra"", ""400 ml dientes de ajo"", ""1 ud sal"", ""200 g agua"", ""250 g cebolla"", ""1 ud br\u00f3coli"", ""30 ml filetes de lomo""]",N/A,N/A,N/A,N/A,"[""Primeros"", ""Segundos"", ""Carne y Aves"", ""La Cocina de Lidl"", ""Batch cooking""]"
Crema de maíz y anacardo con tofu salteado,https://recetas.lidl.es/recetas/crema-de-maiz-y-anacardo-con-tofu-salteado,4,"[""120 g anacardos"", ""2 uds mazorca de ma\u00edz"", ""1 ud cebolla"", ""600 ml aceite de oliva virgen extra"", ""200 g agua""]",N/A,N/A,N/A,N/A,"[""Primeros"", ""Sopas y Cremas"", ""La Cocina de Lidl"", ""Batch cooking""]"
Sándwich de falafel y hummus,https://recetas.lidl.es/recetas/sandwich-de-falafel-y-hummus,3,"[""120 g falafel"", ""3 uds panecillo de centeno"", ""100 g hummus"", ""15 g brotes tiernos (producto canario)"", ""40 g tomate de ensalada (producto canario)"", ""1 ud rabano"", ""1 g cilantro (producto canario)"", ""1 rodaja pi\u00f1a en su jugo""]",410 kCal,59 g,15 g,11 g,"[""Primeros"", ""Segundos"", ""Arroz, Legumbres y Cereales"", ""Pan y Masas"", ""Regiones de Espa\u00f1a"", ""Canarias""]"
Canelones de berenjena rellenos de pollo asado,https://recetas.lidl.es/recetas/canelones-de-berenjena-rellenos-de-pollo-asado,3,"[""250 g pollo"", ""500 g berenjenas"", ""1 diente ajo"", ""1 ud cebolla dulce"", ""200 g tomate frito"", ""40 g reques\u00f3n canario"", ""50 g mozzarella"", ""20 g mojo rojo suave canario"", ""2 cucharadas albahaca (producto canario)""]",409 kCal,17 g,29 g,24 g,"[""Primeros"", ""Segundos"", ""Carne y Aves"", ""Regiones de Espa\u00f1a"", ""Canarias""]"
Dúo de empanadillas,https://recetas.lidl.es/recetas/duo-de-empanadillas,8,"[""2 paquetes empanadillas"", ""2 uds huevos"", ""1 ud cebolla"", ""1 ud pimiento verde"", ""2 uds tomates"", ""1 lata at\u00fan""]",422 kCal,34.8 g,15.8 g,24.4 g,"[""Aperitivos"", ""Primeros"", ""Segundos"", ""Pan y Masas"", ""Recetas para ni\u00f1os a partir de 2 a\u00f1os""]"
Smoothie bowl XXL,https://recetas.lidl.es/recetas/smoothie-bowl-xxl,6,"[""4 uds pl\u00e1tano (producto canario)"", ""2 uds caqui"", ""2 cucharadas yogur griego"", ""6 uds pl\u00e1tano (producto canario)"", ""6 uds ar\u00e1ndanos"", ""1 ud frambuesas""]",138 kCal,26 g,2 g,2 g,"[""Postres"", ""Desayunos y Meriendas"", ""Bebidas"", ""Postres y Dulces"", ""Regiones de Espa\u00f1a"", ""Canarias""]"
Pollo al ajillo,https://recetas.lidl.es/recetas/pollo-al-ajillo,4,"[""1 cabeza aceite de oliva virgen extra"", ""1.5 kg ajo"", ""15 g pechugas de pollo"", ""200 ml pimienta negra"", ""500 ml harina de trigo""]",827 kCal,5.5 g,11.9 g,32 g,"[""Segundos"", ""Carne y Aves"", ""Sin lactosa"", ""La Cocina de Lidl""]"
Tallarines de calamar con duxelle de portobello,https://recetas.lidl.es/recetas/tallarines-de-calamar-con-duxelle-de-portobello,4,"[""600 g calamares patag\u00f3nico"", ""250 ml fumet de pescado"", ""20 ml salsa de soja""]",262 kCal,9.5 g,26.4 g,13.8 g,"[""Primeros"", ""Segundos"", ""Pescado y Marisco"", ""Sin gluten"", ""Navidad"", ""La Cocina de Lidl""]"
Mousse de chocolate con cava y frambuesas,https://recetas.lidl.es/recetas/mousse-de-chocolate-con-cava-y-frambuesas,6,"[""400 ml cava"", ""9 hojas gelatina"", ""80 g az\u00facar"", ""120 g frambuesas""]",607 kCal,45.8 g,8.4 g,607 g,"[""Postres"", ""Postres y Dulces"", ""Navidad""]"
Sopa con espirales de verduras,https://recetas.lidl.es/recetas/sopa-con-espirales-de-verduras,4,"[""300 g calabac\u00edn (producto canario)"", ""200 g zanahoria (producto canario)"", ""200 g calabaza (producto canario)"", ""1 ud puerro (producto canario)"", ""100 g champi\u00f1ones"", ""5 g jengibre"", ""1 ud diente de ajo"", ""1 cucharada salsa de soja"", ""1 cucharada aceite de oliva"", ""2 uds huevos""]",123 kCal,10 g,7 g,6 g,"[""Primeros"", ""Sopas y Cremas"", ""Regiones de Espa\u00f1a"", ""Canarias""]"
Milhojas de rape con crema de papa,https://recetas.lidl.es/recetas/milhojas-de-rape-con-crema-de-papa,4,"[""700 g rape"", ""1 l\u00e1mina hojaldre"", ""20 g pi\u00f1ones"", ""40 g aceite de oliva"", ""1 ud patata"", ""1 ud papaya (producto canario)"", ""40 g pesto de alcachofa y trufa""]",568 kCal,35 g,23 g,37 g,"[""Aperitivos"", ""Primeros"", ""Pescado y Marisco"", ""Regiones de Espa\u00f1a"", ""Canarias""]"
Peceto de novillo con salsa al whisky y manzana asada,https://recetas.lidl.es/recetas/peceto-de-novillo-con-salsa-al-whisky-y-manzana-asada,10,"[""2.5 kg peceto de novillo"", ""110 g mantequilla"", ""200 ml wishky"", ""1 cucharadita harina de ma\u00edz"", ""3 uds manzanas golden"", ""3 uds manzana gala"", ""2 cucharadas az\u00facar""]",455 kCal,12 g,51 g,17 g,"[""Segundos"", ""Carne y Aves"", ""Regiones de Espa\u00f1a"", ""Canarias""]"
Figuritas de mazapán casero,https://recetas.lidl.es/recetas/figuritas-de-mazapan-casero,8,"[""175 g az\u00facar"", ""175 g almendras"", ""1 ud huevo""]",223 kCal,22.5 g,5.2 g,12.4 g,"[""Postres"", ""Postres y Dulces"", ""Recetas para ni\u00f1os a partir de 3 a\u00f1os""]"
Vasitos de piña y nata,https://recetas.lidl.es/recetas/vasitos-de-pina-y-nata,4,"[""2 latas pi\u00f1a en su jugo"", ""1 lata crema de batir"", ""150 g leche condensada"", ""120 g bocaditos"", ""30 g estrellas de avellana y almendra""]",484 kCal,51 g,7 g,28 g,"[""Postres"", ""Desayunos y Meriendas"", ""Postres y Dulces"", ""Regiones de Espa\u00f1a"", ""Canarias""]"
Tronco de turrón y chocolate,https://recetas.lidl.es/recetas/tronco-de-turron-y-chocolate,10,"[""4 uds huevos"", ""80 g az\u00facar"", ""75 g harina de trigo"", ""10 g cacao puro en polvo""]",515 kCal,29.1 g,14.5 g,42.6 g,"[""Postres"", ""Postres y Dulces"", ""Navidad""]"
Tabla de picoteo Deluxe,https://recetas.lidl.es/recetas/tabla-de-picoteo-deluxe,8,"[""12 uds mini hojaldre"", ""100 g crema de queso de trufa"", ""50 g jam\u00f3n de pato"", ""50 g tostaditas pasas"", ""1 ud hamburguesa ecol\u00f3gica con queso manchego"", ""50 g confit de higos"", ""1 paquete grat\u00e9n de papa"", ""100 g barritas de pan de romero y tomate"", ""150 g d\u00e1til con bacon"", ""50 g perlitas de salm\u00f3n ahumado"", ""1 ud pat\u00e9 de ciruelas y orejones"", ""1 ud pat\u00e9 de frutos rojos"", ""1 ud queso camembert"", ""200 g aceitunas"", ""15 g pistachos"", ""50 g tomates cherry""]",559 kCal,34 g,19 g,36 g,"[""Aperitivos"", ""Carne y Aves"", ""Regiones de Espa\u00f1a"", ""Canarias""]"
Dos hamburguesas con guarniciones,https://recetas.lidl.es/recetas/dos-hamburguesas-con-guarniciones,4,"[""2 uds hamburguesa de sobrasada BIO"", ""250 g aceite de oliva virgen extra"", ""100 ml patatas duquesa"", ""200 ml caldo de navidad"", ""300 g nata para cocinar"", ""80 g mousse de pato"", ""1 ud habas""]",1054 kCal,56.03 g,58.33 g,73.06 g,"[""Primeros"", ""Segundos"", ""Carne y Aves"", ""Navidad""]"
Aperitivos para fiestas,https://recetas.lidl.es/recetas/aperitivos-para-fiestas,4,"[""1 ud masa de hojaldre"", ""200 g mousse de pato"", ""10 g jam\u00f3n de pato"", ""90 g d\u00e1tiles"", ""40 g nueces (sin c\u00e1scara)""]",727 kCal,41.8 g,24.4 g,51.5 g,"[""Aperitivos"", ""Fruta y Verdura"", ""Navidad""]"
Zarzuela de pescado y marisco,https://recetas.lidl.es/recetas/zarzuela-de-pescado-y-marisco,6,"[""300 g gamb\u00f3n salvaje"", ""150 g langostinos"", ""250 g tellina"", ""300 g filetes de merluza"", ""300 g mejillones"", ""200 g calamares troceados"", ""1 ud cebolla"", ""2 uds dientes de ajo"", ""20 g pulpa de pimiento choricero"", ""200 g tomate triturado"", ""250 ml vino blanco"", ""400 ml caldo de marisco"", ""30 ml aceite de oliva virgen extra""]",329 kCal,9.5 g,37.5 g,19.8 g,"[""Segundos"", ""Pescado y Marisco"", ""Navidad""]"
Gofres de calabacín,https://recetas.lidl.es/recetas/gofres-de-calabacin,4,"[""2 uds calabacines"", ""2 uds huevos"", ""100 g harina de trigo"", ""50 g queso grana padano"", ""8 g levadura en polvo"", ""100 g queso de untar"", ""1 ud aguacate"", ""15 g pi\u00f1ones""]",403 kCal,27.3 g,14.3 g,40.6 g,"[""Primeros"", ""Fruta y Verdura"", ""Vegetariana""]"
Estofado de garbanzos y boniato,https://recetas.lidl.es/recetas/estofado-de-garbanzos-y-boniato,4,"[""0.5 ud pimiento rojo"", ""0.5 ud pimiento verde"", ""1 ud cebolla"", ""1 ud diente de ajo"", ""1 ud boniato"", ""100 g tomate triturado"", ""400 ml sal"", ""200 g pimienta negra"", ""100 g aceite de oliva virgen extra""]",394 kCal,56.4 g,13.1 g,20.7 g,"[""Primeros"", ""Arroz, Legumbres y Cereales"", ""Fruta y Verdura"", ""Vegana"", ""Vegetariana"", ""Sin lactosa"", ""Monsieur Cuisine""]"
Tarta roll de chocolate,https://recetas.lidl.es/recetas/tarta-roll-de-chocolate,8,"[""2 uds masa de pizza"", ""80 g crema de cacao y avellanas"", ""30 g almendras picadas"", ""20 g chips de chocolate"", ""5 g mantequilla""]",432 kCal,61 g,15 g,13 g,"[""Desayunos y Meriendas"", ""Postres"", ""Postres y Dulces"", ""Regiones de Espa\u00f1a"", ""Canarias""]"
Champiñones rellenos de jamón y queso,https://recetas.lidl.es/recetas/champinones-rellenos-de-jamon-y-queso,4,"[""20 uds champi\u00f1ones"", ""150 g jam\u00f3n de pavo"", ""140 g queso gouda"", ""1 ud zanahoria"", ""1 ud calabac\u00edn""]",214 kCal,2.08 g,16.5 g,15.5 g,"[""Aperitivos"", ""Primeros"", ""Segundos"", ""Fruta y Verdura"", ""Sin gluten"", ""Recetas para ni\u00f1os a partir de 2 a\u00f1os""]"
Tortilla de boniato y espinacas,https://recetas.lidl.es/recetas/tortilla-de-boniato-y-espinacas,6,"[""700 g boniato"", ""6 uds huevos"", ""150 g espinacas con pasas y pi\u00f1ones"", ""1 ud cebolla""]",289 kCal,32.29 g,8.34 g,13.93 g,"[""Primeros"", ""Segundos"", ""L\u00e1cteos y Huevos"", ""Vegetariana"", ""Sin lactosa"", ""Sin gluten""]"
Quiche de setas y queso,https://recetas.lidl.es/recetas/quiche-de-setas-y-queso,8,"[""1 paquete masa quebrada"", ""1 ud cebolla"", ""100 g seta ostra"", ""100 g champi\u00f1ones"", ""100 g champi\u00f1\u00f3n portobello"", ""50 g queso de untar"", ""80 g queso mezcla viejo"", ""70 g queso de cabra (en rulo)"", ""350 ml nata para cocinar"", ""4 uds huevos""]",310 kCal,16.3 g,9.4 g,22.9 g,"[""Primeros"", ""Segundos"", ""Pan y Masas"", ""L\u00e1cteos y Huevos"", ""Vegetariana""]"
Crema de lentejas y manzana,https://recetas.lidl.es/recetas/crema-de-lentejas-y-manzana,4,"[""400 g lentejas"", ""1 ud puerro (producto canario)"", ""1 ud cebolla"", ""2 uds zanahoria (producto canario)"", ""1 ud manzana golden"", ""600 ml agua""]",291 kCal,27 g,10 g,14 g,"[""Primeros"", ""Sopas y Cremas"", ""Vegana"", ""Sin gluten"", ""Regiones de Espa\u00f1a"", ""Canarias""]"
Albóndigas de merluza en salsa verde,https://recetas.lidl.es/recetas/albondigas-de-merluza-en-salsa-verde,4,"[""500 g filetes de merluza"", ""80 g pan de molde"", ""50 ml leche fresca de pastoreo entera"", ""1 ud huevo"", ""40 g harina de trigo""]",385 kCal,26.06 g,27.78 g,17.04 g,"[""Segundos"", ""Pescado y Marisco"", ""La Cocina de Lidl""]"
Pastel de patata relleno de pulled pork,https://recetas.lidl.es/recetas/pastel-de-patata-relleno-de-pulled-pork,6,"[""550 pulled pork"", ""50 tomate frito"", ""900 patatas"", ""50 queso fundido light"", ""40 leche fresca de pastoreo entera"", ""5 huevos"", ""30 mantequilla con sal"", ""2 sal""]",581 kCal,54.06 g,34.9 g,25.2 g,"[""Primeros"", ""Segundos"", ""Carne y Aves"", ""Sin gluten"", ""La Cocina de Lidl"", ""Navidad""]"
Guiso de mejillones y merluza,https://recetas.lidl.es/recetas/guiso-de-mejillones-y-merluza,4,"[""400 g mejillones"", ""300 g merluza"", ""200 g champi\u00f1ones"", ""1 ud pimiento rojo (producto canario)"", ""2 uds tomate (producto canario)"", ""1 ud cebolla"", ""2 uds dientes de ajo"", ""500 ml caldo de pescado"", ""1 cucharadita piment\u00f3n dulce""]",200 kCal,8 g,24 g,7 g,"[""Primeros"", ""Segundos"", ""Pescado y Marisco"", ""Sin lactosa"", ""Sin gluten"", ""Regiones de Espa\u00f1a"", ""Canarias""]"
Noodles de arroz con judías verdes,https://recetas.lidl.es/recetas/noodles-de-arroz-con-judias-verdes,4,"[""200 g noodles"", ""150 g jud\u00eda verde"", ""150 g br\u00f3coli"", ""100 g edamame"", ""2 uds cebollas rojas"", ""1 ud diente de ajo""]",417 kCal,61.2 g,9.71 g,15.3 g,"[""Primeros"", ""Segundos"", ""Arroz, Legumbres y Cereales"", ""Fruta y Verdura"", ""Sin gluten"", ""Sin lactosa"", ""Vegana"", ""Vegetariana""]"
Bizcocho de calabaza al microondas para Halloween,https://recetas.lidl.es/recetas/bizcocho-de-calabaza-al-microondas-para-halloween,8,"[""200 g calabaza (producto canario)"", ""300 g harina de trigo"", ""4 uds huevos"", ""300 g az\u00facar"", ""90 g aceite de oliva"", ""1 sobre levadura en polvo"", ""0.5 cucharadita canela"", ""0.5 cucharadita nuez moscada"", ""0.5 cucharadita colorante alimentario""]",657 kCal,92 g,11 g,27 g,"[""Desayunos y Meriendas"", ""Postres"", ""Postres y Dulces"", ""Regiones de Espa\u00f1a"", ""Canarias"", ""Halloween""]"
Arroz caldoso con sepia y gambas,https://recetas.lidl.es/recetas/arroz-caldoso-con-sepia-y-gambas,4,"[""200 g arroz"", ""300 g sepias"", ""200 g gambas"", ""1 ud cebolla"", ""2 uds dientes de ajo"", ""0.5 ud pimiento rojo"", ""250 ml tomate triturado"", ""10000 ml caldo de pescado"", ""80 g azafr\u00e1n""]",375 kCal,50.2 g,18.8 g,8.7 g,"[""Primeros"", ""Segundos"", ""Arroz, Legumbres y Cereales"", ""Pescado y Marisco"", ""Sin gluten"", ""Sin lactosa"", ""La Cocina de Lidl""]"
Crema de mejillones al azafrán,https://recetas.lidl.es/recetas/crema-de-mejillones-al-azafran,4,"[""250 g mejillones"", ""1 ud cebolla"", ""1 ud pimiento rojo"", ""200 ml tomate frito"", ""400 ml nata para cocinar"", ""200 ml caldo de pescado"", ""50 ml vino blanco (de mesa)""]",413 kCal,18.3 g,32.3 g,21.6 g,"[""Primeros"", ""Segundos"", ""Pescado y Marisco"", ""Sopas y Cremas"", ""Sin gluten""]"
Mesa de chuches para Halloween,https://recetas.lidl.es/recetas/mesa-de-chuches-para-halloween,20,"[""0.5 paquete merengue de chocolate"", ""1 bolsa caramelo pintalenguas"", ""1 bolsa caramelo de frutas"", ""1 paquete preparado para bocaditos de pastel helado"", ""1 paquete preparado para cupcakes sabor chicle"", ""0.5 bolsa papas chips sabor queso"", ""1 bolsa papas chips sabor k\u00e9tchup"", ""1 bolsa mini chocolatinas"", ""1 bolsa piruletas de chocolate"", ""1 bolsa caramelos scary mix"", ""0.25 bolsa huesos de golosina"", ""0.25 bolsa dentaduras de golosina"", ""1 paquete galletas con pastillas de colores"", ""1 bolsa bolitas de chocolate con leche"", ""2 bolsas figuritas de chocolate"", ""1 bolsa galleta de chocolate"", ""1 ud calabaza con golosinas"", ""0.5 bolsa murci\u00e9lagos de chocolate""]",571 kCal,87 g,4 g,23 g,"[""Aperitivos"", ""Desayunos y Meriendas"", ""Postres"", ""Postres y Dulces"", ""Regiones de Espa\u00f1a"", ""Canarias"", ""Halloween""]"
Tabla de embutidos terrorífica,https://recetas.lidl.es/recetas/tabla-de-embutidos-terrorifica,4,"[""180 queso camembert"", ""40 confitura de frutos rojos"", ""150 jam\u00f3n cocido"", ""80 espetec fuet"", ""100 queso mezcla (cu\u00f1a curado)"", ""150 paleta curada"", ""100 salchich\u00f3n"", ""30 galletitas saladas"", ""50 minis biscotes"", ""150 higos"", ""80 uvas negras"", ""200 moras""]",N/A,96.2 g,83.1 g,100.6 g,"[""Aperitivos"", ""Carne y Aves"", ""L\u00e1cteos y Huevos"", ""Halloween"", ""Recetas con embutidos y quesos""]"
Pizza de calabaza con mozzarella,https://recetas.lidl.es/recetas/pizza-de-calabaza-con-mozzarella,4,"[""400 g calabazas"", ""80 g harina de espelta"", ""5 g levadura en polvo"", ""1 ud huevo"", ""60 g mozzarella (para pizza)"", ""250 g mozzarella"", ""100 g tomate triturado"", ""100 g tomates cherry"", ""80 g pechuga de pavo""]",348 kCal,23.8 g,22.9 g,17.8 g,"[""Segundos"", ""Primeros"", ""Pasta y Pizza"", ""Fruta y Verdura"", ""La Cocina de Lidl""]"
Solomillos de pollo gratinados con setas y pera,https://recetas.lidl.es/recetas/solomillos-de-pollo-gratinados-con-setas-y-pera,6,"[""1 kg solomillo de pollo"", ""200 ml nata"", ""400 g setas"", ""1 ud cebolla"", ""1 ud pera"", ""100 ml caldo de pollo"", ""30 g nueces de macadamia"", ""100 g queso de cabra tierno ahumado (producto canario)"", ""50 g reques\u00f3n"", ""1 cucharadita nuez moscada""]",418 kCal,8 g,44 g,23 g,"[""Primeros"", ""Segundos"", ""Carne y Aves"", ""Sin gluten"", ""Regiones de Espa\u00f1a"", ""Canarias""]"
Couscous con verduras y carne,https://recetas.lidl.es/recetas/couscous-con-verduras-y-carne,4,"[""500 couscous"", ""400 estofado de ternera"", ""1 cebolla"", ""1 pimiento rojo"", ""1 calabac\u00edn"", ""1 berenjena"", ""50 pasas"", ""150 garbanzos""]",744 kCal,117.9 g,35 g,14.3 g,"[""Primeros"", ""Segundos"", ""Carne y Aves"", ""Fruta y Verdura"", ""Sin lactosa"", ""Monsieur Cuisine""]"
Crostata de pistacho y mascarpone,https://recetas.lidl.es/recetas/crostata-de-pistacho-y-mascarpone,8,"[""300 harina de trigo"", ""150 mantequilla"", ""3 huevos"", ""80 az\u00facar"", ""3 levadura en polvo""]",735 kCal,51.1 g,13.5 g,51.4 g,"[""Postres"", ""Postres y Dulces"", ""Vegetariana"", ""Recetas del Mundo"", ""Italia""]"
Momias dulces y saladas,https://recetas.lidl.es/recetas/momias-dulces-y-saladas,4,"[""2 paquetes hojaldre"", ""100 g champi\u00f1ones"", ""150 g carne picada"", ""40 g pasas"", ""60 g chocolate con leche"", ""1 ud pl\u00e1tano"", ""1 ud huevo""]",773 kCal,69.6 g,16.8 g,47.4 g,"[""Aperitivos"", ""Desayunos y Meriendas"", ""Pan y Masas"", ""Postres y Dulces"", ""Recetas para ni\u00f1os a partir de 3 a\u00f1os""]"
Pimientos rellenos de bacalao,https://recetas.lidl.es/recetas/pimientos-rellenos-de-bacalao,2,"[""200 g pimientos del piquillo"", ""400 g filetes de bacalao"", ""1 ud cebolla"", ""1 ud diente de ajo"", ""40 g harina de trigo"", ""400 ml leche""]",1031 kCal,45.5 g,39.5 g,74.9 g,"[""Primeros"", ""Segundos"", ""Pescado y Marisco"", ""La Cocina de Lidl""]"
Ensalada de quinoa con calabaza,https://recetas.lidl.es/recetas/ensalada-de-quinoa-con-calabaza,2,"[""200 g quinoa ecol\u00f3gica"", ""25 g r\u00facula"", ""1 ud aguacate"", ""200 g calabazas"", ""60 g rabanos"", ""1 ud cebolla roja"", ""100 g edamame"", ""20 g almendras""]",901 kCal,103.2 g,27.1 g,42.7 g,"[""Primeros"", ""Segundos"", ""Fruta y Verdura"", ""Bio"", ""Sin gluten"", ""Sin lactosa"", ""Vegana"", ""Vegetariana""]"
Arroz de coliflor con longaniza y verduras,https://recetas.lidl.es/recetas/arroz-de-coliflor-con-longaniza-y-verduras,4,"[""400 g arroz de coliflor"", ""375 g longaniza"", ""2 uds dientes de ajo"", ""1 ud cebolla"", ""0.5 ud pimiento verde (producto canario)"", ""0.5 ud pimiento rojo (producto canario)"", ""1 cucharada sazonador para cerdo"", ""2 cucharadas aceite de oliva"", ""1 ud lima (producto canario)"", ""4 cucharadas granadas""]",289 kCal,14 g,17 g,17 g,"[""Primeros"", ""Segundos"", ""Arroz, Legumbres y Cereales"", ""Carne y Aves"", ""Regiones de Espa\u00f1a"", ""Canarias""]"
Bacalao con espárragos y guisantes,https://recetas.lidl.es/recetas/bacalao-con-esparragos-y-guisantes,2,"[""2 uds lomo de bacalao"", ""50 g mantequilla con sal"", ""15 ml zumo de lim\u00f3n"", ""20 ml caldo de pescado""]",383 kCal,16.5 g,25.8 g,30.1 g,"[""Primeros"", ""Segundos"", ""Pescado y Marisco"", ""Sin gluten"", ""La Cocina de Lidl""]"
Puchero canario,https://recetas.lidl.es/recetas/puchero-canario,6,"[""300 g vacuno a tacos para guisar"", ""50 g garbanzos"", ""400 g cuarto trasero de pollo (producto canario)"", ""1 ud costilla de cerdo"", ""250 g calabaza (producto canario)"", ""1 ud zanahoria (producto canario)"", ""100 g habichuelas (producto canario)"", ""0.25 ud col blanca (producto canario)"", ""1 ud patata"", ""1 ud batata (producto canario)"", ""1 ud pera""]",558 kCal,54 g,42 g,17 g,"[""Primeros"", ""Arroz, Legumbres y Cereales"", ""Regiones de Espa\u00f1a"", ""Canarias""]"
Trucha en papillote con verduras,https://recetas.lidl.es/recetas/trucha-en-papillote-con-verduras,2,"[""2 uds filetes de trucha"", ""40 g jam\u00f3n serrano"", ""1 ud pimiento rojo"", ""1 ud zanahoria"", ""1 ud puerro"", ""1 ud calabac\u00edn"", ""300 g br\u00f3coli"", ""1 ud diente de ajo""]",478 kCal,28.5 g,44.4 g,23.3 g,"[""Segundos"", ""Primeros"", ""Pescado y Marisco"", ""Sin gluten"", ""Sin lactosa"", ""La Cocina de Lidl""]"
Snack de dátil y chocolate,https://recetas.lidl.es/recetas/snack-de-datil-y-chocolate,8,"[""220 g d\u00e1tiles"", ""0.5 ud pl\u00e1tano (producto canario)"", ""30 g cacahuetes tostados sin sal"", ""125 g chocolate negro"", ""1 cucharadita aceite de coco"", ""50 g crema de cacahuete"", ""20 g almendras tostadas""]",263 kCal,30 g,5 g,14 g,"[""Desayunos y Meriendas"", ""Postres"", ""Postres y Dulces"", ""Sin gluten"", ""Vegana"", ""Regiones de Espa\u00f1a"", ""Canarias""]"
Pasta con salmón,https://recetas.lidl.es/recetas/pasta-con-salmon,4,"[""400 pasta ecol\u00f3gica lentejas rojas"", ""150 salm\u00f3n"", ""1 cebolla"", ""70 alcaparras"", ""20 tomillo"", ""400 ralladura de lim\u00f3n""]",796 kCal,57.1 g,36.3 g,45.4 g,"[""Primeros"", ""Segundos"", ""Pasta y Pizza"", ""Sin gluten""]"
Tartaletas de pan de molde saladas,https://recetas.lidl.es/recetas/tartaletas-de-pan-de-molde-saladas,12,"[""12 pan de molde integral"", ""1 cebolleta"", ""200 bacon"", ""150 queso cheddar"", ""3 huevos"", ""50 leche""]",315 kCal,11.9 g,16.9 g,22 g,"[""Aperitivos"", ""Pan y Masas"", ""La Cocina de Lidl"", ""Recetas de bocadillos y tostadas""]"
Mac & Cheese con verduras,https://recetas.lidl.es/recetas/mac-cheese-con-verduras,4,"[""1 cebolla"", ""2 zanahorias"", ""1 calabac\u00edn"", ""320 pasta"", ""240 leche"", ""100 champi\u00f1ones"", ""20 mantequilla"", ""20 harina de trigo""]",531 kCal,71.75 g,19.48 g,18.48 g,"[""Primeros"", ""Pasta y Pizza"", ""Recetas para ni\u00f1os a partir de 2 a\u00f1os""]"
Merluza con salsa de limón,https://recetas.lidl.es/recetas/merluza-con-salsa-de-limon,3,"[""400 g merluza"", ""0.5 taza arroz basmati"", ""1 taza agua"", ""100 ml vino blanco"", ""120 ml leche evaporada"", ""40 g mantequilla con sal"", ""2 uds dientes de ajo"", ""2 uds limones"", ""1 cucharada eneldo"", ""1 cucharadita c\u00farcuma molida"", ""1 ud berenjena"", ""100 g tomate cherry producto canario"", ""5 g albahaca fresca (producto canario)""]",472 kCal,38 g,30 g,18 g,"[""Segundos"", ""Pescado y Marisco"", ""Sin gluten"", ""Regiones de Espa\u00f1a"", ""Canarias""]"
Tostadas proteicas para el desayuno,https://recetas.lidl.es/recetas/tostadas-proteicas-para-el-desayuno,2,"[""4 rebanadas pan de molde"", ""15 g chocolate"", ""15 g yogures"", ""6 g crunchy muesli"", ""20 g pechugas de pollo"", ""30 g queso fresco"", ""6 g chocolate"", ""20 g crema de cacahuete"", ""2 g coco rallado"", ""30 g manga"", ""30 g papayas"", ""0.5 ud pl\u00e1tano"", ""3 g r\u00facula"", ""1 g hierbabuena"", ""5 g aceite de oliva""]",401 kCal,26 g,30 g,19 g,"[""Desayunos y Meriendas"", ""Canarias"", ""Regiones de Espa\u00f1a"", ""Recetas de bocadillos y tostadas""]"
Crema de judías verdes con gambas,https://recetas.lidl.es/recetas/crema-de-judias-verdes-con-gambas,4,"[""500 g jud\u00eda verde"", ""2 uds patatas"", ""1 ud cebolla"", ""2 uds dientes de ajo"", ""12 uds gambas"", ""80 ml anacardos"", ""2 g pimienta"", ""20 ml aceite de oliva"", ""5 g sal"", ""800 ml caldo de verduras"", ""300 ml nata""]",446 kCal,27.2 g,16.1 g,30.8 g,"[""Segundos"", ""Primeros"", ""Sopas y Cremas"", ""Sin gluten""]"
Bizcocho nube de yogur con frutas del bosque,https://recetas.lidl.es/recetas/bizcocho-nube-de-yogur-con-frutas-del-bosque,10,"[""250 g yogures"", ""4 uds huevos"", ""80 g harina de ma\u00edz"", ""100 g az\u00facar"", ""5 g levadura"", ""10 g az\u00facar avainillado"", ""50 g fresas"", ""1 pizca sal""]",115 kCal,18 g,4 g,3 g,"[""Desayunos y Meriendas"", ""Postres"", ""Postres y Dulces"", ""Canarias""]"
Smash burger taco XXL,https://recetas.lidl.es/recetas/smash-burger-taco-xxl,4,"[""600 g carne picada mixta"", ""4 uds especias mexicanas"", ""30 tortillas de trigo"", ""70 queso cheddar""]",521 kCal,27.9 g,27.1 g,33.3 g,"[""Segundos"", ""Primeros"", ""Carne y Aves""]"
Pollo con brócoli,https://recetas.lidl.es/recetas/pollo-con-brocoli,6,"[""900 g pechugas de pollo"", ""500 g br\u00f3coli"", ""50 g mantequilla"", ""1 ud diente de ajo"", ""700 ml nata"", ""200 ml leche"", ""200 g queso grana padano""]",622 kCal,12.3 g,50.4 g,41.6 g,"[""Segundos"", ""Primeros"", ""Carne y Aves"", ""Sin gluten"", ""La Cocina de Lidl""]"
Cena exprés,https://recetas.lidl.es/recetas/cena-expres,4,"[""4 uds huevos"", ""4 uds tortillas de trigo"", ""4 lonchas queso harvati"", ""2 lonchas jam\u00f3n cocido"", ""4 uds aceitunas negras"", ""40 g d\u00fao can\u00f3nigos y r\u00facula""]",N/A,N/A,N/A,N/A,"[""Segundos"", ""Primeros"", ""L\u00e1cteos y Huevos"", ""Recetas para ni\u00f1os a partir de 2 a\u00f1os""]"
"Tosta de garbanzos, coliflor y guacamole",https://recetas.lidl.es/recetas/tosta-de-garbanzos-coliflor-y-guacamole,2,"[""2 uds aguacates"", ""0.5 ud cebolleta"", ""1 ud lima""]",705 kCal,67.5 g,21.8 g,36.9 g,"[""Aperitivos"", ""Segundos"", ""Primeros"", ""Sin lactosa"", ""Vegetariana"", ""Vegana"", ""La Cocina de Lidl"", ""Recetas de bocadillos y tostadas""]"
Pollo con orejones y ciruelas,https://recetas.lidl.es/recetas/pollo-con-orejones-y-ciruelas,5,"[""800 g pollo"", ""20 ml aceite de oliva virgen extra"", ""100 g setas"", ""2 uds dientes de ajo"", ""1 uds cebolletas"", ""40 ml amaretto"", ""125 g ciruelas sin hueso"", ""125 g orejones deshidratados"", ""600 ml sal""]",541 kCal,60.4 g,36 g,16.4 g,"[""Segundos"", ""Primeros"", ""Carne y Aves"", ""Sin lactosa"", ""Sin gluten"", ""La Cocina de Lidl""]"
Carrilleras de cerdo en salsa de chocolate,https://recetas.lidl.es/recetas/carrilleras-de-cerdo-en-salsa-de-chocolate,4,"[""1 kg carne de cerdo"", ""2 uds dientes de ajo"", ""1 ud cebolla"", ""1 ud zanahoria"", ""1 ud tomate"", ""250 ml caldo de pollo"", ""250 ml vino tinto"", ""30 g harina de trigo"", ""3 cucharadas aceite de oliva"", ""50 g chocolate"", ""1 cucharadita romero"", ""2 uds hojas de laurel""]",514 kCal,12 g,52 g,25 g,"[""Segundos"", ""Primeros"", ""Carne y Aves"", ""Canarias"", ""Regiones de Espa\u00f1a""]"
Hamburguesa de cerdo con ensalada thai,https://recetas.lidl.es/recetas/hamburguesa-de-cerdo-con-ensalada-thai,4,"[""500 g carne de cerdo"", ""0.5 cucharadita jengibre en polvo"", ""1 ud diente de ajo"", ""3 g cilantro fresco"", ""1 cucharada sal"", ""4 uds pimienta"", ""4 hojas aceite de oliva virgen extra""]",502 kCal,45 g,33 g,20 g,"[""Segundos"", ""Primeros"", ""Carne y Aves"", ""Canarias"", ""Regiones de Espa\u00f1a""]"
Panna cotta de mango,https://recetas.lidl.es/recetas/panna-cotta-de-mango,6,"[""2 uds mangos"", ""120 g az\u00facar"", ""1 ud lima"", ""3 hojas gelatina"", ""120 ml agua""]",419 kCal,37 g,4.9 g,18.6 g,"[""Desayunos y Meriendas"", ""Postres"", ""Postres y Dulces"", ""Sin gluten"", ""Vegetariana""]"
Risotto de gambas,https://recetas.lidl.es/recetas/risotto-de-gambas,4,"[""200 g arroz"", ""150 g gambas"", ""1 ud cebolla"", ""100 ml vino blanco"", ""600 ml caldo de pescado"", ""80 g queso grana padano"", ""20 ml aceite de oliva virgen extra"", ""40 g mantequilla"", ""3 g pimienta"", ""5 g sal""]",981 kCal,45.2 g,30.1 g,73.1 g,"[""Segundos"", ""Primeros"", ""Arroz, Legumbres y Cereales"", ""Sin lactosa"", ""La Cocina de Lidl""]"
Sopa fría de melón con brochetas de fruta,https://recetas.lidl.es/recetas/sopa-fria-de-melon-con-brochetas-de-fruta,4,"[""250 g melones"", ""400 ml leche de coco"", ""200 g chocolate blanco"", ""1 cucharadita vainilla"", ""30 g chile picado"", ""50 g uvas negras"", ""50 g papayas"", ""1 ud fresas""]",477 kCal,40 g,6 g,32 g,"[""Desayunos y Meriendas"", ""Postres"", ""Fruta y Verdura"", ""Canarias"", ""Regiones de Espa\u00f1a""]"
Sepia al ajillo,https://recetas.lidl.es/recetas/sepia-al-ajillo,4,"[""2 uds patatas"", ""1 ud cebolla"", ""50 ml vino""]",573 kCal,59.3 g,35.8 g,20.4 g,"[""Segundos"", ""Primeros"", ""Pescado y Marisco"", ""La Cocina de Lidl""]"
Ensalada de lentejas,https://recetas.lidl.es/recetas/ensalada-de-lentejas,4,"[""200 g lentejas"", ""1 uds aceite de oliva"", ""4 uds pepinos"", ""12 uds tomates cherry"", ""1 ud aceitunas"", ""1 ud pepino"", ""150 g pimiento rojo""]",183 kCal,38.9 g,7.8 g,12.8 g,"[""Segundos"", ""Primeros"", ""Arroz, Legumbres y Cereales"", ""Recetas para ni\u00f1os a partir de 2 a\u00f1os""]"
Ensalada de lentejas con salsa de aguacate,https://recetas.lidl.es/recetas/ensalada-de-lentejas-con-salsa-de-aguacate,4,"[""400 g lentejas"", ""0.5 cebolla roja"", ""1 ud pimiento rojo"", ""0.5 ud pepino"", ""40 g aceitunas"", ""100 g tomates cherry"", ""50 g queso feta""]",331 kCal,23.2 g,10.1 g,19.9 g,"[""Segundos"", ""Primeros"", ""Fruta y Verdura"", ""Sin gluten"", ""Vegetariana"", ""Verano""]"
Mac and cheese con secreto de cerdo a la barbacoa,https://recetas.lidl.es/recetas/mac-and-cheese-con-secreto-de-cerdo-a-la-barbacoa,5,"[""500 g secreto de cerdo"", ""300 g pasta"", ""200 ml leche"", ""2 cucharadas mantequilla"", ""200 g queso cheddar"", ""50 g queso"", ""50 g queso grana padano"", ""10 g aceite de oliva""]",664 kCal,45 g,43 g,34 g,"[""Primeros"", ""Pasta y Pizza"", ""Canarias"", ""Regiones de Espa\u00f1a""]"
Tarta de sandía,https://recetas.lidl.es/recetas/tarta-de-sandia,10,"[""200 g galletas"", ""60 g mantequilla""]",382 kCal,32.9 g,5.1 g,25.6 g,"[""Desayunos y Meriendas"", ""Postres"", ""Postres y Dulces"", ""Vegetariana"", ""La Cocina de Lidl"", ""Verano""]"
Alitas de pollo crujientes al horno,https://recetas.lidl.es/recetas/alitas-de-pollo-crujientes-al-horno,4,"[""600 g alitas de pollo"", ""50 g harina de ma\u00edz"", ""2 g pimienta"", ""3 g piment\u00f3n dulce"", ""5 g hierbas arom\u00e1ticas"", ""150 g cereales"", ""50 g pan rallado"", ""2 uds huevos"", ""10 ml aceite de oliva virgen extra""]",590 kCal,65.2 g,37.1 g,20.2 g,"[""Aperitivos"", ""Segundos"", ""Primeros"", ""Carne y Aves"", ""Sin lactosa""]"
Burritos dulces rellenos de manga y cacao,https://recetas.lidl.es/recetas/burritos-dulces-rellenos-de-manga-y-cacao,3,"[""3 uds tortillas de trigo"", ""1 ud manga"", ""30 g nueces"", ""2 cucharadas az\u00facar"", ""0.5 cucharada canela molida"", ""1 cucharada mantequilla"", ""3 cucharadas avellanas"", ""20 g chocolate negro""]",536 kCal,55 g,11 g,29 g,"[""Desayunos y Meriendas"", ""Postres"", ""Postres y Dulces"", ""Canarias""]"
Chili con carne,https://recetas.lidl.es/recetas/chili-con-carne,4,"[""400 carne picada mixta"", ""200 frijoles"", ""1 diente de ajo"", ""1 cebolla"", ""1 pimiento rojo"", ""400 tomate triturado"", ""40 queso cheddar"", ""30 crema agria"", ""40 tortillas chip"", ""70 ma\u00edz dulce""]",467 kCal,26.1 g,26.5 g,28.4 g,"[""Segundos"", ""Primeros"", ""Carne y Aves"", ""Sin gluten"", ""M\u00e9xico""]"
Canelones fríos de jamón cocido,https://recetas.lidl.es/recetas/canelones-frios-de-jamon-cocido,4,"[""200 g jam\u00f3n cocido"", ""4 uds huevos"", ""150 g at\u00fan"", ""250 g ensalada"", ""60 g queso de untar"", ""60 g mayonesa"", ""20 g aceitunas""]",282 kCal,8.7 g,26 g,15.2 g,"[""Aperitivos"", ""Segundos"", ""Primeros"", ""Sin gluten"", ""Verano"", ""Recetas con embutidos y quesos""]"
Pingüinos helados,https://recetas.lidl.es/recetas/pinguinos-helados,4,"[""150 g helados"", ""50 g chocolate negro"", ""8 bolas az\u00facar"", ""1 g pl\u00e1tano"", ""50 g zanahorias"", ""50 g chocolate blanco""]",271 kCal,31 g,4 g,14 g,"[""Desayunos y Meriendas"", ""Postres"", ""Postres y Dulces"", ""Canarias"", ""Regiones de Espa\u00f1a"", ""Verano""]"
Salmón con ensalada,https://recetas.lidl.es/recetas/salmon-con-ensalada,4,"[""1 ud pl\u00e1tano"", ""30 g brotes tiernos"", ""1 ud cebolla roja"", ""1 ud aguacate""]",537 kCal,31.3 g,26.6 g,38.2 g,"[""Segundos"", ""Primeros"", ""Pescado y Marisco"", ""Sin lactosa"", ""Sin gluten"", ""La Cocina de Lidl""]"
Curry vegano,https://recetas.lidl.es/recetas/curry-vegano,4,"[""3 uds tortilla vegana"", ""1 ud cebolla"", ""1 ud pimiento verde"", ""1 ud zanahoria"", ""200 g tomates"", ""150 ml leche de coco"", ""30 g untable vegano"", ""300 g tofu"", ""140 g salchichas"", ""20 ml aceite de oliva virgen extra"", ""2 g jengibre en polvo"", ""3 g curry"", ""2 g comino"", ""2 g ajo granulado"", ""2 g perejil"", ""3 g sal""]",394 kCal,19.7 g,17.2 g,26.7 g,"[""Segundos"", ""Primeros"", ""Fruta y Verdura"", ""Sin lactosa"", ""Vegetariana"", ""Vegana"", ""La Cocina de Lidl"", ""Recetas con productos Vemondo""]"
Croissant salado crujiente,https://recetas.lidl.es/recetas/croissant-salado-crujiente,2,"[""2 uds croissant"", ""30 g miel"", ""10 g mantequilla"", ""50 g pechugas de pollo"", ""125 g mozzarella"", ""10 g r\u00facula"", ""10 g aceite de oliva"", ""10 g pistachos""]",560 kCal,43 g,22 g,33 g,"[""Desayunos y Meriendas"", ""Segundos"", ""Primeros"", ""Regiones de Espa\u00f1a"", ""Canarias"", ""Recetas de bocadillos y tostadas""]"
Tacos de lechuga con arroz,https://recetas.lidl.es/recetas/tacos-de-lechuga-con-arroz,4,"[""200 g arroz"", ""1 l agua"", ""4 uds huevos"", ""100 g guisantes"", ""1 ud zanahoria"", ""100 g ma\u00edz dulce"", ""150 g jam\u00f3n de pavo"", ""2 uds lechuga iceberg""]",389 kCal,50.6 g,18.2 g,14.7 g,"[""Segundos"", ""Primeros"", ""Fruta y Verdura"", ""Bio"", ""Sin gluten"", ""La Cocina de Lidl""]"
Helado tricolor con cucurucho casero,https://recetas.lidl.es/recetas/helado-tricolor-con-cucurucho-casero,8,"[""75 g mantequilla"", ""125 g az\u00facar"", ""1 ud huevo"", ""125 g harina de ma\u00edz"", ""125 ml agua"", ""1 tarrina helado"", ""100 g chocolate negro"", ""50 g bolas de chocolate""]",N/A,N/A,N/A,N/A,"[""Desayunos y Meriendas"", ""Postres"", ""Postres y Dulces"", ""Recetas para ni\u00f1os a partir de 3 a\u00f1os""]"
Tiramisú de limón,https://recetas.lidl.es/recetas/tiramisu-de-limon,8,"[""1 ralladura de lim\u00f3n"", ""200 zumo de lim\u00f3n"", ""2 huevos"", ""1 harina de ma\u00edz"", ""2 az\u00facar""]",551 kCal,33 g,8 g,41 g,"[""Postres"", ""Postres y Dulces"", ""Canarias"", ""Regiones de Espa\u00f1a""]"
Sándwich XXL,https://recetas.lidl.es/recetas/sandwich-xxl,2,"[""3 rebanadas barras de pan"", ""100 g pulled pork"", ""4 lonchas jam\u00f3n cocido"", ""4 lonchas queso fresco"", ""4 uds pepinillos"", ""30 g mostaza"", ""5 g aceite de oliva"", ""10 g mantequilla"", ""1 ud tomate"", ""30 g patatas""]",493 kCal,44 g,27 g,22 g,"[""Segundos"", ""Primeros"", ""Canarias"", ""Regiones de Espa\u00f1a"", ""Recetas de bocadillos y tostadas""]"
Crema de brócoli,https://recetas.lidl.es/recetas/crema-de-brocoli,2,"[""1 br\u00f3coli"", ""1 puerro"", ""1 patata"", ""100 g aceite de oliva virgen extra"", ""400 ml espinacas""]",N/A,N/A,N/A,N/A,"[""Primeros"", ""Fruta y Verdura"", ""Vegetariana""]"
"Tartar de remolacha, mango y aguacate",https://recetas.lidl.es/recetas/tartar-de-remolacha-mango-y-aguacate,2,"[""250 g remolachas"", ""1 ud mango"", ""1 ud aguacate"", ""30 g alcaparras"", ""15 g mostaza de dijon"", ""2 uds pepinillos"", ""0.5 ud cebolleta"", ""1 ud lima""]",699 kCal,71.7 g,13.2 g,45.1 g,"[""Aperitivos"", ""Segundos"", ""Primeros"", ""Fruta y Verdura"", ""Sin lactosa"", ""Sin gluten"", ""Vegetariana"", ""Vegana"", ""Verano""]"
Ñoquis caprese al horno,https://recetas.lidl.es/recetas/noquis-caprese-al-horno,4,"[""500 gnocchis"", ""150 tomates cherry"", ""100 tomate seco"", ""125 mozzarella"", ""10 molino de especias"", ""50 queso parmesano"", ""10 vinagre bals\u00e1mico"", ""40 aceite de oliva virgen extra""]",595 kCal,69.6 g,20.4 g,24.5 g,"[""Segundos"", ""Primeros"", ""Pasta y Pizza"", ""Vegetariana"", ""Recetas del Mundo"", ""Italia""]"
Cómo decorar gazpacho y salmorejo,https://recetas.lidl.es/recetas/como-decorar-gazpacho-y-salmorejo,4,"[""200 g langostinos"", ""1 uds claras de huevo"", ""400 ml gazpacho"", ""100 ml pan rallado""]",120 kCal,7 g,5 g,10 g,"[""Aperitivos"", ""Segundos"", ""Primeros"", ""Fruta y Verdura"", ""Verano"", ""La Cocina de Lidl""]"
Langostinos al ajillo,https://recetas.lidl.es/recetas/langostinos-al-ajillo,4,"[""30 ml aceite de oliva virgen extra"", ""2 uds pimienta de cayena"", ""5 uds dientes de ajo"", ""600 g langostinos"", ""2 uds limones""]",210 kCal,2.7 g,33.3 g,7.9 g,"[""Aperitivos"", ""Pescado y Marisco""]"
Crêpes con helado,https://recetas.lidl.es/recetas/crepes-con-helado,8,"[""120 g harina de trigo"", ""16 g az\u00facar avainillado"", ""2 g sal"", ""2 uds huevos"", ""350 ml leche"", ""20 ml aceite de oliva virgen extra""]",275 kCal,23.5 g,7 g,17.9 g,"[""Desayunos y Meriendas"", ""Postres"", ""Postres y Dulces"", ""Vegetariana"", ""La Cocina de Lidl""]"
Manzanas asadas con la freidora de aire,https://recetas.lidl.es/recetas/manzanas-asadas-con-la-freidora-de-aire,3,"[""3 manzanas"", ""15 panela""]",196 kCal,22.8 g,3.3 g,10.2 g,"[""Aperitivos"", ""Fruta y Verdura"", ""Sin gluten"", ""Vegetariana"", ""Vegana"", ""Freidora de aire""]"
Salmorejo y arroz con leche con Monsieur Cuisine Smart,https://recetas.lidl.es/recetas/salmorejo-y-arroz-con-leche-con-monsieur-cuisine-smart,4,"[""900 tomates"", ""6 pan de molde"", ""120 aceite de oliva virgen extra"", ""2 dientes de ajo"", ""15 vinagre"", ""60 taquitos de jam\u00f3n"", ""3 huevos""]",887 kCal,83.4 g,23.6 g,49.7 g,"[""Segundos"", ""Postres"", ""Primeros"", ""Postres y Dulces"", ""Fruta y Verdura"", ""Monsieur Cuisine""]"
Pan de leche con panificadora,https://recetas.lidl.es/recetas/pan-de-leche-con-panificadora,8,"[""360 g harina de fuerza"", ""180 ml leche"", ""30 g mantequilla sin sal"", ""2 uds huevos"", ""6 g levadura fresca"", ""3 g sal"", ""12 g miel""]",253 kCal,37.1 g,8.9 g,6.4 g,"[""Desayunos y Meriendas"", ""Postres"", ""Pan y Masas"", ""Vegetariana"", ""La Cocina de Lidl"", ""Panificadora""]"
Tortitas de espelta rellenas de chocolate,https://recetas.lidl.es/recetas/tortitas-de-espelta-rellenas-de-chocolate,3,"[""50 ml bebida de soja"", ""100 g harina de espelta"", ""15 g avena"", ""30 g az\u00facar"", ""7 g levadura"", ""2 uds huevos"", ""6 trozos chocolate"", ""1 cucharadita aceite de oliva"", ""1 ud melocot\u00f3n""]",314 kCal,37 g,10 g,13 g,"[""Desayunos y Meriendas"", ""Postres"", ""Pan y Masas"", ""Canarias"", ""Regiones de Espa\u00f1a""]"
Burger con tiras de pollo,https://recetas.lidl.es/recetas/burger-con-tiras-de-pollo,2,"[""2 uds panes de hamburguesa"", ""4 uds pollo"", ""50 g pepinillos"", ""100 g ensalada"", ""2 lonchas queso con pimienta"", ""30 g lechuga romana"", ""10 g mayonesa""]",812 kCal,67.6 g,34.2 g,43.9 g,"[""Segundos"", ""Primeros"", ""Carne y Aves"", ""USA"", ""Recetas del Mundo""]"
Ensalada de pollo,https://recetas.lidl.es/recetas/ensalada-de-pollo,2,"[""150 g pechugas de pollo"", ""2 uds tortillas de trigo"", ""50 g lechuga batavia"", ""1 ud tomate"", ""1 ud aguacate"", ""100 g papayas"", ""50 g queso feta"", ""30 g zanahorias"", ""60 g remolachas"", ""20 g millo tostado""]",500 kCal,29 g,27 g,29 g,"[""Segundos"", ""Primeros"", ""Fruta y Verdura"", ""Regiones de Espa\u00f1a"", ""Canarias""]"
3 patés veganos,https://recetas.lidl.es/recetas/3-pates-veganos,4,"[""400 g br\u00f3coli"", ""60 g almendras"", ""1 ud lim\u00f3n"", ""3 g pimienta"", ""5 g ajo granulado"", ""3 g sal""]",606 kCal,48.6 g,18.3 g,40 g,"[""Aperitivos"", ""Fruta y Verdura"", ""Sin lactosa"", ""Vegetariana"", ""Vegana""]"
3 formas divertidas de comer fruta,https://recetas.lidl.es/recetas/3-formas-divertidas-de-comer-fruta,4,"[""5 uds manzanas rojas"", ""32 uds ar\u00e1ndanos"", ""1 ud pl\u00e1tano"", ""50 g chocolate"", ""100 g melones"", ""1 ud kiwi"", ""12 uds uvas"", ""4 rodajas pi\u00f1as"", ""1 lata melocot\u00f3n en alm\u00edbar""]",318 kCal,65.8 g,3.1 g,4.8 g,"[""Desayunos y Meriendas"", ""Postres"", ""Fruta y Verdura"", ""Recetas para ni\u00f1os a partir de 2 a\u00f1os""]"
Ensalada de melón con frutas y queso,https://recetas.lidl.es/recetas/ensalada-de-melon-con-frutas-y-queso,4,"[""1 ud mel\u00f3n"", ""100 g sandias"", ""100 g melones"", ""1 ud melocot\u00f3n"", ""50 g cerezas"", ""60 g mozzarella"", ""5 g albahaca"", ""30 g r\u00facula"", ""30 g aceite de oliva"", ""1 ud lim\u00f3n""]",203 kCal,20 g,5 g,10 g,"[""Segundos"", ""Primeros"", ""Fruta y Verdura"", ""Canarias"", ""Regiones de Espa\u00f1a""]"
Helado y sorbete de frutas,https://recetas.lidl.es/recetas/helado-y-sorbete-de-frutas,8,"[""4 uds manzanas granny smith"", ""2 uds limas"", ""80 g az\u00facar"", ""80 ml agua""]",253 kCal,33.3 g,1.7 g,20.2 g,"[""Desayunos y Meriendas"", ""Postres"", ""Postres y Dulces"", ""Sin lactosa"", ""Sin gluten"", ""Vegetariana"", ""Vegana"", ""Verano"", ""La Cocina de Lidl""]"
Tequeños de queso al horno con salsas,https://recetas.lidl.es/recetas/tequenos-de-queso-al-horno-con-salsas,5,"[""500 g queso""]",300 kCal,14 g,4 g,24 g,"[""Aperitivos"", ""Segundos"", ""Primeros"", ""Pan y Masas"", ""Regiones de Espa\u00f1a"", ""Canarias""]"
Dorada con verduras,https://recetas.lidl.es/recetas/dorada-con-verduras,2,"[""3 uds pimiento tricolor"", ""1 ud calabac\u00edn"", ""2 uds zanahorias"", ""1 ud lim\u00f3n"", ""1 ud dorada""]",203 kCal,18.3 g,12.7 g,10.1 g,"[""Segundos"", ""Primeros"", ""Pescado y Marisco"", ""Sin lactosa"", ""Sin gluten""]"
Magdalenas de chocolate,https://recetas.lidl.es/recetas/magdalenas-de-chocolate,6,"[""230 g copos de avena"", ""15 g cacao en polvo"", ""3 g sal"", ""10 g levadura"", ""2 uds huevos"", ""80 g panela ecol\u00f3gica"", ""150 ml bebida de avena"", ""40 ml aceite de oliva virgen extra"", ""50 g chocolate""]",339 kCal,39.6 g,8.87 g,14.5 g,"[""Desayunos y Meriendas"", ""Postres"", ""Vegetariana""]"
Lomo bajo de ternera a la pimienta,https://recetas.lidl.es/recetas/lomo-bajo-de-ternera-a-la-pimienta,4,"[""8 uds patatas"", ""3 g romero"", ""2 g molino de especias"", ""3 g sal"", ""40 g mantequilla""]",750 kCal,61.2 g,14.5 g,50.8 g,"[""Segundos"", ""Primeros"", ""Carne y Aves"", ""Sin gluten"", ""La Cocina de Lidl""]"
Tabla de sushi,https://recetas.lidl.es/recetas/tabla-de-sushi,4,"[""300 g arroz para sushi"", ""450 ml agua"", ""80 ml vinagre de arroz"", ""25 g az\u00facar"", ""5 g sal""]",N/A,N/A,N/A,N/A,"[""Segundos"", ""Primeros"", ""Arroz, Legumbres y Cereales"", ""Sin gluten"", ""Asia"", ""La Cocina de Lidl""]"
Hamburguesa de pollo y zanahoria,https://recetas.lidl.es/recetas/hamburguesa-de-pollo-y-zanahoria,4,"[""4 uds hamburguesa de pollo"", ""4 uds panes de hamburguesa"", ""5 lonchas queso harvati"", ""8 uds aceitunas negras"", ""20 g lechuga"", ""1 ud tomate"", ""3 uds patatas"", ""4 cucharadas queso en polvo"", ""2 cucharadas maicena"", ""2 cucharadas pan rallado"", ""1 ud huevo""]",883 kCal,66.6 g,51.8 g,37.2 g,"[""Segundos"", ""Primeros"", ""Carne y Aves"", ""Recetas para ni\u00f1os a partir de 3 a\u00f1os""]"
Bolitas de patata y carne picada,https://recetas.lidl.es/recetas/bolitas-de-patata-y-carne-picada,4,"[""15 ml aceite de oliva virgen extra"", ""50 g cebollas"", ""50 g pimientos verdes"", ""125 g carne picada mixta"", ""50 ml tomate frito"", ""3 g sal"", ""3 g comino"", ""5 g perejil"", ""400 g patatas"", ""2 uds huevos"", ""80 g pan rallado""]",410 kCal,38.4 g,15.4 g,22.1 g,"[""Aperitivos"", ""Segundos"", ""Primeros"", ""Carne y Aves"", ""Sin lactosa"", ""La Cocina de Lidl""]"
Quesadillas,https://recetas.lidl.es/recetas/quesadillas,6,"[""410 g queso fresco"", ""1 ud huevo"", ""1 ud clara de huevo"", ""250 g az\u00facar"", ""100 g harina de trigo"", ""0.25 cucharadita canela molida"", ""0.5 cucharadita especias de condimentos"", ""1 ud ralladura de lim\u00f3n"", ""10 g mantequilla""]",459 kCal,55 g,17 g,19 g,"[""Desayunos y Meriendas"", ""Postres"", ""Postres y Dulces"", ""Canarias"", ""Regiones de Espa\u00f1a""]"
Pollo a la antigua,https://recetas.lidl.es/recetas/pollo-a-la-antigua,6,"[""800 g pollo"", ""1 ud puerro"", ""200 g champi\u00f1ones"", ""1 cucharadita pimienta"", ""1 cucharada tomillo"", ""1 cucharadita sal"", ""80 ml vino blanco"", ""500 ml nata"", ""2 cucharadas mostaza antigua""]",359 kCal,7.2 g,32.9 g,20.8 g,"[""Segundos"", ""Primeros"", ""Carne y Aves"", ""Sin gluten""]"
Ensalada de churrasco con aliño de cereza,https://recetas.lidl.es/recetas/ensalada-de-churrasco-con-alino-de-cereza,2,"[""400 g filetes de vacuno"", ""50 g can\u00f3nigos"", ""1 ud aguacate"", ""70 g tomates cherry mix"", ""50 g queso azul"", ""0.5 ud cebolla"", ""1 cucharada cereza"", ""2 cucharadas aceite de oliva""]",494 kCal,9 g,49 g,28 g,"[""Segundos"", ""Primeros"", ""Fruta y Verdura"", ""Canarias""]"
Bizcocho de aceitunas negras,https://recetas.lidl.es/recetas/bizcocho-de-aceitunas-negras,8,"[""250 g harina de trigo"", ""7 g levadura"", ""4 uds huevos"", ""100 g aceitunas negras"", ""125 g tomates cherry"", ""40 g queso cheddar"", ""130 ml leche"", ""100 ml aceite de oliva"", ""3 g romero"", ""2 g pimienta"", ""3 g sal""]",309 kCal,23.7 g,7.5 g,20 g,"[""Segundos"", ""Primeros"", ""Pan y Masas"", ""Vegetariana""]"
Mini cheesecakes de fresa,https://recetas.lidl.es/recetas/mini-cheesecakes-de-fresa,9,"[""175 g fresas"", ""200 g queso de untar"", ""150 g nata para montar"", ""6 hojas gelatina"", ""50 g az\u00facar"", ""100 g galletas"", ""35 g mantequilla"", ""40 ml agua""]",286 kCal,22 g,6 g,19 g,"[""Desayunos y Meriendas"", ""Postres y Dulces"", ""Canarias"", ""Regiones de Espa\u00f1a""]"
Sardinas a la brasa con patatas,https://recetas.lidl.es/recetas/sardinas-a-la-brasa-con-patatas,3,"[""4 uds patatas"", ""10 ml aceite de oliva virgen extra"", ""3 g sal"", ""3 g pimienta"", ""2 uds dientes de ajo"", ""6 g perejil"", ""8 ml vinagre de manzana"", ""1 ud lim\u00f3n"", ""800 g sardinas""]",733 kCal,38.2 g,69.8 g,31.6 g,"[""Segundos"", ""Primeros"", ""Pescado y Marisco"", ""Sin lactosa"", ""Sin gluten"", ""La Cocina de Lidl"", ""Verano""]"
"Rollitos de pollo, queso y jamón",https://recetas.lidl.es/recetas/rollitos-de-pollo-queso-y-jamon,2,"[""2 uds pechugas de pollo"", ""3 g or\u00e9gano"", ""3 g pimienta"", ""3 g sal"", ""15 g jam\u00f3n serrano"", ""20 g queso cheddar"", ""50 g harina de trigo"", ""2 uds huevos"", ""50 g pan rallado"", ""25 ml aceite de oliva virgen extra""]",636 kCal,39.2 g,66.2 g,23.5 g,"[""Segundos"", ""Primeros"", ""Carne y Aves""]"
Desayuno día de Madre,https://recetas.lidl.es/recetas/desayuno-dia-de-madre,4,"[""8 panes integrales"", ""200 g jam\u00f3n cocido"", ""160 g queso edam"", ""200 g aguacates"", ""150 g tomates"", ""4 huevos"", ""40 g mantequilla"", ""3 g sal""]",765 kCal,61.5 g,35.3 g,45.1 g,"[""Desayunos y Meriendas"", ""D\u00eda de la Madre"", ""Recetas de bocadillos y tostadas""]"
Pastel de tortillas,https://recetas.lidl.es/recetas/pastel-de-tortillas,8,"[""4 uds huevos"", ""300 g espinacas"", ""100 g queso brie"", ""100 g cebolletas"", ""3 g sal"", ""3 g pimienta"", ""10 ml aceite de oliva virgen extra""]",559 kCal,16.5 g,31.6 g,41.1 g,"[""Segundos"", ""Primeros"", ""L\u00e1cteos y Huevos"", ""Sin gluten"", ""Vegetariana"", ""P\u00edcnic"", ""Verano""]"
Lasaña de pesto y ricotta,https://recetas.lidl.es/recetas/lasana-de-pesto-y-ricotta,6,"[""20 ml aceite de oliva"", ""5 g molino de especias"", ""100 g queso parmesano"", ""250 ml bechamel"", ""250 g mozzarella de b\u00fafala"", ""120 g pesto"", ""300 g queso ricotta"", ""250 g l\u00e1minas de lasa\u00f1a""]",733 kCal,41.1 g,27.9 g,40.4 g,"[""Segundos"", ""Primeros"", ""L\u00e1cteos y Huevos"", ""Vegetariana"", ""Italia"", ""La Cocina de Lidl""]"
Burger pizza de pollo,https://recetas.lidl.es/recetas/burger-pizza-de-pollo,2,"[""2 uds hamburguesa de pollo"", ""1 ud base de pizza"", ""70 g mozzarella"", ""4 cucharadas tomate frito"", ""4 lonchas queso cheddar"", ""1 cucharadita aceite de oliva"", ""2 lonchas chorizo"", ""20 g patatas""]",N/A,N/A,N/A,N/A,"[""Segundos"", ""Primeros"", ""Carne y Aves"", ""Regiones de Espa\u00f1a"", ""Canarias""]"
Potato cake vegetariano,https://recetas.lidl.es/recetas/potato-cake-vegetariano,6,"[""800 patatas"", ""80 sal"", ""40 pimienta"", ""1 hierbas arom\u00e1ticas""]",347 kCal,47.62 g,5.02 g,14.55 g,"[""Aperitivos"", ""Segundos"", ""Arroz, Legumbres y Cereales"", ""Fruta y Verdura"", ""Vegetariana"", ""La Cocina de Lidl"", ""Monsieur Cuisine""]"
Crackers integrales con salsa de melocotón,https://recetas.lidl.es/recetas/crackers-integrales-con-salsa-de-melocoton,4,"[""150 semillas para ensalada"", ""230 harina de trigo integral"", ""200 agua""]",510 kCal,48.67 g,15.34 g,25.87 g,"[""Aperitivos"", ""Pan y Masas"", ""Vegetariana"", ""Vegana"", ""Monsieur Cuisine""]"
Merluza marinada y arroz con verduras,https://recetas.lidl.es/recetas/merluza-marinada-y-arroz-con-verduras,2,"[""2 filetes de merluza"", ""20 salsa de soja"", ""1 lim\u00f3n"", ""30 miel"", ""0.5 jengibre en polvo"", ""0.5 ajo granulado"", ""10 vinagre bals\u00e1mico"", ""10 aceite de oliva virgen extra"", ""0.5 pimienta""]",598 kCal,94.6 g,38.7 g,9.8 g,"[""Segundos"", ""Primeros"", ""Pescado y Marisco"", ""Sin lactosa"", ""La Cocina de Lidl"", ""Monsieur Cuisine""]"
Batch cooking con Monsieur Cuisine Smart,https://recetas.lidl.es/recetas/batch-cooking-con-monsieur-cuisine-smart,10,"[""60 arroz redondo"", ""100 caldo de verduras"", ""100 tofu"", ""25 can\u00f3nigos"", ""30 tomates cherry"", ""10 nueces"", ""1 yogur natural"", ""25 aceite de oliva virgen extra"", ""0.5 lim\u00f3n""]",N/A,N/A,N/A,N/A,"[""Guarniciones"", ""Segundos"", ""Postres"", ""Primeros"", ""Postres y Dulces"", ""Carne y Aves"", ""Arroz, Legumbres y Cereales"", ""Fruta y Verdura"", ""Monsieur Cuisine""]"
One pot pasta,https://recetas.lidl.es/recetas/one-pot-pasta,4,"[""300 g penne"", ""1 ud cebolla dulce"", ""1 ud cebolleta"", ""1 ud pimiento tricolor"", ""100 g tomates"", ""100 g tomates cherry"", ""300 g tomate frito"", ""1 l caldo de verdura""]",371 kCal,70.4 g,13.5 g,10.7 g,"[""Segundos"", ""Primeros"", ""Pasta y Pizza"", ""Sin lactosa"", ""Vegetariana"", ""Vegana""]"
Briouats de almendra y pistacho,https://recetas.lidl.es/recetas/briouats-de-almendra-y-pistacho,10,"[""1 paquete masa filo"", ""100 g almendras picadas"", ""40 g pistachos"", ""30 g mantequilla"", ""1 cucharada agua de azahar"", ""1 cucharadita canela molida"", ""1 ud huevo"", ""50 g az\u00facar"", ""100 g miel""]",252 kCal,21 g,4 g,16 g,"[""Postres"", ""Postres y Dulces"", ""Regiones de Espa\u00f1a"", ""Canarias""]"
Guiso de pollo con verduras,https://recetas.lidl.es/recetas/guiso-de-pollo-con-verduras,4,"[""800 g pollo"", ""1 ud cebolla"", ""1 ud puerro"", ""3 uds zanahorias"", ""250 g coliflor"", ""250 g br\u00f3coli"", ""200 g champi\u00f1ones"", ""250 ml tomate triturado"", ""150 ml vino blanco"", ""250 ml caldo de pollo"", ""100 g aceitunas negras"", ""2 uds hojas de laurel""]",N/A,N/A,N/A,N/A,"[""Segundos"", ""Primeros"", ""Carne y Aves"", ""Sin lactosa"", ""Sin gluten"", ""La Cocina de Lidl""]"
Pastel frío de jamón y atún,https://recetas.lidl.es/recetas/pastel-frio-de-jamon-y-atun,6,"[""9 rebanadas pan de molde"", ""150 g at\u00fan"", ""60 g aceitunas negras"", ""30 g pepinillos"", ""150 g jam\u00f3n cocido"", ""100 g queso de untar"", ""3 uds huevos"", ""80 g lechuga iceberg"", ""50 g mayonesa"", ""50 g tomates cherry""]",240 kCal,12.9 g,16.2 g,13.3 g,"[""Segundos"", ""Primeros"", ""P\u00edcnic"", ""Verano"", ""Recetas de bocadillos y tostadas""]"
Carbonnades flamandes,https://recetas.lidl.es/recetas/carbonnades-flamandes,4,"[""600 g filetes de vacuno"", ""1 lata cerveza negra"", ""2 uds cebollas"", ""1 cucharada az\u00facar moreno"", ""500 g barras de pan"", ""1 cucharada vinagre"", ""1 cucharada mostaza"", ""25 g mantequilla"", ""1 ud hoja de laurel"", ""1 cucharadita tomillo""]",350 kCal,17 g,28 g,15 g,"[""Segundos"", ""Primeros"", ""Carne y Aves"", ""Regiones de Espa\u00f1a"", ""Canarias""]"
Albóndigas de pavo con salsa de manzana,https://recetas.lidl.es/recetas/albondigas-de-pavo-con-salsa-de-manzana,4,"[""1 ud cebolla dulce"", ""3 uds manzanas rojas""]",493 kCal,53.2 g,34.2 g,11.5 g,"[""Segundos"", ""Primeros"", ""Carne y Aves""]"
Cupcakes de Pascua,https://recetas.lidl.es/recetas/cupcakes-de-pascua,8,"[""2 uds huevos"", ""100 g az\u00facar"", ""80 ml aceite de oliva"", ""100 g harina"", ""4 uds zanahorias"", ""1 cucharadita canela molida"", ""100 g queso de untar"", ""100 g chocolate negro"", ""100 g chocolate blanco""]",387 kCal,39.7 g,13.7 g,22.3 g,"[""Desayunos y Meriendas"", ""Postres"", ""Postres y Dulces"", ""Recetas para ni\u00f1os a partir de 2 a\u00f1os""]"
Pulpo con parmentier de patata,https://recetas.lidl.es/recetas/pulpo-con-parmentier-de-patata,3,"[""3 uds pulpo"", ""10 ml aceite de oliva virgen extra""]",383 kCal,31.3 g,21.9 g,19.2 g,"[""Segundos"", ""Primeros"", ""Pescado y Marisco""]"
Dip de quesos fundidos con carne,https://recetas.lidl.es/recetas/dip-de-quesos-fundidos-con-carne,2,"[""0.5 ud cebolla dulce"", ""100 g carne picada"", ""80 ml sal"", ""35 g leche"", ""15 g queso de oveja"", ""15 g queso azul"", ""30 g queso gouda"", ""20 g quesos gruy\u00e8re""]",483 kCal,20.1 g,24.9 g,33.9 g,"[""Aperitivos"", ""Segundos"", ""Primeros"", ""L\u00e1cteos y Huevos"", ""La Cocina de Lidl""]"
Granola de chocolate y anacardos,https://recetas.lidl.es/recetas/granola-de-chocolate-y-anacardos,8,"[""50 g anacardos"", ""30 g nueces"", ""20 g mix de semillas"", ""100 g copos de avena"", ""2 uds tortitas de arroz"", ""2 cucharadas aceite de coco"", ""15 g coco rallado"", ""70 g sirope de agave"", ""2 cucharadas cacao en polvo"", ""1 cucharada canela molida"", ""75 g chocolate""]",244 kCal,25 g,6 g,14 g,"[""Desayunos y Meriendas"", ""Postres"", ""Postres y Dulces"", ""Canarias""]"
Mejillones en salsa de curry,https://recetas.lidl.es/recetas/mejillones-en-salsa-de-curry,4,"[""1 kg mejill\u00f3n"", ""2 uds dientes de ajo"", ""1 ud cebolla"", ""1 ud tomate"", ""0.5 ud pimiento rojo"", ""0.5 ud pimiento verde"", ""1 cucharada curry"", ""0.5 cucharada jengibre"", ""0.5 cucharadita chile picado"", ""300 ml aceite de coco"", ""1 aceite de oliva""]",296 kCal,10 g,14 g,22 g,"[""Segundos"", ""Primeros"", ""Pescado y Marisco"", ""Regiones de Espa\u00f1a"", ""Canarias""]"
Bizcocho relleno de fresas y nata,https://recetas.lidl.es/recetas/bizcocho-relleno-de-fresas-y-nata,12,"[""6 uds huevos"", ""150 g az\u00facar"", ""70 g mantequilla"", ""120 g harina de trigo"", ""60 g harina de ma\u00edz""]",458 kCal,18.1 g,7.4 g,36.7 g,"[""Desayunos y Meriendas"", ""Postres"", ""Postres y Dulces"", ""La Cocina de Lidl"", ""Cumplea\u00f1os""]"
Fingers de pescado y arroz,https://recetas.lidl.es/recetas/fingers-de-pescado-y-arroz,4,"[""100 g pescado"", ""300 g langostinos"", ""125 g queso"", ""1 ud huevo"", ""50 g harina de trigo"", ""50 g pan rallado"", ""200 g arroz redondo"", ""1 ud zanahoria"", ""0.5 ud calabac\u00edn"", ""0.5 ud puerro"", ""10 g aceitunas negras"", ""40 g pimientos rojos""]",337 kCal,42.8 g,18.6 g,10.1 g,"[""Segundos"", ""Primeros"", ""Pescado y Marisco"", ""Recetas para ni\u00f1os a partir de 3 a\u00f1os""]"
Tallarines cremosos con calamar y langostinos,https://recetas.lidl.es/recetas/tallarines-cremosos-con-calamar-y-langostinos,4,"[""350 g calamares patag\u00f3nico"", ""200 g langostinos"", ""250 g pasta"", ""50 g queso en polvo"", ""150 ml caldo de pescado"", ""100 ml vino blanco"", ""150 g nata"", ""2 uds tomates"", ""2 uds dientes de ajo"", ""1 ud cebolla"", ""20 g mantequilla""]",517 kCal,50 g,34 g,18 g,"[""Segundos"", ""Primeros"", ""Pasta y Pizza"", ""Canarias"", ""Regiones de Espa\u00f1a""]"
Empanadas verdes,https://recetas.lidl.es/recetas/empanadas-verdes,8,"[""120 g espinacas"", ""1 ud huevo (L suelo)"", ""50 ml leche fresca entera ecol\u00f3gica"", ""400 g harina de trigo"", ""120 g mantequilla sin sal""]",491 kCal,38.9 g,12.4 g,30.7 g,"[""Segundos"", ""Primeros"", ""Pan y Masas"", ""Vegetariana"", ""P\u00edcnic""]"
Lomo con salsa de cerveza,https://recetas.lidl.es/recetas/lomo-con-salsa-de-cerveza,10,"[""2 kg lomos de cerdo"", ""10 ml aceite de oliva virgen extra"", ""1 ud hoja de laurel"", ""500 ml cervezas"", ""15 g harina de ma\u00edz"", ""100 ml agua""]",398 kCal,11.5 g,39 g,20.5 g,"[""Segundos"", ""Primeros"", ""Carne y Aves"", ""Sin lactosa""]"
Bacalao confitado,https://recetas.lidl.es/recetas/bacalao-confitado,4,"[""35 g almendras"", ""1 ud diente de ajo"", ""50 ml agua"", ""9 ml vinagre"", ""25 ml aceite de oliva virgen extra"", ""1 ud barra de pan""]",466 kCal,14.7 g,26.3 g,32.1 g,"[""Segundos"", ""Primeros"", ""Pescado y Marisco"", ""La Cocina de Lidl""]"
Cómo hacer masa de gofres,https://recetas.lidl.es/recetas/como-hacer-masa-de-gofres,8,"[""250 g harina de trigo"", ""2 uds huevos"", ""100 g az\u00facar"", ""200 ml leche fresca de pastoreo entera"", ""100 g mantequilla sin sal"", ""10 g levadura en polvo"", ""3 g sal""]",N/A,N/A,N/A,N/A,"[""Desayunos y Meriendas"", ""Pan y Masas""]"
Brownie de fresa y chocolate blanco,https://recetas.lidl.es/recetas/brownie-de-fresa-y-chocolate-blanco,9,"[""100 g fresas"", ""230 g chocolate blanco"", ""100 g mantequilla"", ""2 uds huevos"", ""100 g az\u00facar"", ""150 g harina"", ""4 g levadura"", ""30 g nueces""]",393 kCal,40 g,7 g,23 g,"[""Postres"", ""Postres y Dulces"", ""Canarias""]"
Cómo hacer masa de tortitas,https://recetas.lidl.es/recetas/como-hacer-masa-de-tortitas,4,"[""40 g mantequilla"", ""2 uds huevos"", ""250 ml leche"", ""300 g harina de trigo"", ""15 g levadura"", ""8 g az\u00facar avainillado"", ""30 g az\u00facar""]",N/A,N/A,N/A,N/A,"[""Desayunos y Meriendas"", ""Pan y Masas"", ""Vegetariana""]"
Cómo hacer masa de pan,https://recetas.lidl.es/recetas/como-hacer-masa-de-pan,8,"[""500 g harina de fuerza"", ""300 ml agua"", ""10 g levadura"", ""10 g sal"", ""8 g az\u00facar"", ""30 ml aceite de oliva virgen extra""]",N/A,N/A,N/A,N/A,"[""Desayunos y Meriendas"", ""Pan y Masas""]"
Cómo hacer masa de bagels,https://recetas.lidl.es/recetas/como-hacer-masa-de-bagels,4,"[""250 ml agua"", ""15 g levadura fresca"", ""5 g az\u00facar"", ""450 g harina de trigo"", ""30 g mantequilla"", ""1 uds sal""]",N/A,N/A,N/A,N/A,"[""Desayunos y Meriendas"", ""Pan y Masas"", ""Recetas de bocadillos y tostadas""]"
Cómo hacer masa de pizza,https://recetas.lidl.es/recetas/como-hacer-masa-de-pizza,8,"[""350 g agua"", ""2 g levadura fresca"", ""500 g harina de fuerza"", ""5 g sal""]",N/A,N/A,N/A,N/A,"[""Primeros"", ""Segundos"", ""Pan y Masas"", ""Pasta y Pizza""]"
Cómo hacer masa de empanada,https://recetas.lidl.es/recetas/como-hacer-masa-de-empanada,4,"[""145 ml leche"", ""15 g levadura fresca"", ""500 g harina de trigo"", ""70 g sal"", ""3 uds mantequilla""]",N/A,N/A,N/A,N/A,"[""Pan y Masas"", ""P\u00edcnic""]"
Cómo hacer masa de churros,https://recetas.lidl.es/recetas/como-hacer-masa-de-churros,4,"[""300 g harina de trigo"", ""300 ml agua"", ""10 g sal"", ""20 g az\u00facar""]",N/A,N/A,N/A,N/A,"[""Desayunos y Meriendas"", ""Postres"", ""Pan y Masas"", ""Postres y Dulces""]"
Cómo hacer masa de galletas,https://recetas.lidl.es/recetas/como-hacer-masa-de-galletas,15,"[""200 g mantequilla"", ""160 g az\u00facar"", ""1 ud huevo"", ""400 g harina de trigo"", ""4 g levadura"", ""1 cucharada jengibre en polvo"", ""2 cucharadas canela molida"", ""1 cucharada nuez moscada""]",N/A,N/A,N/A,N/A,"[""Desayunos y Meriendas"", ""Pan y Masas"", ""Postres y Dulces"", ""Navidad""]"
Cómo hacer masa de crepes,https://recetas.lidl.es/recetas/como-hacer-masa-de-crepes,12,"[""250 g harina de trigo"", ""4 uds huevos"", ""20 g az\u00facar"", ""600 ml leche"", ""10 ml aceite de oliva virgen extra"", ""3 g sal"", ""20 g mantequilla""]",N/A,N/A,N/A,N/A,"[""Desayunos y Meriendas"", ""Pan y Masas""]"
Potito de frutas para merendar,https://recetas.lidl.es/recetas/potito-de-frutas-para-merendar,4,"[""1 ud kiwi"", ""1 ud pl\u00e1tano"", ""3 uds mandarinas"", ""0.5 ud manzana"", ""0.5 ud manzana""]",78 kCal,18 g,1.1 g,0.2 g,"[""Desayunos y Meriendas"", ""Fruta y Verdura"", ""Recetas para ni\u00f1os a partir de 6 meses""]"
Pollo asado con patatas,https://recetas.lidl.es/recetas/pollo-asado-con-patatas,4,"[""40 aceite de oliva virgen extra"", ""40 vino blanco"", ""1 lim\u00f3n""]",826 kCal,31.87 g,65.7 g,49.13 g,"[""Segundos"", ""Carne y Aves"", ""Fruta y Verdura"", ""Freidora de aire""]"
Patatas fritas con la freidora de aire,https://recetas.lidl.es/recetas/patatas-fritas-con-la-freidora-de-aire,2,"[""300 patatas""]",123 kCal,14.5 g,0.3 g,7.1 g,"[""Aperitivos"", ""Freidora de aire""]"
Cuatro recetas con la freidora de aire,https://recetas.lidl.es/recetas/cuatro-recetas-con-la-freidora-de-aire,8,"[""125 harina de trigo"", ""500 leche"", ""250 nata"", ""250 caldo de pollo"", ""125 mantequilla"", ""1 nuez moscada"", ""100 cebolleta"", ""10 pechugas de pollo"", ""1 pan rallado""]",492 kCal,2.8 g,0.2 g,32.5 g,"[""Aperitivos"", ""Segundos"", ""Primeros"", ""Carne y Aves"", ""La Cocina de Lidl"", ""Freidora de aire""]"
2 recetas de pollo con la freidora de aire,https://recetas.lidl.es/recetas/2-recetas-de-pollo-con-la-freidora-de-aire,2,"[""300 pechugas de pollo"", ""50 aceite de oliva virgen extra"", ""20 vino blanco"", ""2 piment\u00f3n dulce"", ""3 ajo granulado"", ""2 or\u00e9gano"", ""1 tomillo"", ""2 sal"", ""1 pimienta""]",N/A,N/A,N/A,N/A,"[""Aperitivos"", ""Segundos"", ""Primeros"", ""Carne y Aves"", ""La Cocina de Lidl"", ""Freidora de aire""]"
Bacalao con patatas en freidora de aire,https://recetas.lidl.es/recetas/bacalao-con-patatas-en-freidora-de-aire,4,"[""3 uds patatas"", ""800 g bacalao"", ""600 g harina de trigo"", ""100 g maicena"", ""100 g ajo granulado"", ""2 uds huevos"", ""2 cucharadas agua"", ""100 g pan rallado""]",N/A,N/A,N/A,N/A,"[""Segundos"", ""Primeros"", ""Pescado y Marisco"", ""Freidora de aire""]"
Marmitako de atún,https://recetas.lidl.es/recetas/marmitako-de-atun,4,"[""1 ud cebolla"", ""0.5 ud pimiento verde"", ""0.5 ud pimiento rojo"", ""2 uds tomates"", ""1 ud diente de ajo"", ""700 g patatas"", ""1 l caldo de pescado"", ""400 g at\u00fan""]",451 kCal,45.6 g,39.9 g,11.6 g,"[""Segundos"", ""Primeros"", ""Pescado y Marisco"", ""Sin lactosa"", ""Sin gluten"", ""La Cocina de Lidl""]"
Magdalenas de plátano,https://recetas.lidl.es/recetas/magdalenas-de-platano,6,"[""120 g copos de avena"", ""2 uds pl\u00e1tanos"", ""1 ud huevo"", ""60 g mantequilla"", ""9 g levadura""]",213 kCal,27.3 g,5.6 g,8.9 g,"[""Desayunos y Meriendas"", ""Postres"", ""Postres y Dulces"", ""Vegetariana"", ""D\u00eda del Padre""]"
Judías verdes con huevo escalfado,https://recetas.lidl.es/recetas/judias-verdes-con-huevo-escalfado,4,"[""2 uds dientes de ajo"", ""90 g taquitos de jam\u00f3n"", ""600 uds jud\u00eda verde"", ""4 uds huevos"", ""50 g aceitunas negras"", ""50 g queso de cabra""]",260 kCal,5.1 g,16.7 g,19.1 g,"[""Segundos"", ""Primeros"", ""Fruta y Verdura"", ""Sin gluten""]"
Guiso de pavo,https://recetas.lidl.es/recetas/guiso-de-pavo,1,"[""450 g filetes de pavo"", ""20 g harina de trigo"", ""85 g puerros"", ""1 ud cebolla"", ""150 g zanahorias"", ""100 g pimientos verdes"", ""3 uds dientes de ajo"", ""2 uds hojas de laurel"", ""150 g champi\u00f1\u00f3n portobello"", ""100 ml vino blanco"", ""150 g patatas"", ""800 g caldo de verduras""]",N/A,N/A,N/A,N/A,"[""Segundos"", ""Primeros"", ""Carne y Aves""]"
Arroz integral con brócoli,https://recetas.lidl.es/recetas/arroz-integral-con-brocoli,4,"[""200 g arroz integral"", ""200 g br\u00f3coli"", ""80 g edamame"", ""1 ud diente de ajo"", ""1 ud pimiento verde"", ""30 ml salsa de soja"", ""1 ud cebolleta"", ""15 ml aceite de girasol""]",325 kCal,47.2 g,10 g,10.8 g,"[""Segundos"", ""Primeros"", ""Arroz, Legumbres y Cereales"", ""Sin lactosa"", ""Vegetariana"", ""Vegana""]"
Rollitos de vacuno con queso y espárragos,https://recetas.lidl.es/recetas/rollitos-de-vacuno-con-queso-y-esparragos,4,"[""500 g filetes de vacuno"", ""200 g esparragos trigueros"", ""1 ud zanahoria"", ""4 lonchas jam\u00f3n cocido"", ""200 g queso de cabra"", ""3 cucharadas vinagre bals\u00e1mico"", ""2 cucharadas aceite de oliva"", ""1 ud diente de ajo""]",434 kCal,7 g,38 g,28 g,"[""Segundos"", ""Primeros"", ""Carne y Aves"", ""Regiones de Espa\u00f1a"", ""Canarias""]"
Tostada de revuelto con jamón,https://recetas.lidl.es/recetas/tostada-de-revuelto-con-jamon,4,"[""6 uds huevos"", ""4 rebanadas panes"", ""100 g champi\u00f1ones"", ""100 g jam\u00f3n"", ""80 g cebolletas""]",322 kCal,14.4 g,22.4 g,18.7 g,"[""Desayunos y Meriendas"", ""Segundos"", ""Primeros"", ""La Cocina de Lidl"", ""Recetas de bocadillos y tostadas""]"
Pizza con base de garbanzos y verduras,https://recetas.lidl.es/recetas/pizza-con-base-de-garbanzos-y-verduras,4,"[""150 g garbanzos"", ""1 ud huevo"", ""2 cucharadas agua"", ""40 g or\u00e9gano"", ""20 g aceite de oliva virgen extra"", ""20 g tomates cherry"", ""60 g pimientos rojos"", ""40 g pimientos verdes"", ""40 g aceitunas negras"", ""100 g aceitunas"", ""50 g calabacines""]",250 kCal,22.3 g,12.1 g,12.2 g,"[""Segundos"", ""Primeros"", ""Pasta y Pizza"", ""Arroz, Legumbres y Cereales"", ""Recetas para ni\u00f1os a partir de 3 a\u00f1os""]"
Mis primeras galletas navideñas,https://recetas.lidl.es/recetas/mis-primeras-galletas-navidenas,6,"[""200 g frutos rojos"", ""6 hojas gelatina"", ""200 g harina"", ""200 g yogur natural"", ""150 g yogur natural""]",172 kCal,30.3 g,8.2 g,2 g,"[""Desayunos y Meriendas"", ""Postres"", ""Postres y Dulces"", ""Pan y Masas"", ""Recetas para ni\u00f1os a partir de 12 meses""]"
Pancakes de plátano,https://recetas.lidl.es/recetas/pancakes-de-platano,8,"[""1 ud huevo"", ""1 ud pl\u00e1tano"", ""40 g harina"", ""0.5 cucharadita levadura"", ""100 ml leche"", ""20 ml aceite de oliva"", ""50 g mermelada de melocot\u00f3n"", ""50 g mermelada de fresa""]",110 kCal,16.7 g,2.1 g,3.8 g,"[""Desayunos y Meriendas"", ""Pan y Masas"", ""Recetas para ni\u00f1os a partir de 12 meses""]"
Corazones marmolados,https://recetas.lidl.es/recetas/corazones-marmolados,8,"[""4 uds huevos"", ""8 uds d\u00e1tiles"", ""1 ud naranja"", ""200 g harina"", ""15 g cacao en polvo"", ""100 ml aceite de oliva"", ""50 g frutos rojos""]",285 kCal,28.7 g,6.4 g,16.1 g,"[""Desayunos y Meriendas"", ""Postres"", ""Postres y Dulces"", ""Recetas para ni\u00f1os a partir de 2 a\u00f1os""]"
Cóctel sin alcohol,https://recetas.lidl.es/recetas/coctel-sin-alcohol,6,"[""0.5 ud naranja"", ""2 cucharadas panela"", ""200 ml zumo de naranja"", ""200 ml zumo de pi\u00f1a"", ""200 ml zumo de melocot\u00f3n"", ""0.5 ud naranja""]",70 kCal,16.8 g,0.7 g,0.03 g,"[""Bebidas"", ""Recetas para ni\u00f1os a partir de 2 a\u00f1os""]"
Pizza de embutidos,https://recetas.lidl.es/recetas/pizza-de-embutidos,4,"[""400 ml tomate triturado"", ""1 ud diente de ajo"", ""1 cucharadita albahaca"", ""10 ml aceite de oliva virgen extra"", ""1 cucharadita pimienta""]",419 kCal,50.2 g,15.9 g,10.9 g,"[""Segundos"", ""Primeros"", ""Pasta y Pizza"", ""La Cocina de Lidl""]"
Bocadillo de pata asada a la plancha con queso y manzana,https://recetas.lidl.es/recetas/bocadillo-de-pata-asada-a-la-plancha-con-queso-y-manzana,3,"[""200 g pata asada"", ""100 g queso fresco"", ""3 uds barras de pan"", ""30 g r\u00facula"", ""1 ud tomate"", ""1 ud manzana"", ""0.5 ud cebolla"", ""10 g aceite de oliva""]",650 kCal,63 g,31 g,29 g,"[""Segundos"", ""Primeros"", ""Canarias"", ""Regiones de Espa\u00f1a"", ""Recetas de bocadillos y tostadas""]"
Dos ensaladas de invierno,https://recetas.lidl.es/recetas/dos-ensaladas-de-invierno,4,"[""1 ud calabaza"", ""20 ml aceite de oliva virgen extra"", ""3 uds naranjas"", ""100 g queso feta"", ""200 g d\u00fao can\u00f3nigos y r\u00facula"", ""100 g almendras"", ""1 ud aguacate""]",N/A,N/A,N/A,N/A,"[""Segundos"", ""Primeros"", ""Fruta y Verdura"", ""Sin gluten"", ""Vegetariana"", ""La Cocina de Lidl""]"
Lasaña de calabacín y carne con queso,https://recetas.lidl.es/recetas/lasana-de-calabacin-y-carne-con-queso,6,"[""120 g cebollas"", ""200 g setas"", ""500 g carne picada"", ""600 ml salsa de tomate""]",314 kCal,12.1 g,18.1 g,20.8 g,"[""Segundos"", ""Primeros"", ""Carne y Aves"", ""Sin gluten"", ""La Cocina de Lidl""]"
Tabla de embutidos,https://recetas.lidl.es/recetas/tabla-de-embutidos,8,"[""100 g mortadella"", ""100 g salami"", ""60 g salchich\u00f3n"", ""100 g chorizo"", ""60 longaniza"", ""80 g lomos de cerdo"", ""90 g jam\u00f3n"", ""80 g jam\u00f3n serrano""]",N/A,N/A,N/A,N/A,"[""Aperitivos"", ""La Cocina de Lidl"", ""Recetas con embutidos y quesos""]"
¡Así sabe Italia!,https://recetas.lidl.es/recetas/asi-sabe-italia,12,"[""1 pizza (diavola)"", ""1 pizza (arrabiata al horno)"", ""1 pizza (prosciutto y pesto)""]",N/A,N/A,N/A,N/A,"[""Aperitivos"", ""Segundos"", ""Postres"", ""Primeros"", ""Arroz, Legumbres y Cereales"", ""Pasta y Pizza"", ""Postres y Dulces"", ""Italia"", ""Recetas del Mundo"", ""La Cocina de Lidl""]"
2 recetas BIO con salmón y aguacate,https://recetas.lidl.es/recetas/2-recetas-bio-con-salmon-y-aguacate,4,"[""100 g salm\u00f3n"", ""300 g aguacates"", ""2 uds huevos"", ""1 ud cebolleta"", ""0.5 ud lim\u00f3n"", ""1 ud pimiento rojo"", ""2 uds zanahorias"", ""80 g mayonesa"", ""100 g mangos"", ""40 g cebollinos""]",N/A,N/A,N/A,N/A,"[""Aperitivos"", ""Segundos"", ""Primeros"", ""Bio"", ""La Cocina de Lidl"", ""Recetas de bocadillos y tostadas""]"
Tabla de embutidos variados,https://recetas.lidl.es/recetas/tabla-de-embutidos-variados,10,"[""2 rodajas pi\u00f1as"", ""70 g jam\u00f3n serrano"", ""30 g uvas rojas"", ""80 g queso brie"", ""10 pan tostado"", ""150 g pechuga de pavo"", ""1 r\u00facula"", ""150 g pepino""]",N/A,N/A,N/A,N/A,"[""Aperitivos"", ""Recetas con embutidos y quesos""]"
Bizcocho de café y chocolate,https://recetas.lidl.es/recetas/bizcocho-de-cafe-y-chocolate,10,"[""3 uds huevos"", ""60 g az\u00facar"", ""100 ml aceite de oliva"", ""2 uds c\u00e1psulas de caf\u00e9"", ""200 g harina de trigo"", ""20 g cacao en polvo"", ""15 g levadura"", ""3 g sal""]",230 kCal,26.7 g,4.7 g,11.6 g,"[""Desayunos y Meriendas"", ""Postres"", ""Postres y Dulces"", ""Vegetariana"", ""Cumplea\u00f1os"", ""San Valent\u00edn"", ""D\u00eda de la Madre"", ""D\u00eda del Padre""]"
Trufas de pistacho o avellanas,https://recetas.lidl.es/recetas/trufas-de-pistacho-o-avellanas,12,"[""150 g galletas"", ""15 ml leche condensada"", ""60 ml leche de almendras"", ""40 g pistachos"", ""150 g chocolate blanco""]",N/A,N/A,N/A,N/A,"[""Postres"", ""Postres y Dulces"", ""Vegetariana"", ""Recetas con productos Vemondo""]"
Hamburguesa Wellington,https://recetas.lidl.es/recetas/hamburguesa-wellington,4,"[""2 hamburguesas"", ""1 hojaldre"", ""1 huevo"", ""2 cebollas"", ""2 pimientos rojos""]",557 kCal,40.1 g,25.3 g,32.1 g,"[""Segundos"", ""Primeros"", ""Carne y Aves"", ""Bio""]"
Pollo al ajillo con salsa de cacahuete y requesón,https://recetas.lidl.es/recetas/pollo-al-ajillo-con-salsa-de-cacahuete-y-requeson,4,"[""600 g pollo"", ""1 ud cebolla"", ""100 g crema de cacahuete"", ""100 g tomate frito"", ""200 ml nata"", ""50 g reques\u00f3n"", ""15 g albahaca"", ""20 g cacahuetes tostados sin sal"", ""30 ml aceite de oliva""]",565 kCal,10 g,44 g,38 g,"[""Segundos"", ""Primeros"", ""Carne y Aves"", ""Canarias"", ""Regiones de Espa\u00f1a""]"
Crema de tomate con garbanzos,https://recetas.lidl.es/recetas/crema-de-tomate-con-garbanzos,2,"[""1 ud cebolla"", ""1 g ajo"", ""30 ml aceite de oliva virgen extra"", ""1 ud apio"", ""500 g tomates"", ""200 g garbanzos"", ""500 ml caldo de verduras""]",N/A,N/A,N/A,N/A,"[""Segundos"", ""Primeros"", ""Sopas y Cremas"", ""Vegetariana""]"
Postre para San Valentín,https://recetas.lidl.es/recetas/postre-para-san-valentin,12,"[""100 g frutas congeladas"", ""60 g queso de untar"", ""2 uds huevos"", ""50 g az\u00facar"", ""50 g harina de trigo"", ""6 g levadura""]",N/A,N/A,N/A,N/A,"[""Postres"", ""Postres y Dulces"", ""Vegetariana"", ""La Cocina de Lidl""]"
Gofres dulces y salados,https://recetas.lidl.es/recetas/gofres-dulces-y-salados,2,"[""2 uds gofre"", ""1 ud salchicha""]",540 kCal,48 g,15 g,31 g,"[""Desayunos y Meriendas"", ""Postres y Dulces"", ""USA"", ""Recetas del Mundo""]"
Pastel de boloñesa vegana,https://recetas.lidl.es/recetas/pastel-de-bolonesa-vegana,4,"[""2 uds aceite de oliva virgen extra"", ""1 ud zanahorias"", ""100 g pimiento rojo"", ""150 g puerros"", ""375 champi\u00f1ones"", ""350 g rulo vegetal"", ""30 g salsa""]",540 kCal,53.8 g,25 g,16.6 g,"[""Segundos"", ""Primeros"", ""Fruta y Verdura"", ""Vegana"", ""Recetas con productos Vemondo""]"
Bocados de arroz crujiente con salmón,https://recetas.lidl.es/recetas/bocados-de-arroz-crujiente-con-salmon,4,"[""100 g salm\u00f3n"", ""1 ud aguacate"", ""50 g tomates cherry"", ""20 g cebollas"", ""0.5 ud lima"", ""1 cucharada mayonesa"", ""1 cucharada salsa de soja"", ""1 cucharadita chile picado"", ""10 g pistachos"", ""1 taza arroz redondo"", ""1.5 tazas agua"", ""1 cucharada vinagre de manzana"", ""1 cucharadita az\u00facar"", ""2 cucharadas aceite de oliva""]",380 kCal,44 g,11 g,17 g,"[""Aperitivos"", ""Segundos"", ""Primeros"", ""Arroz, Legumbres y Cereales"", ""Canarias""]"
Sushi balls y gyozas,https://recetas.lidl.es/recetas/sushi-balls-y-gyozas,4,"[""200 g empanadillas"", ""100 ml agua"", ""20 g harina de ma\u00edz"", ""0.5 ud cebolleta"", ""30 ml aceite de oliva virgen extra""]",N/A,N/A,N/A,N/A,"[""Segundos"", ""Primeros"", ""Arroz, Legumbres y Cereales"", ""Sin lactosa"", ""Asia"", ""La Cocina de Lidl""]"
Sopa de fideos,https://recetas.lidl.es/recetas/sopa-de-fideos,4,"[""2 uds zanahorias"", ""2 uds cebollas"", ""1 ud puerro"", ""1 ud muslo de pollo"", ""1 ud pollo"", ""2 uds alitas de pollo"", ""80 g aceite de oliva""]",119 kCal,15.2 g,6.8 g,3.4 g,"[""Primeros"", ""Sopas y Cremas"", ""Recetas para ni\u00f1os a partir de 2 a\u00f1os""]"
Bizcocho de boniato,https://recetas.lidl.es/recetas/bizcocho-de-boniato,10,"[""150 g d\u00e1tiles"", ""4 uds huevos"", ""70 ml aceite de oliva"", ""110 ml leche"", ""280 g harina"", ""0.5 cucharadas levadura"", ""50 g cocos"", ""4 uds sal"", ""20 g casta\u00f1as de avellino"", ""20 g almendras"", ""100 g avellanas""]",364 kCal,43.6 g,7.8 g,15.6 g,"[""Desayunos y Meriendas"", ""Postres"", ""Postres y Dulces"", ""Cumplea\u00f1os"", ""Recetas para ni\u00f1os a partir de 3 a\u00f1os""]"
Barritas energéticas XXL de nueces y plátano,https://recetas.lidl.es/recetas/barritas-energeticas-xxl-de-nueces-y-platano,8,"[""75 g nueces"", ""1 ud pl\u00e1tano"", ""50 g crema de cacahuete"", ""150 g muesli granola"", ""2 cucharadas sirope de agave"", ""2 cucharadas aceite de coco""]",350 kCal,23 g,7 g,26 g,"[""Desayunos y Meriendas"", ""Postres"", ""Postres y Dulces"", ""Canarias""]"
Guiso de sepia con alubias,https://recetas.lidl.es/recetas/guiso-de-sepia-con-alubias,2,"[""1 ud cebolla dulce"", ""200 g tomate triturado"", ""1 ud diente de ajo"", ""300 g alubias blancas"", ""400 g sepias"", ""1 ud aceite de oliva virgen extra"", ""1 ud caldo de pescado""]",373 kCal,22.1 g,39.9 g,12.2 g,"[""Segundos"", ""Primeros"", ""Arroz, Legumbres y Cereales"", ""Sin lactosa""]"
Tortelloni de espinacas y ricota con salsa de avellanas,https://recetas.lidl.es/recetas/tortelloni-de-espinacas-y-ricota-con-salsa-de-avellanas,2,"[""300 g tortelloni de espinacas y ricota"", ""1 ud diente de ajo"", ""1 ud cebolla dulce"", ""100 g champi\u00f1ones"", ""60 g avellanas tostadas"", ""400 ml bebida de avellana"", ""60 g queso fresco"", ""10 ml salsa de soja""]",795 kCal,74.1 g,27.5 g,41.4 g,"[""Segundos"", ""Primeros"", ""Pasta y Pizza"", ""Vegetariana""]"
Espaguetis con albóndigas,https://recetas.lidl.es/recetas/espaguetis-con-albondigas,4,"[""20 ml aceite de oliva virgen extra"", ""1 ud diente de ajo"", ""1 ud cebolla dulce"", ""800 g tomates""]",563 kCal,61.9 g,23.3 g,28.1 g,"[""Primeros"", ""Pasta y Pizza""]"
Chuletas de pavo al ajillo con tabulé de papaya,https://recetas.lidl.es/recetas/chuletas-de-pavo-al-ajillo-con-tabule-de-papaya,3,"[""600 g filetes de pavo"", ""80 g perejil"", ""100 g papayas"", ""50 g pepinos"", ""75 g tomates"", ""30 g cebollas"", ""5 g hierbabuena"", ""30 g cusc\u00fas"", ""1 ud lim\u00f3n"", ""1 cucharadita sal"", ""2 cucharadas aceite de oliva virgen extra""]",367 kCal,21 g,38 g,13 g,"[""Segundos"", ""Primeros"", ""Carne y Aves"", ""Canarias"", ""Regiones de Espa\u00f1a""]"
Salmón al horno con piña y verdura,https://recetas.lidl.es/recetas/salmon-al-horno-con-pina-y-verdura,4,"[""1 kg salm\u00f3n"", ""1 ud pi\u00f1a"", ""1 cucharada chile picado"", ""2 cucharadas miel"", ""0.5 ud lim\u00f3n""]",578 kCal,29 g,50 g,28 g,"[""Segundos"", ""Primeros"", ""Pescado y Marisco"", ""Canarias"", ""Regiones de Espa\u00f1a""]"
Bacalao con mojo rojo y parmentier de guisante,https://recetas.lidl.es/recetas/bacalao-con-mojo-rojo-y-parmentier-de-guisante,3,"[""500 g bacalao"", ""30 g mojo"", ""30 g queso grana padano""]",490 kCal,19 g,46 g,25 g,"[""Segundos"", ""Primeros"", ""Pescado y Marisco"", ""Regiones de Espa\u00f1a"", ""Canarias""]"
Costillas de cerdo al vino con quenelle de patata,https://recetas.lidl.es/recetas/costillas-de-cerdo-al-vino-con-quenelle-de-patata,4,"[""2 uds patatas"", ""60 g mantequilla"", ""300 ml leche""]",N/A,35.1 g,42.2 g,63.9 g,"[""Segundos"", ""Primeros"", ""Carne y Aves"", ""Sin gluten"", ""Navidad""]"
Corona de hojaldre vegetariana,https://recetas.lidl.es/recetas/corona-de-hojaldre-vegetariana,8,"[""20 ml aceite de oliva virgen extra"", ""1 ud cebolla dulce"", ""100 g br\u00f3coli"", ""1 ud calabac\u00edn"", ""120 g esparragos"", ""1 ud hojaldre"", ""1 ud huevo"", ""200 ml tomate frito"", ""20 g tomates cherry"", ""90 g queso de cabra"", ""10 g aceitunas negras""]",223 kCal,16.5 g,6.5 g,13.9 g,"[""Segundos"", ""Primeros"", ""Pan y Masas"", ""Vegetariana"", ""Navidad""]"
3 Aperitivos navideños,https://recetas.lidl.es/recetas/3-aperitivos-navidenos,9,"[""18 uds hojaldre"", ""105 g cebolla caramelizada"", ""120 g mousse"", ""70 g lomos de cerdo""]",435 kCal,32.6 g,19 g,24.5 g,"[""Aperitivos"", ""Pan y Masas"", ""La Cocina de Lidl"", ""Navidad""]"
Menú Estrella,https://recetas.lidl.es/recetas/menu-estrella,4,"[""70 g membrillo el quijote"", ""25 ml agua"", ""40 g pat\u00e9"", ""5 ml aceite de oliva virgen extra"", ""5 ml vinagre"", ""1 ud calabac\u00edn"", ""30 g frambuesas"", ""30 g ar\u00e1ndanos"", ""14 g alcaparras""]",N/A,N/A,N/A,N/A,"[""Aperitivos"", ""Segundos"", ""Postres"", ""Primeros"", ""Sopas y Cremas"", ""Postres y Dulces"", ""Carne y Aves"", ""Pescado y Marisco"", ""La Cocina de Lidl"", ""Navidad""]"
Roast beef con ensalada cítrica y salsa de yogurt,https://recetas.lidl.es/recetas/roast-beef-con-ensalada-citrica-y-salsa-de-yogurt,8,"[""1.2 kg roast beef de a\u00f1ojo"", ""2 cucharadas mostaza de dijon""]",294 kCal,12 g,34 g,11 g,"[""Segundos"", ""Primeros"", ""Carne y Aves"", ""Canarias""]"
Vasitos de turrón y merengue,https://recetas.lidl.es/recetas/vasitos-de-turron-y-merengue,6,"[""250 g turrones blandos"", ""30 g harina de ma\u00edz"", ""500 ml leche""]",595 kCal,50 g,11 g,33 g,"[""Postres"", ""Postres y Dulces"", ""Canarias""]"
Paletilla de cordero con cuscús de verdura y manzana,https://recetas.lidl.es/recetas/paletilla-de-cordero-con-cuscus-de-verdura-y-manzana,4,"[""1 kg paletilla de cordero"", ""1 cucharada aceite de oliva virgen extra"", ""1 cucharada romero"", ""1 cucharadita canela molida"", ""3 uds dientes de ajo"", ""1 ud lim\u00f3n"", ""1 vaso vino blanco""]",574 kCal,44 g,33 g,28 g,"[""Segundos"", ""Primeros"", ""Canarias""]"
Redondo con crema de setas y pastel de verduras,https://recetas.lidl.es/recetas/redondo-con-crema-de-setas-y-pastel-de-verduras,12,"[""1 ud calabac\u00edn"", ""4 uds zanahorias"", ""2 uds pimientos verdes"", ""10 ml aceite de oliva virgen extra"", ""30 g espinacas"", ""12 uds huevos"", ""160 g harina de trigo"", ""800 ml nata""]",765 kCal,22.6 g,56 g,49.8 g,"[""Segundos"", ""Primeros"", ""Carne y Aves"", ""La Cocina de Lidl"", ""Navidad""]"
Arroz caldoso de vieiras y gambones,https://recetas.lidl.es/recetas/arroz-caldoso-de-vieiras-y-gambones,7,"[""20 ml aceite de oliva virgen extra"", ""500 g vieiras con concha"", ""1500 g gambas"", ""210 g sofrito para fumet"", ""1 ud lim\u00f3n"", ""700 g arroz"", ""3 l caldo de navidad"", ""70 g mayonesa""]",837 kCal,86.5 g,60.1 g,84.6 g,"[""Segundos"", ""Primeros"", ""Arroz, Legumbres y Cereales"", ""Pescado y Marisco"", ""Navidad"", ""La Cocina de Lidl""]"
Aleta de vacuno rellena de almogrote y espinacas,https://recetas.lidl.es/recetas/aleta-de-vacuno-rellena-de-almogrote-y-espinacas,6,"[""200 g espinacas"", ""200 g jam\u00f3n serrano"", ""50 g mezcla de frutos secos"", ""2 uds dientes de ajo"", ""1 ud cebolla dulce"", ""500 g patatas"", ""60 g pat\u00e9"", ""1 cucharadita piment\u00f3n"", ""1 kg filete de vacuno""]",442 kCal,15 g,50 g,19 g,"[""Segundos"", ""Primeros"", ""Carne y Aves"", ""Canarias""]"
Brownie de chocolate blanco con helado,https://recetas.lidl.es/recetas/brownie-de-chocolate-blanco-con-helado,5,"[""85 g mantequilla"", ""120 g chocolate blanco"", ""50 g az\u00facar"", ""50 g panela"", ""2 uds huevos"", ""40 g pistachos"", ""130 g harina de trigo""]",510 kCal,52.3 g,8.7 g,28.7 g,"[""Postres"", ""Postres y Dulces"", ""La Cocina de Lidl"", ""Navidad""]"
Tarta helada de turrón y chocolate,https://recetas.lidl.es/recetas/tarta-helada-de-turron-y-chocolate,1,"[""12 hojas gelatina"", ""900 ml nata para montar"", ""300 g turrones blandos"", ""200 g chocolate negro"", ""60 g galletas de avena""]",656 kCal,29.8 g,8.5 g,50.5 g,"[""Postres"", ""Postres y Dulces"", ""Vegetariana"", ""Navidad""]"
Ensalada templada con mozzarella,https://recetas.lidl.es/recetas/ensalada-templada-con-mozzarella,2,"[""250 g mozzarella"", ""300 g calabazas"", ""300 g patatas"", ""300 g berenjenas"", ""0.5 ud cebolla"", ""0.5 ud granada"", ""30 g pipas de calabaza"", ""1 cucharadita tomillo""]",663 kCal,33 g,30 g,44 g,"[""Segundos"", ""Primeros"", ""Fruta y Verdura"", ""Vegetariana"", ""Recetas del Mundo"", ""Canarias""]"
Gallo con crema de calabaza y verduras,https://recetas.lidl.es/recetas/gallo-con-crema-de-calabaza-y-verduras,4,"[""20 ml aceite de oliva virgen extra"", ""1 ud diente de ajo"", ""400 g calabazas"", ""150 ml nata"", ""8 ml salsa de soja""]",320 kCal,23.9 g,33.5 g,17.05 g,"[""Segundos"", ""Primeros"", ""Pescado y Marisco"", ""Sin gluten"", ""La Cocina de Lidl""]"
Croquetas de boniato con salsa de champiñones,https://recetas.lidl.es/recetas/croquetas-de-boniato-con-salsa-de-champinones,10,"[""200 g champi\u00f1ones"", ""20 ml vino"", ""200 ml nata""]",323 kCal,32.1 g,7.6 g,14.5 g,"[""Aperitivos"", ""Fruta y Verdura"", ""Vegetariana""]"
Sopa de picadillo,https://recetas.lidl.es/recetas/sopa-de-picadillo,6,"[""0.5 ud pollo"", ""300 g carne picada"", ""2 uds cuartos trasero de pollo"", ""1 ud cebolla"", ""1 ud tomate"", ""0.5 ud pimiento rojo"", ""0.5 ud pimiento verde"", ""3 uds dientes de ajo"", ""0.5 cucharadita c\u00farcuma molida"", ""1 manojo perejil"", ""1 rama hierbabuena"", ""0.5 cucharadita sal"", ""2 huevos""]",340 kCal,5 g,39 g,18 g,"[""Segundos"", ""Primeros"", ""Recetas del Mundo"", ""Canarias""]"
Rollitos de berenjena rellenos de gamba,https://recetas.lidl.es/recetas/rollitos-de-berenjena-rellenos-de-gamba,4,"[""0.5 ud cebolla"", ""1 ud diente de ajo"", ""250 g gambas"", ""500 ml bechamel""]",1863 kCal,101.31 g,67.45 g,133.06 g,"[""Aperitivos"", ""Pescado y Marisco"", ""Fruta y Verdura""]"
Garbanzas con calabaza y jamón,https://recetas.lidl.es/recetas/garbanzas-con-calabaza-y-jamon,6,"[""500 g garbanzos"", ""300 g carne picada"", ""180 g taquitos de jam\u00f3n"", ""500 g calabazas"", ""1 ud puerro"", ""2 uds dientes de ajo"", ""2 uds tomates"", ""3 cucharadas aceite de oliva virgen extra"", ""1 cucharadita piment\u00f3n"", ""1 ud hoja de laurel"", ""0.5 cucharadita tomillo""]",496 kCal,48 g,36 g,14 g,"[""Primeros"", ""Arroz, Legumbres y Cereales"", ""Carne y Aves"", ""Canarias"", ""Recetas del Mundo""]"
Sopa de habas y verduras,https://recetas.lidl.es/recetas/sopa-de-habas-y-verduras,4,"[""800 g caldo de verduras"", ""1 ud cebolla"", ""15 ml salsa de soja""]",269 kCal,42 g,8.2 g,8.2 g,"[""Segundos"", ""Primeros"", ""Sopas y Cremas"", ""Fruta y Verdura"", ""Sin lactosa"", ""Sin gluten"", ""Vegetariana"", ""Vegana""]"
Buñuelos rellenos de crema de castañas y cacao,https://recetas.lidl.es/recetas/bunuelos-rellenos-de-crema-de-castanas-y-cacao,4,"[""250 g casta\u00f1as de avellino"", ""250 ml leche"", ""1 cucharadas cacao en polvo"", ""2 cucharadas miel""]",415 kCal,61 g,11 g,14 g,"[""Desayunos y Meriendas"", ""Postres"", ""Canarias"", ""Recetas del Mundo"", ""Regiones de Espa\u00f1a""]"
Quiche de calabaza y gorgonzola,https://recetas.lidl.es/recetas/quiche-de-calabaza-y-gorgonzola,8,"[""500 g calabazas"", ""90 g queso gorgonzola"", ""4 uds huevos"", ""250 ml leche evaporada"", ""1 uds nuez moscada"", ""70 g pimienta""]",294 kCal,27.9 g,13.6 g,18.9 g,"[""Aperitivos"", ""Primeros"", ""Vegetariana"", ""Recetas con embutidos y quesos""]"
Crujiente de queso con picadito de verduras,https://recetas.lidl.es/recetas/crujiente-de-queso-con-picadito-de-verduras,4,"[""45 g harina de fuerza"", ""35 g queso gouda"", ""1 uds sal"", ""1 uds tomates"", ""1 uds pimientos rojos"", ""1 uds cebollas""]",150 kCal,14.2 g,5.7 g,7.8 g,"[""Aperitivos"", ""Fruta y Verdura"", ""Halloween"", ""Recetas con embutidos y quesos"", ""Recetas para ni\u00f1os a partir de 2 a\u00f1os""]"
Burger vegana de brócoli y zanahoria,https://recetas.lidl.es/recetas/burger-vegana-de-brocoli-y-zanahoria,2,"[""1 uds batatas"", ""10 ml aceite de oliva virgen extra""]",774 kCal,128.2 g,21.9 g,128.2 g,"[""Segundos"", ""Primeros"", ""Fruta y Verdura"", ""Sin lactosa"", ""Vegetariana"", ""Vegana"", ""La Cocina de Lidl""]"
Empanada terrorífica rellena de pollo,https://recetas.lidl.es/recetas/empanada-terrorifica-rellena-de-pollo,6,"[""30 ml aceite de oliva virgen extra"", ""1 uds dientes de ajo"", ""2 uds zanahorias"", ""0.5 uds pimientos rojos"", ""1 uds cebollas"", ""200 g champi\u00f1ones"", ""500 g pechugas de pollo"", ""300 ml piment\u00f3n dulce"", ""2 uds tomate frito"", ""1 uds masas para empanadas""]",584 kCal,45.4 g,32.7 g,30.2 g,"[""Aperitivos"", ""Primeros"", ""Pan y Masas"", ""Sin lactosa"", ""Halloween""]"
Huevos rellenos  terroríficos,https://recetas.lidl.es/recetas/huevos-rellenos-terrorificos,4,"[""4 uds huevos"", ""150 g at\u00fan"", ""250 g tomate frito"", ""40 g mayonesa"", ""5 g aceitunas negras"", ""5 g aceitunas""]",270 kCal,4.9 g,18.6 g,19.2 g,"[""Segundos"", ""Primeros"", ""L\u00e1cteos y Huevos"", ""Sin lactosa"", ""Sin gluten"", ""Halloween"", ""La Cocina de Lidl""]"
Crema de calabaza,https://recetas.lidl.es/recetas/crema-de-calabaza,4,"[""200 g calabazas"", ""1 uds patatas"", ""70 ml aceite de oliva virgen extra"", ""1 uds agua""]",168 kCal,9.5 g,1.9 g,13.5 g,"[""Primeros"", ""Sopas y Cremas"", ""Fruta y Verdura"", ""Recetas para ni\u00f1os a partir de 12 meses""]"
Tarta de galletas y chocolate,https://recetas.lidl.es/recetas/tarta-de-galletas-y-chocolate,10,"[""350 g tabletas de chocolate negro"", ""125 g tabletas de chocolate negro"", ""100 g queso de untar"", ""450 ml leche"", ""250 g galletas"", ""175 ml yogur vainilla"", ""5 g chocolate""]",440 kCal,37.1 g,8.5 g,27 g,"[""Postres"", ""Postres y Dulces"", ""Vegetariana"", ""Cumplea\u00f1os"", ""La Cocina de Lidl""]"
2 aperitivos con pochas y garbanzos,https://recetas.lidl.es/recetas/2-aperitivos-con-pochas-y-garbanzos,2,"[""45 g panes"", ""150 g garbanzos"", ""20 g pepinillos"", ""120 g pisto""]",447 kCal,40.8 g,20.3 g,17.6 g,"[""Aperitivos"", ""Primeros"", ""Arroz, Legumbres y Cereales"", ""La Cocina de Lidl""]"
Ñoquis integrales con salsa de quesos y Bowl de yogur de cereza,https://recetas.lidl.es/recetas/noquis-integrales-con-salsa-de-quesos-y-bowl-de-yogur-de-cereza,2,"[""150 ml leche"", ""50 g queso de untar"", ""50 g queso feta"", ""100 g mozzarella de b\u00fafala"", ""50 g queso parmesano""]",N/A,N/A,N/A,N/A,"[""Segundos"", ""Primeros"", ""Postres y Dulces"", ""Pasta y Pizza"", ""Bio"", ""Vegetariana"", ""La Cocina de Lidl""]"
Bocaditos de brie con membrillo,https://recetas.lidl.es/recetas/bocaditos-de-brie-con-membrillo,4,"[""200 g queso brie"", ""100 g membrillo el quijote"", ""20 g harina de trigo"", ""1 ud huevo"", ""20 g pan rallado""]",499 kCal,26.3 g,12.9 g,38.2 g,"[""Aperitivos"", ""Vegetariana"", ""Recetas de bocadillos y tostadas""]"
Filetes de dorada con calabacín,https://recetas.lidl.es/recetas/filetes-de-dorada-con-calabacin,2,"[""1 ud diente de ajo"", ""10 ml aceite de oliva virgen extra"", ""500 g doradas"", ""0.5 ud calabac\u00edn"", ""1 ud lim\u00f3n"", ""250 ml nata"", ""10 g anacardos""]",665 kCal,23.8 g,57.2 g,60 g,"[""Segundos"", ""Pescado y Marisco"", ""Sin gluten""]"
Pasta fresca alla puttanesca,https://recetas.lidl.es/recetas/pasta-fresca-alla-puttanesca,4,"[""500 g pasta fresca rellena"", ""10 uds tomates"", ""6 uds dientes de ajo"", ""2 uds guindillas"", ""100 g anchoas en aceite"", ""30 g aceitunas negras"", ""20 g alcaparras"", ""3 g molino de especias"", ""2 g or\u00e9gano"", ""10 g queso parmesano"", ""15 ml aceite de oliva virgen extra""]",470 kCal,84.6 g,34.5 g,29.1 g,"[""Segundos"", ""Primeros"", ""Pasta y Pizza"", ""Italia"", ""Recetas del Mundo""]"
Coliflor gratinada con setas,https://recetas.lidl.es/recetas/coliflor-gratinada-con-setas,4,"[""1 ud coliflor"", ""200 g setas"", ""200 g setas"", ""1 ud diente de ajo"", ""1 ud cebolla"", ""25 ml aceite de oliva virgen extra"", ""3 g sal"", ""2 g pimienta"", ""2 uds huevos"", ""40 g queso emmental"", ""120 g yogur griego"", ""15 g queso parmesano"", ""1 g perejil""]",288 kCal,14.2 g,24.5 g,14.4 g,"[""Segundos"", ""Primeros"", ""Fruta y Verdura"", ""Sin gluten"", ""Vegetariana""]"
Tostas de pollo asado con verduras,https://recetas.lidl.es/recetas/tostas-de-pollo-asado-con-verduras,4,"[""125 g yogur natural"", ""250 g aguacates"", ""20 ml limas""]",745 kCal,44.6 g,51 g,54.9 g,"[""Aperitivos"", ""Postres"", ""Carne y Aves"", ""Recetas de bocadillos y tostadas""]"
Albóndigas vegetarianas con berenjena,https://recetas.lidl.es/recetas/albondigas-vegetarianas-con-berenjena,4,"[""3 uds berenjenas"", ""30 ml aceite de oliva virgen extra"", ""25 g pi\u00f1ones"", ""65 g pan rallado"", ""1 uds huevos"", ""20 g pasas""]",339 kCal,34.4 g,9.5 g,19.1 g,"[""Segundos"", ""Primeros"", ""Fruta y Verdura"", ""Sin lactosa"", ""Vegetariana""]"
Rape con jamón,https://recetas.lidl.es/recetas/rape-con-jamon,2,"[""360 g pescado"", ""2 uds dientes de ajo"", ""35 ml aceite de oliva virgen extra"", ""40 g jam\u00f3n"", ""200 g setas""]",196 kCal,3.8 g,32.4 g,5.5 g,"[""Segundos"", ""Pescado y Marisco"", ""Sin lactosa"", ""Sin gluten""]"
Paella de verduras,https://recetas.lidl.es/recetas/paella-de-verduras,4,"[""0.5 uds cebollas"", ""0.3 uds calabacines"", ""0.5 uds pimientos rojos"", ""0.5 uds pimientos verdes"", ""1 uds tomates"", ""1 uds zanahorias"", ""40 g coliflor"", ""1 uds berenjenas"", ""50 g jud\u00eda verde"", ""60 ml aceite de oliva virgen extra"", ""200 g arroz"", ""2 uds dientes de ajo"", ""1 uds caldo de verduras""]",522 kCal,687.8 g,10.4 g,14.9 g,"[""Segundos"", ""Primeros"", ""Arroz, Legumbres y Cereales"", ""Fruta y Verdura"", ""Sin lactosa"", ""Sin gluten"", ""Vegetariana"", ""Vegana"", ""Verano"", ""La Cocina de Lidl""]"
Pastel de piñones,https://recetas.lidl.es/recetas/pastel-de-pinones,8,"[""3 uds huevos"", ""6 uds d\u00e1tiles"", ""1 uds pl\u00e1tanos"", ""40 ml aceite de oliva"", ""70 ml leche"", ""0.5 cucharadas levadura"", ""60 g harina de trigo"", ""3 uds spaghettonis"", ""50 g sal"", ""1 uds pi\u00f1ones"", ""80 g ciruelas"", ""40 g mermelada de fresa"", ""2 uds queso""]",230 kCal,22.07 g,5.73 g,13.25 g,"[""Postres"", ""Postres y Dulces"", ""Vegetariana"", ""Recetas para ni\u00f1os a partir de 3 a\u00f1os""]"
Cena divertida para niños,https://recetas.lidl.es/recetas/cena-divertida-para-ninos,4,"[""10 ml aceite de oliva virgen extra"", ""280 g arroz"", ""150 ml tomate frito"", ""40 g aceitunas negras"", ""4 uds huevos"", ""10 g zanahorias"", ""60 g can\u00f3nigos""]",N/A,N/A,N/A,N/A,"[""Segundos"", ""Primeros"", ""Arroz, Legumbres y Cereales"", ""Fruta y Verdura"", ""Sin lactosa"", ""Sin gluten"", ""Vegetariana"", ""Vuelta al cole"", ""La Cocina de Lidl""]"
Bizcocho japonés de chocolate,https://recetas.lidl.es/recetas/bizcocho-japones-de-chocolate,8,"[""5 uds huevos"", ""80 g harina"", ""25 g cacao en polvo"", ""130 ml leche"", ""65 ml aceite de girasol"", ""90 g az\u00facar"", ""1 g sal""]",149 kCal,19.4 g,5.8 g,5.1 g,"[""Desayunos y Meriendas"", ""Postres"", ""Postres y Dulces"", ""Vegetariana"", ""Cumplea\u00f1os"", ""La Cocina de Lidl""]"
Cheesecake de café,https://recetas.lidl.es/recetas/cheesecake-de-cafe,6,"[""80 g almendras"", ""60 g copos de avena"", ""50 g mantequilla""]",N/A,N/A,N/A,N/A,"[""Postres"", ""Postres y Dulces"", ""Vegetariana""]"
Currywurst,https://recetas.lidl.es/recetas/currywurst,4,"[""2 ajos"", ""110 cebollas"", ""150 aceite de oliva"", ""150 tomate triturado"", ""20 k\u00e9tchup""]",958 kCal,54.57 g,33.68 g,32.44 g,"[""Aperitivos"", ""Primeros"", ""Carne y Aves"", ""Alemania"", ""Recetas del Mundo""]"
Frikadellen,https://recetas.lidl.es/recetas/frikadellen,4,"[""500 carne picada mixta"", ""50 cebollas dulces"", ""1 diente de ajo"", ""1 pan de molde"", ""1 huevo"", ""5 sal"", ""200 pimienta""]",793 kCal,23.93 g,25.74 g,63.83 g,"[""Segundos"", ""Carne y Aves"", ""Alemania"", ""Recetas del Mundo""]"
Kartoffelpuffer,https://recetas.lidl.es/recetas/kartoffelpuffer,8,"[""600 patatas"", ""1 cebolla dulce"", ""1 huevo""]",177 kCal,8.75 g,2.32 g,15.79 g,"[""Aperitivos"", ""Primeros"", ""Fruta y Verdura"", ""Vegetariana"", ""Alemania"", ""Recetas del Mundo""]"
Desayuno bávaro,https://recetas.lidl.es/recetas/desayuno-bavaro,3,"[""3 salchicha baviera""]",N/A,N/A,N/A,N/A,"[""Desayunos y Meriendas"", ""Carne y Aves"", ""Recetas del Mundo"", ""Alemania""]"
Nudelauflauf,https://recetas.lidl.es/recetas/nudelauflauf,4,"[""1 cebolla"", ""100 embutido de carne de cerdo"", ""500 mantequilla""]",N/A,N/A,N/A,N/A,"[""Primeros"", ""Pasta y Pizza"", ""Recetas del Mundo"", ""Alemania""]"
Codillo de Cerdo,https://recetas.lidl.es/recetas/codillo-de-cerdo,4,"[""2 paquetes codillos asados"", ""500 g aceite de oliva virgen extra"", ""200 g patatas""]",741 kCal,91.15 g,22.95 g,30.08 g,"[""Segundos"", ""Carne y Aves"", ""Recetas del Mundo"", ""Alemania"", ""La Cocina de Lidl""]"
Ensalada de salchichas,https://recetas.lidl.es/recetas/ensalada-de-salchichas,4,"[""280 patatas"", ""90 sal"", ""100 pepinillos"", ""1 queso de cabra"", ""5 cebolleta"", ""5 rabanos""]",N/A,N/A,N/A,N/A,"[""Primeros"", ""Carne y Aves"", ""Fruta y Verdura"", ""Recetas del Mundo"", ""Alemania""]"
Carpaccio de ternera relleno de dulce de membrillo,https://recetas.lidl.es/recetas/carpaccio-de-ternera-relleno-de-dulce-de-membrillo,4,"[""120 g carne de ternera picada"", ""40 g membrillo el quijote"", ""50 g queso de untar"", ""1 ud sal"", ""20 pimienta""]",180 kCal,11.28 g,9.88 g,9.51 g,"[""Primeros"", ""Carne y Aves""]"
Cuartos traseros de pollo con verduras,https://recetas.lidl.es/recetas/cuartos-traseros-de-pollo-con-verduras,4,"[""25 ml aceite de oliva virgen extra"", ""1 uds limones"", ""3 uds dientes de ajo"", ""3 g or\u00e9gano"", ""2 g tomillo"", ""25 g mostaza""]",519 kCal,15.7 g,51.6 g,30.1 g,"[""Segundos"", ""Primeros"", ""Carne y Aves"", ""Sin gluten""]"
Pastel frío de patata,https://recetas.lidl.es/recetas/pastel-frio-de-patata,4,"[""5 uds patatas"", ""35 g mantequilla"", ""2 uds pimienta"", ""80 g sal"", ""0.5 uds aguacates"", ""100 g tomates cherry"", ""20 g cebollas rojas"", ""1 uds mayonesa"", ""3 g pesto""]",N/A,N/A,N/A,N/A,"[""Segundos"", ""Primeros"", ""Fruta y Verdura"", ""Sin gluten""]"
Huevos revueltos con tostadas,https://recetas.lidl.es/recetas/huevos-revueltos-con-tostadas,4,"[""5 uds huevos"", ""4 uds pan de molde integral"", ""12 uds tomates cherry"", ""1 uds zanahorias"", ""20 g aceitunas negras""]",261 kCal,23.2 g,12.5 g,13 g,"[""Desayunos y Meriendas"", ""Recetas para ni\u00f1os a partir de 3 a\u00f1os"", ""Recetas de bocadillos y tostadas""]"
Croissants caseros,https://recetas.lidl.es/recetas/croissants-caseros,4,"[""1 uds l\u00e1minas de hojaldre"", ""1 uds huevos"", ""1 uds pl\u00e1tanos"", ""20 g ar\u00e1ndanos"", ""100 g sandias"", ""2 cucharadas az\u00facar""]",314 kCal,35.26 g,5.72 g,16.67 g,"[""Desayunos y Meriendas"", ""Postres"", ""Recetas para ni\u00f1os a partir de 3 a\u00f1os""]"
Vasitos de yogur y melocotón,https://recetas.lidl.es/recetas/vasitos-de-yogur-y-melocoton,4,"[""820 g melocotones en almibar"", ""650 ml yogur griego"", ""20 g muesli de chocolate""]",N/A,N/A,N/A,N/A,"[""Postres"", ""Postres y Dulces"", ""Fruta y Verdura"", ""Vegetariana"", ""Verano""]"
Costillas con salsa china y arroz negro,https://recetas.lidl.es/recetas/costillas-con-salsa-china-y-arroz-negro,4,"[""250 g arroz negro"", ""30 ml aceite de oliva virgen extra"", ""0.5 uds cebolletas"", ""1 uds zanahorias"", ""1 uds pimientos verdes"", ""30 g ma\u00edz dulce"", ""3 uds huevos""]",N/A,N/A,N/A,N/A,"[""Segundos"", ""Primeros"", ""Carne y Aves"", ""Sin lactosa"", ""Asia"", ""Recetas del Mundo""]"
3 Sándwiches divertidos,https://recetas.lidl.es/recetas/3-sandwiches-divertidos,3,"[""60 g pan de molde"", ""12 g aceitunas negras"", ""30 g lomos de cerdo"", ""30 g queso gouda"", ""1 uds manzanas rojas""]",N/A,N/A,N/A,N/A,"[""Desayunos y Meriendas"", ""Vuelta al cole"", ""P\u00edcnic"", ""La Cocina de Lidl"", ""Recetas de bocadillos y tostadas""]"
Natillas veganas,https://recetas.lidl.es/recetas/natillas-veganas,4,"[""35 g maicena"", ""8 g az\u00facar avainillado"", ""45 g az\u00facar"", ""0.5 l bebida de soja"", ""0.5 uds ralladura de lim\u00f3n"", ""2 g canela molida""]",N/A,N/A,N/A,N/A,"[""Desayunos y Meriendas"", ""Postres"", ""Postres y Dulces"", ""Vegana""]"
Ensalada fresquita de espaguetis con verduras,https://recetas.lidl.es/recetas/ensalada-fresquita-de-espaguetis-con-verduras,4,"[""2 uds zanahorias"", ""200 g br\u00f3coli"", ""200 g aceite de oliva virgen extra"", ""150 g espaguetis"", ""20 g sal"", ""125 g tomates cherry""]",323 kCal,41.9 g,13.7 g,11.1 g,"[""Segundos"", ""Primeros"", ""Pasta y Pizza"", ""Fruta y Verdura"", ""Vegetariana"", ""Recetas para ni\u00f1os a partir de 12 meses""]"
Enchiladas mexicanas en salsa roja,https://recetas.lidl.es/recetas/enchiladas-mexicanas-en-salsa-roja,4,"[""350 nata"", ""60 mozzarella""]",N/A,N/A,N/A,N/A,"[""Segundos"", ""Primeros"", ""Carne y Aves"", ""M\u00e9xico""]"
Pechugas rellenas en salsa de pera,https://recetas.lidl.es/recetas/pechugas-rellenas-en-salsa-de-pera,3,"[""1 uds peras"", ""250 g nata"", ""20 g crema bals\u00e1mica"", ""15 ml miel""]",N/A,N/A,N/A,N/A,"[""Segundos"", ""Primeros"", ""Carne y Aves"", ""Fruta y Verdura"", ""Sin gluten""]"
Galette bretona de jamón y queso,https://recetas.lidl.es/recetas/galette-bretona-de-jamon-y-queso,4,"[""300 g harina de trigo"", ""2 uds huevos"", ""800 ml agua""]",N/A,N/A,N/A,N/A,"[""Segundos"", ""Primeros"", ""Pan y Masas""]"
Langostinos con 3 salsas,https://recetas.lidl.es/recetas/langostinos-con-3-salsas,4,"[""1 uds huevos"", ""20 g alcaparras"", ""15 g pepinillos"", ""0.5 uds cebollas"", ""150 g mayonesa"", ""10 g mostaza""]",N/A,N/A,N/A,N/A,"[""Aperitivos"", ""Primeros"", ""Pescado y Marisco"", ""Sin lactosa"", ""Sin gluten"", ""Verano""]"
Makis variados,https://recetas.lidl.es/recetas/makis-variados,4,"[""200 melones"", ""200 g sandias"", ""50 melones"", ""12 lonchas jam\u00f3n serrano"", ""1 uds yogures"", ""1 uds limones"", ""40 g perejil""]",258 kCal,6.4 g,29.6 g,12.6 g,"[""Segundos"", ""Primeros"", ""Arroz, Legumbres y Cereales"", ""Fruta y Verdura"", ""Recetas para ni\u00f1os a partir de 2 a\u00f1os""]"
Tofu marinado y arroz,https://recetas.lidl.es/recetas/tofu-marinado-y-arroz,2,"[""180 g tofu"", ""20 ml sirope de agave"", ""200 ml nata"", ""30 g pesto"", ""0.5 uds limones""]",N/A,N/A,N/A,N/A,"[""Segundos"", ""Primeros"", ""Arroz, Legumbres y Cereales"", ""Sin lactosa"", ""Vegetariana"", ""Vegana"", ""La Cocina de Lidl"", ""Recetas con productos Vemondo""]"
Croquetas de salmón,https://recetas.lidl.es/recetas/croquetas-de-salmon,4,"[""30 ml aceite de oliva virgen extra"", ""1 uds cebollas"", ""200 g salm\u00f3n"", ""35 g harina de trigo"", ""350 ml leche"", ""2 uds sal"", ""15 g pimienta""]",N/A,N/A,N/A,N/A,"[""Aperitivos"", ""Pescado y Marisco""]"
Huevos rellenos de guacamole,https://recetas.lidl.es/recetas/huevos-rellenos-de-guacamole,4,"[""4 uds huevos"", ""2 uds aguacates"", ""1 uds limas"", ""0.5 uds cebollas"", ""1 uds tomates""]",N/A,N/A,N/A,N/A,"[""Segundos"", ""Primeros"", ""L\u00e1cteos y Huevos"", ""Sin lactosa"", ""Sin gluten"", ""Vegetariana""]"
Super copa de helado y galletas,https://recetas.lidl.es/recetas/super-copa-de-helado-y-galletas,4,"[""30 g mantequilla"", ""150 g galletas"", ""60 g chocolate blanco"", ""60 g chocolate negro"", ""2 uds kiwis"", ""1 uds manzanas"", ""2 uds ciruelas"", ""320 g helados""]",150 kCal,16.8 g,1.8 g,8.3 g,"[""Postres"", ""Postres y Dulces"", ""Fruta y Verdura"", ""Recetas para ni\u00f1os a partir de 3 a\u00f1os""]"
Timbal de bacalao al horno,https://recetas.lidl.es/recetas/timbal-de-bacalao-al-horno,2,"[""4 tomates"", ""2 uds dientes de ajo"", ""200 ml aceite de oliva virgen extra"", ""80 ml vinagre de vino blanco"", ""20 g avellanas tostadas"", ""10 g almendras""]",N/A,N/A,N/A,N/A,"[""Segundos"", ""Primeros"", ""Pescado y Marisco"", ""Fruta y Verdura"", ""Sin lactosa"", ""Sin gluten""]"
Canelón de melón con helado,https://recetas.lidl.es/recetas/canelon-de-melon-con-helado,4,"[""200 ml leche"", ""1 uds limones"", ""25 g az\u00facar"", ""20 g az\u00facar avainillado"", ""2 uds harina de ma\u00edz""]",195 kCal,30.2 g,5.8 g,5.6 g,"[""Postres"", ""Postres y Dulces"", ""Fruta y Verdura""]"
Maccheroni alla calabrese,https://recetas.lidl.es/recetas/maccheroni-alla-calabrese,4,"[""70 ml aceite de oliva virgen extra"", ""1 uds cebollas"", ""1 uds dientes de ajo"", ""560 g costillas de cerdo"", ""500 ml molino de especias"", ""300 ml sal"", ""60 ml laurel""]",1261 kCal,105.8 g,47.3 g,70.3 g,"[""Segundos"", ""Primeros"", ""Pasta y Pizza"", ""Italia"", ""La Cocina de Lidl""]"
Láminas de gambón con salmorejo,https://recetas.lidl.es/recetas/laminas-de-gambon-con-salmorejo,2,"[""600 g tomates"", ""80 g pan de la abuela"", ""1 uds dientes de ajo"", ""80 ml aceite de oliva virgen extra""]",559 kCal,37.9 g,14.2 g,42.6 g,"[""Aperitivos"", ""Segundos"", ""Primeros"", ""Pescado y Marisco"", ""Fruta y Verdura"", ""Sin lactosa"", ""Verano""]"
2 postres con helados,https://recetas.lidl.es/recetas/2-postres-con-helados,2,"[""4 uds sobaos la cestera"", ""140 g helados"", ""0.5 uds pl\u00e1tanos"", ""1 uds kiwis""]",530 kCal,55.7 g,7.2 g,15.5 g,"[""Postres"", ""Postres y Dulces"", ""La Cocina de Lidl"", ""Cumplea\u00f1os"", ""Verano""]"
Mi primer pastel de cumpleaños,https://recetas.lidl.es/recetas/mi-primer-pastel-de-cumpleanos,10,"[""2 uds pl\u00e1tanos"", ""125 ml aceite de oliva"", ""1 uds yogur natural"", ""4 uds huevos"", ""375 g harina"", ""3 uds claras de huevo"", ""1 uds melocotones"", ""1 uds nectarinas"", ""1 uds albaricoques"", ""100 g cerezas""]",338 kCal,40.5 g,8.87 g,15.6 g,"[""Desayunos y Meriendas"", ""Postres"", ""Postres y Dulces"", ""Fruta y Verdura"", ""Cumplea\u00f1os"", ""Recetas para ni\u00f1os a partir de 12 meses""]"
Arepas de pollo desmechado al chipotle y frijoles,https://recetas.lidl.es/recetas/arepas-de-pollo-desmechado-al-chipotle-y-frijoles,4,"[""400 g aceite de oliva virgen extra"", ""0.5 uds solomillos de pollo"", ""1 uds pimientos rojos"", ""3 uds cebollas"", ""2 uds tomates""]",454 kCal,46.27 g,32.9 g,14.8 g,"[""Segundos"", ""Primeros"", ""Carne y Aves"", ""Pan y Masas"", ""Sin gluten"", ""La Cocina de Lidl""]"
2 cócteles con helados,https://recetas.lidl.es/recetas/2-cocteles-con-helados,2,"[""2 bolas sorbete"", ""2 cl limoncello"", ""2 cl ginebra"", ""0.25 uds sandias""]",108 kCal,15.09 g,0.5 g,0.35 g,"[""Postres"", ""Bebidas"", ""Postres y Dulces"", ""Vegetariana"", ""La Cocina de Lidl"", ""Verano"", ""Cumplea\u00f1os""]"
Arroz a banda,https://recetas.lidl.es/recetas/arroz-a-banda,4,"[""300 g sepias"", ""300 g gambas"", ""500 ml aceite de oliva virgen extra"", ""1 uds caldo de pescado"", ""2 uds cebollas"", ""3 uds dientes de ajo"", ""250 g tomates""]",639 kCal,52.1 g,32.3 g,33.5 g,"[""Segundos"", ""Primeros"", ""Arroz, Legumbres y Cereales"", ""Pescado y Marisco"", ""La Cocina de Lidl"", ""Verano""]"
Paella de pollo,https://recetas.lidl.es/recetas/paella-de-pollo,8,"[""500 g conejo"", ""500 g alitas de pollo"", ""50 ml aceite de oliva virgen extra"", ""500 g jud\u00eda verde"", ""1 diente ajo"", ""10 hebras piment\u00f3n"", ""250 g azafr\u00e1n"", ""400 g tomate triturado"", ""2400 ml arroz""]",482 kCal,54.17 g,28.22 g,14.12 g,"[""Segundos"", ""Primeros"", ""Carne y Aves"", ""Arroz, Legumbres y Cereales"", ""La Cocina de Lidl""]"
Smoothie bowl de sandía y frutas del bosque,https://recetas.lidl.es/recetas/smoothie-bowl-de-sandia-y-frutas-del-bosque,2,"[""0.5 uds sandias"", ""4 uds limas"", ""300 ml yogures""]",268 kCal,50.6 g,6.63 g,3.46 g,"[""Desayunos y Meriendas"", ""Postres"", ""Postres y Dulces"", ""Bebidas"", ""Fruta y Verdura"", ""Vegetariana"", ""Verano""]"
Carne picada con arroz,https://recetas.lidl.es/recetas/carne-picada-con-arroz,4,"[""150 g arroz"", ""40 g aceite de oliva"", ""400 g pasas"", ""8 uds sal""]",445 kCal,38.9 g,18 g,24.2 g,"[""Segundos"", ""Primeros"", ""Recetas para ni\u00f1os a partir de 3 a\u00f1os""]"
Crujiente de patata con verduras,https://recetas.lidl.es/recetas/crujiente-de-patata-con-verduras,4,"[""1 uds patatas"", ""9 cucharadas sal"", ""125 g harina de trigo"", ""4 uds guisantes"", ""1 uds esparragos"", ""40 g puerros"", ""2 uds remolachas"", ""4 uds tomates cherry""]",267 kCal,44.77 g,7.02 g,6.61 g,"[""Segundos"", ""Primeros"", ""Fruta y Verdura"", ""Sin lactosa"", ""Vegetariana"", ""Vegana"", ""Vuelta al cole"", ""Recetas para ni\u00f1os a partir de 2 a\u00f1os""]"
Milhojas de nectarina y moras,https://recetas.lidl.es/recetas/milhojas-de-nectarina-y-moras,4,"[""3 uds nectarinas"", ""250 g moras"", ""1 uds masa filo"", ""2 cucharadas mantequilla"", ""400 ml nata para montar""]",640 kCal,57.7 g,7.8 g,41.4 g,"[""Postres"", ""Postres y Dulces"", ""Pan y Masas"", ""Fruta y Verdura"", ""Vegetariana"", ""Cumplea\u00f1os""]"
Polos caseros con la batidora de frutas,https://recetas.lidl.es/recetas/polos-caseros-con-la-batidora-de-frutas,3,"[""1 uds mangos"", ""60 g ciruelas"", ""40 g frambuesas"", ""100 ml agua"", ""30 g sirope de agave""]",265 kCal,59.1 g,3.5 g,1.71 g,"[""Desayunos y Meriendas"", ""Postres"", ""Postres y Dulces"", ""Fruta y Verdura"", ""Vegetariana"", ""La Cocina de Lidl"", ""Verano""]"
3 cremas frías,https://recetas.lidl.es/recetas/3-cremas-frias,2,"[""10 ml aceite de oliva virgen extra"", ""1 uds dientes de ajo"", ""1 uds cebollas"", ""6 uds tomates""]",240 kCal,25.4 g,10 g,8.3 g,"[""Aperitivos"", ""Segundos"", ""Primeros"", ""Sopas y Cremas"", ""Fruta y Verdura"", ""Vegetariana"", ""La Cocina de Lidl"", ""Verano""]"
Tarta tres leches,https://recetas.lidl.es/recetas/tarta-tres-leches,12,"[""6 uds huevos"", ""100 g az\u00facar"", ""50 ml aceite de girasol"", ""150 g harina"", ""5 g levadura"", ""350 ml leche"", ""200 ml nata para montar"", ""200 ml leche condensada""]",361 kCal,30.8 g,8.3 g,22.8 g,"[""Postres"", ""Postres y Dulces"", ""Vegetariana"", ""La Cocina de Lidl"", ""Cumplea\u00f1os""]"
Strapatsada,https://recetas.lidl.es/recetas/strapatsada,4,"[""1 aceite de oliva virgen extra"", ""1 cebollas"", ""2 dientes de ajo"", ""150 tomates"", ""6 salsa de tomate griega"", ""100 huevos"", ""140 queso feta griego""]",450 kCal,24.6 g,22.5 g,28.2 g,"[""Segundos"", ""Primeros"", ""L\u00e1cteos y Huevos"", ""Vegetariana"", ""Grecia"", ""Recetas del Mundo""]"
Cóctel de verano,https://recetas.lidl.es/recetas/coctel-de-verano,4,"[""100 g moras"", ""3 cucharadas sirope de agave"", ""150 ml licor de lim\u00f3n"", ""200 ml vino rosado"", ""2 pomelos"", ""1 lima""]",141 kCal,25.68 g,1.43 g,0.31 g,"[""Bebidas""]"
Buyurdi,https://recetas.lidl.es/recetas/buyurdi,5,"[""200 g queso feta griego"", ""180 g tomates"", ""1 pimiento verde"", ""110 g pimientos rojos""]",246 kCal,19.85 g,6.63 g,14.86 g,"[""Aperitivos"", ""Fruta y Verdura"", ""Vegetariana"", ""Grecia"", ""Recetas del Mundo""]"
Queso feta relleno,https://recetas.lidl.es/recetas/queso-feta-relleno,4,"[""400 queso feta"", ""150 corazones de alcachofa"", ""75 tomate seco"", ""75 olivas country mix con hierbas eridanous"", ""2 ajos"", ""1 or\u00e9gano""]",N/A,N/A,N/A,N/A,"[""Primeros"", ""L\u00e1cteos y Huevos"", ""Fruta y Verdura"", ""Vegetariana"", ""Recetas del Mundo"", ""Grecia"", ""Verano""]"
Ensalada griega,https://recetas.lidl.es/recetas/ensalada-griega,4,"[""1 ensalada mezclum"", ""200 dados de queso con hierbas arom\u00e1ticas"", ""200 aceituna surtida con hueso"", ""2 tomates"", ""1 pepino"", ""1 pimiento rojo"", ""1 pimiento verde"", ""1 cebolla roja"", ""60 limones"", ""1 or\u00e9gano"", ""3 aceite de oliva virgen extra"", ""1 vinagre bals\u00e1mico"", ""1 sal""]",N/A,N/A,N/A,N/A,"[""Primeros"", ""Fruta y Verdura"", ""Vegetariana"", ""Recetas del Mundo"", ""Grecia"", ""Verano""]"
Albóndigas con salsa de yogur,https://recetas.lidl.es/recetas/albondigas-con-salsa-de-yogur,4,"[""250 g carne de ternera picada"", ""250 g carne de cerdo picada"", ""3 rebanadas pan de molde"", ""100 ml leche"", ""1 huevo"", ""2 dientes ajos"", ""2 cucharadas perejil"", ""250 g pimienta"", ""60 ml sal""]",N/A,N/A,N/A,N/A,"[""Segundos"", ""L\u00e1cteos y Huevos"", ""Carne y Aves"", ""Recetas del Mundo"", ""Grecia""]"
Aperitivo de feta y calabacín,https://recetas.lidl.es/recetas/aperitivo-de-feta-y-calabacin,12,"[""50 cebollas"", ""1 calabac\u00edn"", ""5 dados de queso con hierbas arom\u00e1ticas""]",N/A,N/A,N/A,N/A,"[""Aperitivos"", ""Pan y Masas"", ""Vegetariana"", ""Grecia"", ""Recetas del Mundo""]"
Souvlaki de pollo,https://recetas.lidl.es/recetas/souvlaki-de-pollo,4,"[""60 cebollas rojas"", ""1 lim\u00f3n"", ""1 tomate"", ""2 ajos"", ""2 aceite de oliva"", ""4 brochetas de pollo con verduras"", ""4 sal""]",N/A,N/A,N/A,N/A,"[""Segundos"", ""Carne y Aves"", ""Recetas del Mundo"", ""Grecia""]"
Yogur helado griego,https://recetas.lidl.es/recetas/yogur-helado-griego,2,"[""1 mango"", ""200 agua"", ""2 az\u00facar"", ""300 helado de yogur""]",N/A,N/A,N/A,N/A,"[""Postres"", ""L\u00e1cteos y Huevos"", ""Vegetariana"", ""Recetas del Mundo"", ""Grecia"", ""Verano""]"
Sushi rolls,https://recetas.lidl.es/recetas/sushi-rolls,4,"[""1 uds huevos"", ""300 ml wasabi""]",1590 kCal,82.3 g,24.5 g,135.3 g,"[""Aperitivos"", ""Segundos"", ""Primeros"", ""Arroz, Legumbres y Cereales"", ""Pescado y Marisco"", ""Asia"", ""La Cocina de Lidl""]"
Pechugas de pollo Margarita,https://recetas.lidl.es/recetas/pechugas-de-pollo-margarita,4,"[""600 g pechugas de pollo"", ""15 ml sal"", ""200 g aceite de oliva virgen extra"", ""5 g tomates""]",338 kCal,2.9 g,42.1 g,17.4 g,"[""Segundos"", ""Primeros"", ""Carne y Aves""]"
Albóndigas con cristal de patata,https://recetas.lidl.es/recetas/albondigas-con-cristal-de-patata,4,"[""400 g carne de cerdo picada"", ""1 huevos"", ""70 g panecillos"", ""80 ml leche"", ""20 ajo granulado"", ""10 g piment\u00f3n""]",805 kCal,34 g,27.25 g,108 g,"[""Segundos"", ""Carne y Aves"", ""La Cocina de Lidl""]"
2 recetas con pepino,https://recetas.lidl.es/recetas/2-recetas-con-pepino,2,"[""2 pepinos"", ""2 jengibre""]",205 kCal,5.53 g,4.35 g,18.22 g,"[""Aperitivos"", ""Primeros"", ""Bebidas"", ""Fruta y Verdura"", ""Sin gluten"", ""Verano"", ""La Cocina de Lidl""]"
Menú con Italiamo,https://recetas.lidl.es/recetas/menu-con-italiamo,2,"[""320 g pizza mini"", ""10 g molino de especias"", ""10 g queso stracciatella"", ""8 g pesto (fresco)"", ""8 g champi\u00f1on (en aceite)"", ""5 g aceitunas negras""]",N/A,N/A,N/A,N/A,"[""Aperitivos"", ""Segundos"", ""Postres"", ""Postres y Dulces"", ""Pasta y Pizza"", ""Italia"", ""Recetas del Mundo"", ""Cumplea\u00f1os""]"
Pastel pasión por chocolate,https://recetas.lidl.es/recetas/pastel-pasion-por-chocolate,12,"[""200 alubias rojas"", ""60 cacao en polvo"", ""3 huevos"", ""120 miel"", ""1 levadura"", ""1 az\u00facar avainillado"", ""250 bebida de soja"", ""100 chocolate negro""]",345 kCal,31 g,7 g,20.58 g,"[""Postres"", ""Postres y Dulces"", ""Fruta y Verdura"", ""Vegetariana"", ""Cumplea\u00f1os"", ""La Cocina de Lidl"", ""Monsieur Cuisine""]"
Trenza de hojaldre,https://recetas.lidl.es/recetas/trenza-de-hojaldre,5,"[""1 cebolla"", ""1 pimiento verde"", ""1 pimiento rojo"", ""25 aceite de oliva"", ""100 salsa de tomate"", ""2 sal"", ""100 pimienta""]",N/A,N/A,N/A,N/A,"[""Primeros"", ""Pan y Masas"", ""Fruta y Verdura"", ""Vegetariana"", ""Recetas con conservas"", ""Monsieur Cuisine""]"
Tiramisú de limón para el Día de la Madre,https://recetas.lidl.es/recetas/tiramisu-de-limon-para-el-dia-de-la-madre,8,"[""150 bizcochos"", ""40 mantequilla"", ""50 caf\u00e9""]",572 kCal,36.34 g,10.64 g,42.12 g,"[""Desayunos y Meriendas"", ""Postres"", ""Postres y Dulces"", ""Vegetariana"", ""Cumplea\u00f1os"", ""D\u00eda de la Madre"", ""La Cocina de Lidl"", ""Monsieur Cuisine""]"
Lentejas Monsieur Cuisine,https://recetas.lidl.es/recetas/lentejas-monsieur-cuisine,4,"[""300 lentejas"", ""60 cebollas"", ""250 calabazas"", ""2 tomates"", ""1 ajo"", ""40 aceite de oliva virgen extra"", ""600 espinacas""]",339 kCal,37.62 g,19.12 g,9.09 g,"[""Primeros"", ""Arroz, Legumbres y Cereales"", ""Vegetariana"", ""Monsieur Cuisine""]"
Palmera de chocolate XXL,https://recetas.lidl.es/recetas/palmera-de-chocolate-xxl,6,"[""2 l\u00e1minas de hojaldre"", ""100 g az\u00facar moreno"", ""50 g tabletas de chocolate negro"", ""10 g mini marshmalllows"", ""25 g chocolates bellona"", ""10 g chocolate blanco"", ""50 g caramelos""]",568 kCal,55 g,8 g,35 g,"[""Desayunos y Meriendas"", ""Postres"", ""Postres y Dulces"", ""Pan y Masas"", ""Vegetariana"", ""Canarias"", ""Cumplea\u00f1os""]"
Pollo al horno marinado en yogur,https://recetas.lidl.es/recetas/pollo-al-horno-marinado-en-yogur,6,"[""1 uds pollo"", ""500 g papas negras canarias"", ""1 uds yogur natural"", ""2 uds limones"", ""1 cucharditas ajos"", ""1 cucharadas aceite de oliva virgen extra"", ""1 cucharditas sal"", ""10 g pimienta"", ""100 ml tomillo""]",320 kCal,15 g,39 g,11 g,"[""Segundos"", ""Carne y Aves"", ""Canarias"", ""Regiones de Espa\u00f1a""]"
Burger de merluza y camarones con quinoa,https://recetas.lidl.es/recetas/burger-de-merluza-y-camarones-con-quinoa,4,"[""200 g quinoa"", ""1 sal"", ""100 g aceite de oliva virgen extra"", ""1 calabac\u00edn""]",495 kCal,43.33 g,22.67 g,25.19 g,"[""Segundos"", ""Pescado y Marisco"", ""Sin lactosa""]"
Alubias con verduras,https://recetas.lidl.es/recetas/alubias-con-verduras,4,"[""8 uds aceitunas negras"", ""1 ud zanahoria"", ""0.5 ud pimiento rojo"", ""300 g aceite de oliva""]",285 kCal,41.15 g,14.52 g,6.94 g,"[""Primeros"", ""Arroz, Legumbres y Cereales"", ""Fruta y Verdura"", ""Vuelta al cole"", ""Recetas para ni\u00f1os a partir de 12 meses""]"
Conejo a la mostaza con champiñones y patatas,https://recetas.lidl.es/recetas/conejo-a-la-mostaza-con-champinones-y-patatas,4,"[""1 kg conejo"", ""1 sal"", ""1 pimienta"", ""3 cebolla dulce"", ""150 g diente de ajo"", ""100 ml patatas"", ""2 champi\u00f1ones""]",575 kCal,26.18 g,59.7 g,24.1 g,"[""Segundos"", ""Carne y Aves"", ""Sin lactosa"", ""Sin gluten"", ""La Cocina de Lidl""]"
Falafel con hummus,https://recetas.lidl.es/recetas/falafel-con-hummus,4,"[""400 garbanzos"", ""1 comino"", ""1 ajo"", ""60 pasta"", ""60 limones"", ""2 remolachas"", ""80 sal"", ""200 pimienta""]",N/A,N/A,N/A,N/A,"[""Aperitivos"", ""Arroz, Legumbres y Cereales"", ""Vegetariana"", ""Vegana"", ""Oriente"", ""Recetas del Mundo""]"
Tajín de pollo,https://recetas.lidl.es/recetas/tajin-de-pollo,2,"[""1 cebolla"", ""55 mantequilla"", ""250 almendras"", ""500 c\u00farcuma molida""]",N/A,N/A,N/A,N/A,"[""Segundos"", ""Carne y Aves"", ""Oriente"", ""Recetas del Mundo""]"
Tomates rellenos de cuscús,https://recetas.lidl.es/recetas/tomates-rellenos-de-cuscus,6,"[""6 tomates"", ""1 aceite de oliva virgen extra"", ""1 cebolla"", ""180 pimiento amarillo"", ""125 zanahorias"", ""150 calabacines"", ""150 agua""]",N/A,N/A,N/A,N/A,"[""Aperitivos"", ""Fruta y Verdura"", ""Vegana"", ""Oriente"", ""Recetas del Mundo""]"
Kebab iraní con salsa de yogur y hierbabuena,https://recetas.lidl.es/recetas/kebab-irani-con-salsa-de-yogur-y-hierbabuena,2,"[""500 carne de ternera picada"", ""60 cebollas"", ""1 ajo"", ""1 huevo"", ""0.5 sal"", ""4 curry"", ""100 aceite de oliva virgen extra"", ""125 tomates"", ""60 arroz basmati""]",N/A,N/A,N/A,N/A,"[""Primeros"", ""Carne y Aves"", ""Recetas del Mundo"", ""Oriente""]"
Bulgur marroquí con verduras,https://recetas.lidl.es/recetas/bulgur-marroqui-con-verduras,4,"[""500 caldo de pollo"", ""1 hoja de laurel"", ""250 bulgur"", ""180 zanahorias"", ""1 calabac\u00edn"", ""2 pimiento tricolor"", ""2 aceite de oliva virgen extra"", ""10 comino"", ""100 canela"", ""100 miel"", ""40 garbanzos""]",N/A,N/A,N/A,N/A,"[""Primeros"", ""Fruta y Verdura"", ""Recetas del Mundo"", ""Oriente""]"
Durum vegetal de tofu marinado,https://recetas.lidl.es/recetas/durum-vegetal-de-tofu-marinado,4,"[""0.5 cebolla roja"", ""1 tomate"", ""0.5 pepino"", ""2 sal"", ""200 aceite de oliva virgen extra"", ""400 limones"", ""4 perejil"", ""400 lechuga iceberg""]",395 kCal,48 g,21.75 g,14 g,"[""Segundos"", ""Primeros"", ""Vegetariana"", ""Oriente"", ""Recetas del Mundo"", ""P\u00edcnic""]"
Pinchos a la barbacoa,https://recetas.lidl.es/recetas/pinchos-a-la-barbacoa,4,"[""0.5 aceite de oliva virgen extra"", ""300 g lim\u00f3n"", ""400 g pimienta""]",480 kCal,47.47 g,27.13 g,19.43 g,"[""Aperitivos"", ""Segundos"", ""Primeros"", ""Pescado y Marisco"", ""Fruta y Verdura"", ""La Cocina de Lidl"", ""P\u00edcnic"", ""Verano"", ""Barbacoa""]"
Ceviche de mejillones y aguacate,https://recetas.lidl.es/recetas/ceviche-de-mejillones-y-aguacate,4,"[""1 kg mejill\u00f3n"", ""1 cebolla roja"", ""0.5 pimiento rojo"", ""10 g cilantro fresco"", ""1 aguacate"", ""2 zumo de lim\u00f3n"", ""0.5 cucharadita sal"", ""0.5 pimienta""]",318 kCal,22 g,31 g,10 g,"[""Aperitivos"", ""Primeros"", ""Pescado y Marisco"", ""Fruta y Verdura"", ""Canarias"", ""Regiones de Espa\u00f1a"", ""Recetas de bocadillos y tostadas""]"
"Puré de lubina, patata y verduras",https://recetas.lidl.es/recetas/pure-de-lubina-patata-y-verduras,4,"[""60 g patatas"", ""1 cebolla"", ""1 zanahoria"", ""80 g filetes de lubina"", ""40 g jud\u00edas planas""]",51 kCal,5.72 g,3.55 g,1.5 g,"[""Primeros"", ""Sopas y Cremas"", ""Pescado y Marisco"", ""Fruta y Verdura"", ""Sin lactosa"", ""Sin gluten"", ""Recetas de aprovechamiento"", ""Recetas para ni\u00f1os a partir de 6 meses""]"
Pancakes con frutas,https://recetas.lidl.es/recetas/pancakes-con-frutas,4,"[""400 leche""]",724 kCal,78.3 g,16.25 g,38.12 g,"[""Desayunos y Meriendas"", ""Postres"", ""Postres y Dulces"", ""Vegetariana"", ""Recetas del Mundo"", ""USA"", ""Cumplea\u00f1os""]"
Lubina al papillote con verduras,https://recetas.lidl.es/recetas/lubina-al-papillote-con-verduras,4,"[""1 zanahoria"", ""70 g puerros"", ""100 g esparragos trigueros"", ""400 g filetes de lubina"", ""1 lim\u00f3n""]",299 kCal,10.83 g,25.44 g,19.78 g,"[""Segundos"", ""Pescado y Marisco"", ""Fruta y Verdura"", ""La Cocina de Lidl""]"
Crudité de verdura con salsas,https://recetas.lidl.es/recetas/crudite-de-verdura-con-salsas,4,"[""25 g apios"", ""180 g zanahorias"", ""2 endivias"", ""100 g tomates cherry"", ""1 pepino"", ""1 pimiento verde"", ""1 pimiento rojo""]",N/A,N/A,N/A,N/A,"[""Aperitivos"", ""Fruta y Verdura"", ""Vegetariana"", ""Recetas con conservas"", ""Verano""]"
Tagliatelle con pesto de calabacín,https://recetas.lidl.es/recetas/tagliatelle-con-pesto-de-calabacin,6,"[""300 g harina de fuerza"", ""3 huevos""]",412 kCal,39 g,18.15 g,20.79 g,"[""Primeros"", ""Pasta y Pizza"", ""Fruta y Verdura"", ""La Cocina de Lidl""]"
Quiche de puerro y calabacín,https://recetas.lidl.es/recetas/quiche-de-puerro-y-calabacin,8,"[""2 puerros"", ""5 aceite de oliva virgen extra"", ""2 champi\u00f1ones"", ""1 cucharadita calabacines"", ""100 g hierbas arom\u00e1ticas"", ""200 g sal"", ""125 ml pimienta"", ""1 l\u00e1mina anacardos""]",194 kCal,12.38 g,7.88 g,12.4 g,"[""Primeros"", ""Fruta y Verdura"", ""Vegetariana"", ""Vegana"", ""La Cocina de Lidl""]"
Fideuá,https://recetas.lidl.es/recetas/fideua,6,"[""1 cebolla"", ""1 pimiento verde"", ""100 g pimientos rojos"", ""100 g aceite de oliva virgen extra"", ""5 hebras tomate triturado"", ""1 cucharadita azafr\u00e1n"", ""500 ml piment\u00f3n"", ""200 g caldo de pescado"", ""10 calamares troceados"", ""10 langostinos"", ""200 g mejillones""]",254 kCal,29.61 g,16.65 g,6.34 g,"[""Segundos"", ""Primeros"", ""Pasta y Pizza"", ""Pescado y Marisco"", ""Fruta y Verdura"", ""La Cocina de Lidl""]"
Bombones de salmón,https://recetas.lidl.es/recetas/bombones-de-salmon,10,"[""1 huevo"", ""60 g cebollas rojas"", ""30 g pepinillos"", ""80 g at\u00fan en aceite"", ""40 g mayonesa"", ""1 cucharadita mostaza en grano"", ""600 g salm\u00f3n ahumado""]",227 kCal,13.71 g,15.23 g,12.29 g,"[""Aperitivos"", ""Pescado y Marisco"", ""La Cocina de Lidl"", ""P\u00edcnic"", ""Navidad"", ""Recetas con conservas"", ""Recetas de bocadillos y tostadas""]"
Gallo al horno con limón,https://recetas.lidl.es/recetas/gallo-al-horno-con-limon,4,"[""1 lim\u00f3n"", ""500 g filetes de gallo"", ""2 sal"", ""50 g limones"", ""200 ml mantequilla""]",247 kCal,22.47 g,68.02 g,8.28 g,"[""Segundos"", ""Fruta y Verdura"", ""Pescado y Marisco"", ""La Cocina de Lidl""]"
Pastel de atún,https://recetas.lidl.es/recetas/pastel-de-atun,6,"[""1 cebolleta"", ""2 tomates"", ""240 g at\u00fan en aceite"", ""2 cucharadas ma\u00edz dulce"", ""12 rebanadas mayonesa"", ""100 g pan de molde""]",770 kCal,22.95 g,72.22 g,67.46 g,"[""Aperitivos"", ""Primeros"", ""Pescado y Marisco"", ""Recetas con conservas""]"
Espárragos blancos con salsa de queso y nueces,https://recetas.lidl.es/recetas/esparragos-blancos-con-salsa-de-queso-y-nueces,3,"[""1 cebolla"", ""200 ml aceite de oliva virgen extra"", ""150 g leche"", ""75 g camembert"", ""10 nueces""]",N/A,N/A,N/A,N/A,"[""Primeros"", ""Fruta y Verdura"", ""Vegetariana"", ""Recetas con conservas""]"
Bizcochón de naranja con crema de chocolate blanco,https://recetas.lidl.es/recetas/bizcochon-de-naranja-con-crema-de-chocolate-blanco,8,"[""3 naranjas"", ""2 ralladura de naranja"", ""4 huevos"", ""15 g levadura"", ""250 g harina de trigo integral"", ""6 d\u00e1tiles"", ""100 ml aceite de oliva virgen extra""]",391 kCal,33 g,8 g,24 g,"[""Desayunos y Meriendas"", ""Postres"", ""Postres y Dulces"", ""Vegetariana"", ""Canarias"", ""Regiones de Espa\u00f1a"", ""Cumplea\u00f1os""]"
Tronquitos de calabacín rellenos,https://recetas.lidl.es/recetas/tronquitos-de-calabacin-rellenos,4,"[""2 calabacines"", ""1 sal"", ""1 huevo"", ""0.5 zanahoria"", ""100 g cebolla""]",136 kCal,4.98 g,10.5 g,8.3 g,"[""Aperitivos"", ""Primeros"", ""Fruta y Verdura"", ""Sin lactosa"", ""Sin gluten"", ""Regiones de Espa\u00f1a"", ""P\u00edcnic"", ""Verano""]"
Arroz caldoso de lubina y verduras,https://recetas.lidl.es/recetas/arroz-caldoso-de-lubina-y-verduras,4,"[""250 g filetes de lubina"", ""1 cebolla"", ""100 g jud\u00edas planas"", ""0.5 pimiento rojo"", ""2 tomates"", ""300 g arroz"", ""1 l caldo de pescado"", ""1 cucharadita aceite de oliva virgen extra"", ""4 hebras piment\u00f3n""]",411 kCal,64 g,21 g,7 g,"[""Segundos"", ""Primeros"", ""Arroz, Legumbres y Cereales"", ""Pescado y Marisco"", ""Sin lactosa"", ""Canarias"", ""Regiones de Espa\u00f1a""]"
2 Recetas con garbanzos de bote,https://recetas.lidl.es/recetas/2-recetas-con-garbanzos-de-bote,2,"[""150 g patatas"", ""50 g aceitunas negras"", ""200 g garbanzos"", ""110 g at\u00fan"", ""0.5 pepino"", ""0.5 guindillas"", ""0.5 tomate""]",1064 kCal,132.5 g,62.8 g,31.5 g,"[""Aperitivos"", ""Primeros"", ""Arroz, Legumbres y Cereales"", ""Fruta y Verdura"", ""Sin gluten"", ""P\u00edcnic"", ""Verano"", ""La Cocina de Lidl"", ""Recetas con conservas""]"
Buñuelos de bacalao con salsa,https://recetas.lidl.es/recetas/bunuelos-de-bacalao-con-salsa,4,"[""1 cabeza ajo"", ""5 ml aceite de oliva virgen extra"", ""1 huevo"", ""180 ml aceite de girasol""]",1129 kCal,30.18 g,21.31 g,104.33 g,"[""Aperitivos"", ""Segundos"", ""Pescado y Marisco"", ""Sin lactosa"", ""La Cocina de Lidl"", ""Pascua""]"
Torrijas,https://recetas.lidl.es/recetas/torrijas,6,"[""1 l leche semidesnatada"", ""120 g az\u00facar"", ""4 canela""]",648 kCal,86.48 g,17.28 g,25.08 g,"[""Postres"", ""Postres y Dulces"", ""Pascua"", ""Recetas de aprovechamiento""]"
Pestiños con chocolate,https://recetas.lidl.es/recetas/pestinos-con-chocolate,8,"[""60 ml aceite de oliva virgen extra"", ""200 g limones"", ""30 g naranjas"", ""60 ml harina de trigo"", ""10 ml almendras""]",305 kCal,28.26 g,4.33 g,16.01 g,"[""Desayunos y Meriendas"", ""Postres"", ""Postres y Dulces"", ""La Cocina de Lidl"", ""Pascua""]"
Risotto de espárragos y alcachofas,https://recetas.lidl.es/recetas/risotto-de-esparragos-y-alcachofas,4,"[""1 cebolla dulce"", ""200 g aceite de oliva virgen extra"", ""4 esparragos"", ""1 alcachofas"", ""1 l sal"", ""40 ml caldo de verdura"", ""400 g agua""]",669 kCal,82.98 g,18.33 g,28.78 g,"[""Segundos"", ""Primeros"", ""Arroz, Legumbres y Cereales"", ""Fruta y Verdura"", ""Vegetariana"", ""La Cocina de Lidl""]"
Medallones de pavo con judías y patatas al horno,https://recetas.lidl.es/recetas/medallones-de-pavo-con-judias-y-patatas-al-horno,4,"[""500 g patatas"", ""250 g jud\u00edas planas""]",377 kCal,22.9 g,30.17 g,17.5 g,"[""Segundos"", ""Carne y Aves"", ""Sin gluten""]"
Huevos de Pascua de chocolate,https://recetas.lidl.es/recetas/huevos-de-pascua-de-chocolate,8,"[""125 g chocolate negro"", ""125 g chocolate blanco"", ""2 limones"", ""1 mango"", ""500 ml nata para montar"", ""60 g az\u00facar"", ""500 g zumo de lim\u00f3n""]",537 kCal,34.86 g,6.01 g,41.5 g,"[""Desayunos y Meriendas"", ""Postres"", ""Postres y Dulces"", ""Vegetariana"", ""Pascua"", ""Recetas para ni\u00f1os a partir de 3 a\u00f1os""]"
Dulce de Pascua,https://recetas.lidl.es/recetas/dulce-de-pascua,4,"[""140 ml leche"", ""12 g levadura fresca"", ""60 g sirope de agave"", ""450 g harina de trigo integral"", ""0.5 sal"", ""5 naranja"", ""120 ml huevos""]",844 kCal,88.35 g,25.45 g,43.44 g,"[""Desayunos y Meriendas"", ""Postres"", ""Postres y Dulces"", ""Vegetariana"", ""Regiones de Espa\u00f1a"", ""Pascua"", ""P\u00edcnic""]"
"Rollitos de gallo con jamón, millo crujiente y verduras",https://recetas.lidl.es/recetas/rollitos-de-gallo-con-jamon-millo-crujiente-y-verduras,2,"[""250 g filetes de gallo"", ""60 g jam\u00f3n serrano"", ""30 g millo tostado"", ""1 zanahoria"", ""1 tallo apio"", ""4 tomates cherry"", ""1 pu\u00f1ado perejil"", ""30 ml aceite de oliva""]",N/A,N/A,N/A,N/A,"[""Segundos"", ""Pescado y Marisco"", ""Sin lactosa"", ""Canarias"", ""Regiones de Espa\u00f1a""]"
Chuletas de Sajonia con salsa de papaya y ensalada,https://recetas.lidl.es/recetas/chuletas-de-sajonia-con-salsa-de-papaya-y-ensalada,3,"[""3 chuletas de cerdo"", ""300 g papayas"", ""1 cebolleta"", ""1 diente de ajo""]",N/A,N/A,N/A,N/A,"[""Segundos"", ""Carne y Aves"", ""Sin lactosa"", ""Sin gluten"", ""Canarias"", ""Regiones de Espa\u00f1a""]"
"Ensalada de langostinos, mango y aguacate",https://recetas.lidl.es/recetas/ensalada-de-langostinos-mango-y-aguacate,2,"[""200 g langostinos"", ""1 mango"", ""1 aguacate"", ""0.5 pimiento rojo""]",283 kCal,9.9 g,24.95 g,15.95 g,"[""Aperitivos"", ""Primeros"", ""Fruta y Verdura"", ""P\u00edcnic"", ""Verano""]"
Supremas de atún encebolladas,https://recetas.lidl.es/recetas/supremas-de-atun-encebolladas,4,"[""500 g aceite de oliva"", ""1 diente sal"", ""2 at\u00fan"", ""100 ml ajo""]",275 kCal,9.41 g,26.41 g,13.5 g,"[""Segundos"", ""Pescado y Marisco"", ""Sin lactosa"", ""Sin gluten"", ""La Cocina de Lidl""]"
Salmón con costra de pistacho y hierbas,https://recetas.lidl.es/recetas/salmon-con-costra-de-pistacho-y-hierbas,4,"[""200 g esparragos trigueros"", ""150 g tomates cherry""]",419 kCal,5.53 g,32.71 g,30.36 g,"[""Segundos"", ""Pescado y Marisco"", ""Sin gluten"", ""La Cocina de Lidl""]"
Rollitos de morcilla canaria con alioli de naranja,https://recetas.lidl.es/recetas/rollitos-de-morcilla-canaria-con-alioli-de-naranja,3,"[""0.5 cebolla"", ""1 morcilla"", ""0.5 naranja"", ""1 paquete masa filo""]",N/A,N/A,N/A,N/A,"[""Aperitivos"", ""Carne y Aves"", ""Canarias"", ""Regiones de Espa\u00f1a""]"
Crêpes de jamón cocido y queso de cabra,https://recetas.lidl.es/recetas/crepes-de-jamon-cocido-y-queso-de-cabra,8,"[""3 huevos"", ""300 ml leche"", ""125 g harina de trigo"", ""1 aceite de oliva"", ""1 yogur natural"", ""1 pizca lim\u00f3n"", ""1 comino"", ""2 aguacate"", ""250 g sal"", ""200 g tomates"", ""20 g jam\u00f3n cocido""]",362 kCal,37.08 g,38.47 g,47.05 g,"[""Aperitivos"", ""Desayunos y Meriendas"", ""Segundos"", ""Pan y Masas"", ""Recetas con embutidos y quesos"", ""Recetas para ni\u00f1os a partir de 2 a\u00f1os""]"
Pastel de membrillo y avellanas,https://recetas.lidl.es/recetas/pastel-de-membrillo-y-avellanas,8,"[""3 huevos"", ""100 g avellanas"", ""200 g harina de trigo integral"", ""300 g canela"", ""150 ml sal"", ""50 ml membrillo el quijote"", ""1 aceite de oliva virgen extra""]",526 kCal,44.36 g,9.85 g,30.57 g,"[""Desayunos y Meriendas"", ""Postres"", ""Postres y Dulces"", ""Sin gluten"", ""Vegetariana"", ""Cumplea\u00f1os""]"
Natillas de gofio y cacao,https://recetas.lidl.es/recetas/natillas-de-gofio-y-cacao,6,"[""40 g gofio"", ""40 g cacao en polvo"", ""1 cucharadita canela molida"", ""50 g az\u00facar moreno"", ""500 ml leche"", ""2 huevos""]",N/A,N/A,N/A,N/A,"[""Desayunos y Meriendas"", ""Postres"", ""Postres y Dulces"", ""Canarias"", ""Regiones de Espa\u00f1a""]"
Panecillos de gofio y queso,https://recetas.lidl.es/recetas/panecillos-de-gofio-y-queso,3,"[""70 g gofio"", ""5 g levadura"", ""2 huevos"", ""3 g sal""]",N/A,N/A,N/A,N/A,"[""Aperitivos"", ""Canarias"", ""Regiones de Espa\u00f1a"", ""P\u00edcnic""]"
Pizza de gofio con almogrote y requesón,https://recetas.lidl.es/recetas/pizza-de-gofio-con-almogrote-y-requeson,2,"[""150 g gofio canario"", ""1 cucharadita levadura"", ""2 cucharadas aceite de oliva"", ""30 g almendras"", ""120 ml agua"", ""1 pizca sal"", ""30 g tomate frito"", ""100 g mozzarella"", ""75 g mortadella"", ""30 g reques\u00f3n canario"", ""20 g salsa almogrote canaria""]",N/A,N/A,N/A,N/A,"[""Segundos"", ""Pasta y Pizza"", ""Canarias"", ""Regiones de Espa\u00f1a""]"
Pan de pipas y piñones,https://recetas.lidl.es/recetas/pan-de-pipas-y-pinones,8,"[""360 agua"", ""20 mantequilla"", ""630 harina de fuerza"", ""21 levadura fresca"", ""80 mix de semillas"", ""5 sal"", ""10 az\u00facar moreno""]",363 kCal,58.03 g,12.73 g,8.33 g,"[""Aperitivos"", ""Pan y Masas"", ""Vegetariana"", ""Vegana"", ""Panificadora""]"
Bocadillo con salami y queso de oveja,https://recetas.lidl.es/recetas/bocadillo-con-salami-y-queso-de-oveja,4,"[""8 rebanadas pan de molde"", ""40 g aceite de oliva"", ""100 g queso de oveja"", ""4 uds salami""]",291 kCal,21.41 g,12.67 g,17.15 g,"[""Desayunos y Meriendas"", ""Vuelta al cole"", ""Recetas con embutidos y quesos"", ""Recetas para ni\u00f1os a partir de 3 a\u00f1os"", ""Recetas de bocadillos y tostadas""]"
Pasta carbonara,https://recetas.lidl.es/recetas/pasta-carbonara,4,"[""4 uds panceta de cerdo"", ""350 g aceite de oliva""]",457 kCal,58.01 g,18.84 g,15.92 g,"[""Primeros"", ""Pasta y Pizza"", ""Italia""]"
Galletas para el Día del Padre,https://recetas.lidl.es/recetas/galletas-para-el-dia-del-padre,4,"[""1 ud huevo"", ""45 g mantequilla"", ""40 g panela ecol\u00f3gica"", ""4 g az\u00facar avainillado"", ""125 g copos de avena"", ""1 ud canela molida""]",310 kCal,38.36 g,10.21 g,15.39 g,"[""Desayunos y Meriendas"", ""Postres"", ""Postres y Dulces"", ""La Cocina de Lidl"", ""P\u00edcnic"", ""D\u00eda del Padre""]"
Quiche 4 quesos,https://recetas.lidl.es/recetas/quiche-4-quesos,6,"[""1 aceite de oliva virgen extra"", ""250 ml masa quebrada"", ""3 nata"", ""80 g huevos"", ""80 g queso"", ""80 g queso"", ""70 g queso""]",492 kCal,3.25 g,16.34 g,35.06 g,"[""Segundos"", ""Primeros"", ""Pan y Masas"", ""Vegetariana"", ""Francia"", ""Recetas del Mundo"", ""La Cocina de Lidl"", ""Recetas con embutidos y quesos""]"
Pastel de plátano y zanahoria,https://recetas.lidl.es/recetas/pastel-de-platano-y-zanahoria,6,"[""2 uds huevos"", ""40 g panela"", ""100 ml aceite de oliva"", ""1 trozo pl\u00e1tano"", ""5 uds zanahorias"", ""100 g harina"", ""1 cucharada levadura"", ""1 cucharada canela"", ""100 g nueces"", ""150 g masa pastel"", ""20 g queso"", ""1 ud panela"", ""40 g zanahoria""]",473 kCal,29.85 g,10.37 g,34.64 g,"[""Desayunos y Meriendas"", ""Postres"", ""Postres y Dulces"", ""Vuelta al cole"", ""Recetas de aprovechamiento"", ""Recetas para ni\u00f1os a partir de 2 a\u00f1os""]"
Cómo hacer pasta integral con panificadora,https://recetas.lidl.es/recetas/como-hacer-pasta-integral-con-panificadora,2,"[""240 harina de trigo integral"", ""2 huevos"", ""30 aceite de oliva virgen extra"", ""30 agua""]",888 kCal,72.34 g,169.96 g,41.29 g,"[""Primeros"", ""Pan y Masas"", ""Pasta y Pizza"", ""Panificadora""]"
"Tortilla de lacón, queso y verduras",https://recetas.lidl.es/recetas/tortilla-de-lacon-queso-y-verduras,4,"[""5 calabacines"", ""4 lonchas aceite de oliva virgen extra"", ""4 lonchas huevos"", ""1 sal""]",392 kCal,6.47 g,26.21 g,109.63 g,"[""Desayunos y Meriendas"", ""L\u00e1cteos y Huevos"", ""Recetas con embutidos y quesos""]"
"Muffins de jamón, queso y verduras",https://recetas.lidl.es/recetas/muffins-de-jamon-queso-y-verduras,6,"[""2 cebollas dulces"", ""300 g aceite de oliva virgen extra"", ""4 espinacas"", ""150 ml pimienta"", ""250 g ajo granulado"", ""1 cucharada nuez moscada"", ""100 g huevos"", ""60 g leche"", ""60 g harina de trigo integral""]",385 kCal,30.23 g,19.66 g,17.94 g,"[""Aperitivos"", ""Desayunos y Meriendas"", ""La Cocina de Lidl"", ""P\u00edcnic"", ""Recetas con embutidos y quesos""]"
Tartitas de hojaldre con crema de papaya y coco,https://recetas.lidl.es/recetas/tartitas-de-hojaldre-con-crema-de-papaya-y-coco,4,"[""1 l\u00e1mina de hojaldre"", ""260 g papayas"", ""200 g queso fresco para untar skyir"", ""3 cucharadas coco rallado"", ""6 fresas"", ""1 kiwi""]",N/A,N/A,N/A,N/A,"[""Postres"", ""Postres y Dulces"", ""Canarias"", ""Regiones de Espa\u00f1a""]"
Pollo al limón,https://recetas.lidl.es/recetas/pollo-al-limon,4,"[""100 g harina de trigo"", ""50 g maicena"", ""150 ml agua"", ""500 g pechugas de pollo"", ""100 ml aceite de oliva suave""]",621 kCal,47.5 g,46.93 g,25.28 g,"[""Primeros"", ""Carne y Aves"", ""Asia"", ""Recetas del Mundo""]"
Langostinos al curry,https://recetas.lidl.es/recetas/langostinos-al-curry,2,"[""500 g langostinos"", ""1 aceite de oliva virgen extra"", ""1 cebolla dulce"", ""1 pimiento verde"", ""1 pimiento rojo"", ""150 g pimiento amarillo"", ""2 cucharditas br\u00f3coli"", ""1 cucharada sal"", ""350 g pimienta"", ""1 curry""]",1100 kCal,52.47 g,55.12 g,56.59 g,"[""Aperitivos"", ""Segundos"", ""Arroz, Legumbres y Cereales"", ""Pescado y Marisco"", ""Fruta y Verdura"", ""Asia"", ""La Cocina de Lidl""]"
Emplatar sushi,https://recetas.lidl.es/recetas/emplatar-sushi,4,"[""15 hosomaki""]",N/A,N/A,N/A,N/A,"[""Segundos"", ""Pescado y Marisco"", ""Asia""]"
Tiramisú,https://recetas.lidl.es/recetas/tiramisu,4,"[""1 caf\u00e9"", ""40 amaretto"", ""24 galletas de bizcocho""]",1114 kCal,99.24 g,21.67 g,70.1 g,"[""Postres"", ""Postres y Dulces"", ""Vegetariana"", ""Italia"", ""Recetas del Mundo"", ""Cumplea\u00f1os""]"
Provolone al horno y champiñones,https://recetas.lidl.es/recetas/provolone-al-horno-y-champinones,4,"[""3 dientes de ajo"", ""500 g aceite de oliva virgen extra"", ""120 ml champi\u00f1ones""]",403 kCal,11.39 g,22.01 g,30.91 g,"[""Aperitivos"", ""Primeros"", ""Fruta y Verdura"", ""Vegetariana"", ""Italia"", ""Recetas del Mundo""]"
Arroz con leche y castañas,https://recetas.lidl.es/recetas/arroz-con-leche-y-castanas,5,"[""1 l leche"", ""1 rama canela"", ""1 c\u00e1scara lim\u00f3n"", ""200 g arroz"", ""100 g az\u00facar"", ""160 g casta\u00f1as de avellino""]",N/A,N/A,N/A,N/A,"[""Postres"", ""L\u00e1cteos y Huevos"", ""Vegetariana"", ""Recetas del Mundo"", ""Italia""]"
Bombones de gelatina,https://recetas.lidl.es/recetas/bombones-de-gelatina,4,"[""1 mango"", ""1 kiwi"", ""1 mandarina"", ""1 gelatina"", ""1 gelatina""]",222 kCal,12.04 g,42.97 g,0.22 g,"[""Desayunos y Meriendas"", ""Postres"", ""Postres y Dulces"", ""Vegana"", ""Verano"", ""Recetas para ni\u00f1os a partir de 3 a\u00f1os""]"
Espaguetis a la marinera,https://recetas.lidl.es/recetas/espaguetis-a-la-marinera,2,"[""250 g agua"", ""2 dientes sal"", ""60 g linguine de romero italiamo"", ""150 g aceite de oliva virgen extra"", ""65 g ajos"", ""100 g cebollas"", ""200 g langostinos""]",N/A,N/A,N/A,N/A,"[""Primeros"", ""Pasta y Pizza"", ""Recetas del Mundo"", ""Italia""]"
Muhammara,https://recetas.lidl.es/recetas/muhammara,4,[],379 kCal,4.18 g,9.25 g,24 g,"[""Aperitivos"", ""Fruta y Verdura"", ""Vegetariana"", ""Asia""]"
Bruschetta de tomate y mozzarella,https://recetas.lidl.es/recetas/bruschetta-de-tomate-y-mozzarella,4,"[""2 mozzarella"", ""200 g tomates cherry"", ""1 mitad cebolleta"", ""1 aceite de oliva virgen extra""]",558 kCal,65.56 g,22.53 g,22.05 g,"[""Aperitivos"", ""Recetas del Mundo"", ""Italia"", ""Recetas de bocadillos y tostadas"", ""Recetas con embutidos y quesos""]"
Nachos con pollo,https://recetas.lidl.es/recetas/nachos-con-pollo,6,"[""110 cebollas dulces"", ""1 pimiento verde"", ""1 pimiento rojo"", ""1 pimiento amarillo"", ""400 aceite de oliva"", ""4 pechugas de pollo"", ""250 tomate triturado"", ""2 sal"", ""1 pimienta""]",387 kCal,24.26 g,24.54 g,20.81 g,"[""Aperitivos"", ""Carne y Aves"", ""Fruta y Verdura"", ""M\u00e9xico"", ""P\u00edcnic""]"
Burritos vegetarianos,https://recetas.lidl.es/recetas/burritos-vegetarianos,8,"[""300 falafel"", ""3 aceite de oliva"", ""1 tomate frito"", ""150 curry"", ""1 piment\u00f3n"", ""50 or\u00e9gano"", ""1 comino""]",281 kCal,22.24 g,7.51 g,16.96 g,"[""Segundos"", ""Fruta y Verdura"", ""Vegetariana"", ""M\u00e9xico""]"
Crêpes de champiñones y queso,https://recetas.lidl.es/recetas/crepes-de-champinones-y-queso,3,"[""1 calabac\u00edn"", ""15 champi\u00f1ones"", ""6 aceite de oliva virgen extra"", ""90 crepes"", ""220 queso"", ""180 queso"", ""200 queso""]",N/A,N/A,N/A,N/A,"[""Primeros"", ""L\u00e1cteos y Huevos"", ""Fruta y Verdura"", ""Recetas del Mundo"", ""Francia""]"
Crêpes tres quesos con mandarina y pomelo,https://recetas.lidl.es/recetas/crepes-tres-quesos-con-mandarina-y-pomelo,5,"[""1 leche"", ""300 crepe"", ""200 queso brie"", ""300 queso"", ""240 queso de cabra"", ""400 mandarinas""]",816 kCal,60.31 g,40.3 g,44.75 g,"[""Postres"", ""L\u00e1cteos y Huevos"", ""Recetas del Mundo"", ""Francia""]"
Hot dog americano con salsa de queso cheddar,https://recetas.lidl.es/recetas/hot-dog-americano-con-salsa-de-queso-cheddar,4,"[""10 mantequilla"", ""15 harina de trigo"", ""140 leche"", ""80 queso cheddar""]",518 kCal,40.12 g,20.18 g,30.3 g,"[""Segundos"", ""Carne y Aves"", ""USA"", ""Recetas del Mundo""]"
Gofres con crema de yogur y fruta,https://recetas.lidl.es/recetas/gofres-con-crema-de-yogur-y-fruta,2,"[""4 fresas"", ""1 pl\u00e1tano"", ""190 nata montada"", ""150 yogur de ar\u00e1ndano rojo"", ""4 gofre"", ""30 crema de cacahuete"", ""2 ar\u00e1ndanos azules""]",N/A,N/A,N/A,N/A,"[""Postres"", ""Postres y Dulces"", ""Recetas del Mundo"", ""USA""]"
Barbacoa americana,https://recetas.lidl.es/recetas/barbacoa-americana,2,"[""2 salsa de miel"", ""45 panes de hamburguesa"", ""30 brotes tiernos"", ""10 lechuga iceberg"", ""2 zanahorias"", ""2 mayonesa"", ""400 mostaza en grano""]",N/A,N/A,N/A,N/A,"[""Segundos"", ""Carne y Aves"", ""Recetas del Mundo"", ""USA""]"
Hamburguesa perfecta,https://recetas.lidl.es/recetas/hamburguesa-perfecta,1,[],N/A,N/A,N/A,N/A,"[""Segundos"", ""Carne y Aves"", ""USA"", ""Recetas del Mundo""]"
Delicioso pancake americano,https://recetas.lidl.es/recetas/delicioso-pancake-americano,6,"[""1 preparado para pancakes"", ""400 leche""]",N/A,N/A,N/A,N/A,"[""Desayunos y Meriendas"", ""Postres"", ""Postres y Dulces"", ""USA"", ""Recetas del Mundo""]"
Hamburguesa de vacuno,https://recetas.lidl.es/recetas/hamburguesa-de-vacuno,4,"[""2 aguacates"", ""1 cebolletas""]",1081 kCal,68.41 g,59.62 g,64.77 g,"[""Segundos"", ""Carne y Aves"", ""USA"", ""P\u00edcnic""]"
Nachos mexicanos,https://recetas.lidl.es/recetas/nachos-mexicanos,6,"[""2 tomates"", ""1 cebolleta"", ""2 perejil""]",571 kCal,39.75 g,22.64 g,33.62 g,"[""Aperitivos"", ""Arroz, Legumbres y Cereales"", ""Carne y Aves"", ""Fruta y Verdura"", ""M\u00e9xico"", ""La Cocina de Lidl""]"
Burritos de pollo,https://recetas.lidl.es/recetas/burritos-de-pollo,4,"[""300 agua"", ""1 sal"", ""1 pechugas de pollo"", ""1 cebolla"", ""2 pimiento rojo"", ""1 pimiento verde"", ""45 aceite de oliva"", ""40 especias mexicanas"", ""4 salsa light para tacos""]",660 kCal,41.91 g,32.29 g,38.38 g,"[""Segundos"", ""Primeros"", ""Carne y Aves"", ""Fruta y Verdura"", ""M\u00e9xico"", ""Recetas del Mundo""]"
Pizza de aguacate y salmón con base de quinoa,https://recetas.lidl.es/recetas/pizza-de-aguacate-y-salmon-con-base-de-quinoa,6,"[""100 g quinoa"", ""1 cucharada sal"", ""0.5 cucharadita aceite de oliva virgen extra"", ""60 ml levadura en polvo""]",179 kCal,12.84 g,9.07 g,10.19 g,"[""Aperitivos"", ""Segundos"", ""Primeros"", ""Pasta y Pizza"", ""Bio"", ""La Cocina de Lidl""]"
Brownie flan,https://recetas.lidl.es/recetas/brownie-flan,8,"[""300 leche condensada"", ""350 leche"", ""4 huevos""]",289 kCal,45.68 g,12.27 g,15.61 g,"[""Desayunos y Meriendas"", ""Postres"", ""Postres y Dulces"", ""Bio""]"
Guiso de tofu y nuggets veganos con salsa,https://recetas.lidl.es/recetas/guiso-de-tofu-y-nuggets-veganos-con-salsa,4,"[""150 g guisantes"", ""300 g sal"", ""0.5 ud aceite de oliva virgen extra"", ""260 g tofu"", ""70 g cebolla""]",496 kCal,40.39 g,16.84 g,30.13 g,"[""Primeros"", ""Vegetariana"", ""Vegana"", ""La Cocina de Lidl"", ""Recetas con productos Vemondo""]"
Lasaña de salmón y verduras,https://recetas.lidl.es/recetas/lasana-de-salmon-y-verduras,4,"[""200 g l\u00e1minas de lasa\u00f1a"", ""2 filetes salm\u00f3n"", ""1 cebolla"", ""1 zanahoria"", ""1 pimiento rojo"", ""200 g aceite de oliva"", ""50 g sal""]",393 kCal,44.72 g,17.6 g,16.06 g,"[""Segundos"", ""Primeros"", ""Pescado y Marisco"", ""Fruta y Verdura"", ""Recetas para ni\u00f1os a partir de 3 a\u00f1os""]"
3 aperitivos con embutidos,https://recetas.lidl.es/recetas/3-aperitivos-con-embutidos,4,"[""80 g barras de pan"", ""4 lonchas queso"", ""8 hierbas arom\u00e1ticas""]",677 kCal,102.62 g,23.86 g,18.77 g,"[""Aperitivos"", ""P\u00edcnic"", ""Cumplea\u00f1os"", ""Recetas con embutidos y quesos"", ""Recetas de bocadillos y tostadas""]"
Salmón crujiente con frutos secos y crema de calabaza,https://recetas.lidl.es/recetas/salmon-crujiente-con-frutos-secos-y-crema-de-calabaza,2,"[""2 filetes salm\u00f3n"", ""200 g calabazas"", ""30 g queso de untar"", ""20 g pistachos"", ""20 g nueces pecanas"", ""20 g nueces de macadamia"", ""2 cucharadas aceite de oliva"", ""1 cucharadita piment\u00f3n""]",N/A,N/A,N/A,N/A,"[""Segundos"", ""Pescado y Marisco"", ""Canarias"", ""Regiones de Espa\u00f1a""]"
Tabla de antipasti,https://recetas.lidl.es/recetas/tabla-de-antipasti,6,"[""300 g piadina"", ""100 g salami"", ""150 g mozzarella de b\u00fafala""]",973 kCal,69.22 g,49.17 g,57.12 g,"[""Aperitivos"", ""Pan y Masas"", ""Italia"", ""Recetas del Mundo"", ""La Cocina de Lidl"", ""Recetas con embutidos y quesos""]"
3 recetas con fresas para San Valentín,https://recetas.lidl.es/recetas/3-recetas-con-fresas-para-san-valentin,4,"[""250 ml leche"", ""2 uds huevos"", ""5 g az\u00facar"", ""5 g az\u00facar avainillado"", ""125 g harina de trigo"", ""30 g mantequilla"", ""100 g mascarpones"", ""6 uds fresas"", ""80 g chocolate con leche""]",724 kCal,85.47 g,11.9 g,57.93 g,"[""Aperitivos"", ""Desayunos y Meriendas"", ""Fruta y Verdura"", ""La Cocina de Lidl"", ""San Valent\u00edn""]"
Lomo bajo de ternera con puré de manzana y romero,https://recetas.lidl.es/recetas/lomo-bajo-de-ternera-con-pure-de-manzana-y-romero,4,"[""2 uds manzanas golden"", ""30 g az\u00facar moreno"", ""0.5 lim\u00f3n"", ""10 ml brandy""]",424 kCal,27.07 g,29.55 g,21.24 g,"[""Segundos"", ""Carne y Aves"", ""La Cocina de Lidl""]"
Orejas de carnaval,https://recetas.lidl.es/recetas/orejas-de-carnaval,4,"[""1 ud huevo"", ""65 ml agua"", ""250 g harina de trigo"", ""65 g mantequilla"", ""50 g sal"", ""1 ud az\u00facar""]",618 kCal,58.09 g,7.36 g,38.96 g,"[""Desayunos y Meriendas"", ""Postres"", ""Postres y Dulces""]"
Batch cooking para la semana,https://recetas.lidl.es/recetas/batch-cooking-para-la-semana,4,"[""4 dientes aceite de oliva virgen extra"", ""2 uds ajos"", ""4 uds cebollas"", ""850 ml zanahorias"", ""300 g tomate triturado""]",1615 kCal,155.85 g,85.21 g,64.61 g,"[""Segundos"", ""Primeros"", ""Batch cooking"", ""La Cocina de Lidl"", ""Recetas de aprovechamiento""]"
Solomillo de pollo con finas hierbas y salsa de calabaza,https://recetas.lidl.es/recetas/solomillo-de-pollo-con-finas-hierbas-y-salsa-de-calabaza,4,"[""400 g solomillos de pollo""]",429 kCal,13.56 g,25 g,30.95 g,"[""Segundos"", ""Carne y Aves""]"
Pan de miel,https://recetas.lidl.es/recetas/pan-de-miel,8,"[""600 harina de fuerza"", ""1 levadura"", ""300 agua"", ""30 miel"", ""30 mantequilla"", ""4 huevos"", ""1 canela molida"", ""1 jengibre"", ""1.5 sal""]",N/A,N/A,N/A,N/A,"[""Desayunos y Meriendas"", ""Vegetariana"", ""Panificadora"", ""Recetas de bocadillos y tostadas""]"
Pan de romero,https://recetas.lidl.es/recetas/pan-de-romero,8,"[""500 harina de fuerza"", ""1 sal"", ""1 levadura"", ""350 agua"", ""1 romero"", ""1 albahaca"", ""1 tomillo""]",N/A,N/A,N/A,N/A,"[""Desayunos y Meriendas"", ""Vegetariana"", ""Panificadora"", ""Recetas de bocadillos y tostadas""]"
Mermelada de tomate,https://recetas.lidl.es/recetas/mermelada-de-tomate,8,"[""1 tomate"", ""1 az\u00facar"", ""1 lima"", ""2 jengibre"", ""0.5 canela"", ""2 gelatina""]",N/A,N/A,N/A,N/A,"[""Postres"", ""Fruta y Verdura"", ""Vegetariana"", ""Panificadora""]"
Pan integral sin gluten,https://recetas.lidl.es/recetas/pan-integral-sin-gluten,8,"[""450 agua"", ""50 aceite de oliva virgen extra"", ""1 preparado panificable sin gluten belbake"", ""50 almendras fritas y saladas""]",N/A,N/A,N/A,N/A,"[""Desayunos y Meriendas"", ""Sin gluten"", ""Panificadora"", ""Recetas de bocadillos y tostadas""]"
Pan de molde sin lactosa y sin gluten,https://recetas.lidl.es/recetas/pan-de-molde-sin-lactosa-y-sin-gluten,8,"[""150 agua"", ""150 leche sin lactosa"", ""35 aceite de oliva suave"", ""340 preparado panificable sin gluten belbake"", ""20 levadura fresca"", ""5 az\u00facar moreno"", ""7 sal""]",206 kCal,36 g,2.48 g,5.7 g,"[""Desayunos y Meriendas"", ""Sin lactosa"", ""Sin gluten"", ""Panificadora"", ""Recetas de bocadillos y tostadas""]"
Mermelada de naranja,https://recetas.lidl.es/recetas/mermelada-de-naranja,10,"[""500 naranjas"", ""1 lim\u00f3n"", ""2 agua"", ""20 miel""]",31 kCal,5.8 g,0.71 g,0.14 g,"[""Desayunos y Meriendas"", ""Fruta y Verdura"", ""Panificadora""]"
Pan casero vegano con semillas,https://recetas.lidl.es/recetas/pan-casero-vegano-con-semillas,4,"[""325 g bebida de avena"", ""7 g levadura fresca"", ""30 g az\u00facar"", ""200 g harina de fuerza"", ""300 g harina de trigo integral"", ""40 g aceite de oliva virgen extra"", ""10 g sal""]",617 kCal,90.88 g,17.86 g,14.85 g,"[""Aperitivos"", ""Pan y Masas"", ""Vegetariana"", ""Vegana"", ""P\u00edcnic"", ""Recetas con productos Vemondo""]"
Magdalenas de plátano y crema de cacahuete,https://recetas.lidl.es/recetas/magdalenas-de-platano-y-crema-de-cacahuete,8,"[""2 uds pl\u00e1tanos"", ""100 g crema de cacahuete"", ""2 uds huevos"", ""130 harina"", ""1 cucharada vainilla"", ""1 cucharada levadura""]",N/A,N/A,N/A,N/A,"[""Desayunos y Meriendas"", ""Postres"", ""Postres y Dulces"", ""Canarias""]"
Panecillos rellenos de carne,https://recetas.lidl.es/recetas/panecillos-rellenos-de-carne,4,"[""1 aceite de oliva virgen extra"", ""200 g diente de ajo"", ""300 g champi\u00f1ones"", ""250 g carne de ternera picada"", ""8 tomate frito"", ""8 nuez moscada""]",410 kCal,37.05 g,23.33 g,21.27 g,"[""Aperitivos"", ""Carne y Aves""]"
Bizcocho de frutos secos,https://recetas.lidl.es/recetas/bizcocho-de-frutos-secos,8,"[""4 uds huevos"", ""1 ud yogur natural"", ""125 g mantequilla"", ""60 g az\u00facar"", ""300 g harina de trigo""]",346 kCal,35.87 g,7.44 g,18.68 g,"[""Desayunos y Meriendas"", ""Postres"", ""Postres y Dulces""]"
Helado casero de plátano y cacao,https://recetas.lidl.es/recetas/helado-casero-de-platano-y-cacao,8,"[""4 pl\u00e1tanos"", ""0.5 yogur natural"", ""2 cucharadas cacao en polvo"", ""150 g nueces"", ""2 huevos"", ""80 g pasas"", ""1 lim\u00f3n"", ""50 g copos de avena"", ""70 g cobertura de chocolate con leche"", ""70 g cobertura de chocolate blanco"", ""8 cucurucho""]",354 kCal,36.67 g,8.13 g,19.49 g,"[""Postres"", ""Postres y Dulces"", ""Vuelta al cole"", ""Recetas para ni\u00f1os a partir de 12 meses""]"
Focaccia de aceitunas,https://recetas.lidl.es/recetas/focaccia-de-aceitunas,7,"[""400 harina"", ""250 agua"", ""1 az\u00facar"", ""1 sal"", ""6 aceite de oliva"", ""180 tomates cherry"", ""12 aceitunas negras"", ""1 albahaca""]",N/A,N/A,N/A,N/A,"[""Aperitivos"", ""Pan y Masas"", ""Vegana"", ""Recetas del Mundo"", ""Italia""]"
Cannolo siciliano,https://recetas.lidl.es/recetas/cannolo-siciliano,8,"[""30 mantequilla"", ""15 miel"", ""10 caf\u00e9 soluble"", ""30 vino blanco"", ""1 huevo"", ""250 harina""]",N/A,N/A,N/A,N/A,"[""Postres"", ""Postres y Dulces"", ""Recetas del Mundo"", ""Italia""]"
Tarta de queso ricotta,https://recetas.lidl.es/recetas/tarta-de-queso-ricotta,10,"[""6 huevos"", ""150 az\u00facar moreno"", ""500 queso ricotta"", ""100 leche"", ""85 licor de lim\u00f3n"", ""300 harina"", ""1 levadura"", ""100 aceite de oliva suave""]",N/A,N/A,N/A,N/A,"[""Postres"", ""L\u00e1cteos y Huevos"", ""Vegetariana"", ""Recetas del Mundo"", ""Italia""]"
Pizza margarita,https://recetas.lidl.es/recetas/pizza-margarita,2,"[""260 harina de fuerza"", ""2 levadura"", ""5 sal"", ""165 agua"", ""10 aceite de oliva virgen extra""]",N/A,N/A,N/A,N/A,"[""Segundos"", ""Primeros"", ""Pasta y Pizza"", ""Vegetariana"", ""Italia"", ""Recetas del Mundo""]"
Farfalle alla norma,https://recetas.lidl.es/recetas/farfalle-alla-norma,2,"[""1 berenjena"", ""60 cebollas"", ""1 ajo"", ""100 aceite de oliva virgen extra"", ""200 tomates cherry"", ""250 salsa de tomate y albahaca"", ""75 hierbas arom\u00e1ticas estilo provenzal""]",N/A,N/A,N/A,N/A,"[""Segundos"", ""Pasta y Pizza"", ""Vegetariana"", ""Italia"", ""Recetas del Mundo""]"
Mousse de café,https://recetas.lidl.es/recetas/mousse-de-cafe,4,"[""3 gelatina"", ""100 caf\u00e9 helado"", ""3 huevos"", ""225 az\u00facar"", ""250 nata montada"", ""250 mascarpones"", ""8 galleta amaretti""]",N/A,N/A,N/A,N/A,"[""Postres"", ""Postres y Dulces"", ""Vegetariana"", ""Italia"", ""Recetas del Mundo""]"
Hojaldre con mascarpone,https://recetas.lidl.es/recetas/hojaldre-con-mascarpone,4,"[""1 palmine"", ""500 mascarpones"", ""5 huevos"", ""50 agua"", ""125 az\u00facar glas"", ""150 cobertura de chocolate"", ""2 nata"", ""5 agua""]",N/A,N/A,N/A,N/A,"[""Postres"", ""Postres y Dulces"", ""Pan y Masas"", ""Vegetariana"", ""Recetas del Mundo"", ""Italia"", ""Cumplea\u00f1os""]"
Pennonis rellenos,https://recetas.lidl.es/recetas/pennonis-rellenos,4,"[""500 penne"", ""500 carne de ternera picada"", ""1 bechamel"", ""1 mozzarella"", ""1 queso parmesano"", ""1 salsa de tomate y albahaca""]",N/A,N/A,N/A,N/A,"[""Primeros"", ""Pasta y Pizza"", ""Recetas del Mundo"", ""Italia""]"
Piadina italiana de jamón,https://recetas.lidl.es/recetas/piadina-italiana-de-jamon,4,"[""4 pan piada"", ""2 salsa de tomate y albahaca"", ""150 r\u00facula""]",645 kCal,52.07 g,28.63 g,34.73 g,"[""Primeros"", ""Carne y Aves"", ""Pan y Masas"", ""Fruta y Verdura"", ""Recetas del Mundo"", ""Italia"", ""P\u00edcnic""]"
Frittata,https://recetas.lidl.es/recetas/frittata,4,"[""6 huevos"", ""200 calabacines asados"", ""100 tomate seco"", ""250 mozzarella de b\u00fafala"", ""200 champi\u00f1ones"", ""1 cebolla"", ""100 leche"", ""1 queso pecorino""]",N/A,N/A,N/A,N/A,"[""Primeros"", ""L\u00e1cteos y Huevos"", ""Vegetariana"", ""Recetas del Mundo"", ""Italia""]"
Panna Cotta,https://recetas.lidl.es/recetas/panna-cotta,4,"[""250 mascarpones"", ""250 nata"", ""75 az\u00facar"", ""3 gelatina"", ""250 mermelada de fresa""]",N/A,N/A,N/A,N/A,"[""Postres"", ""L\u00e1cteos y Huevos"", ""Vegetariana"", ""Recetas del Mundo"", ""Italia""]"
Lasaña a la boloñesa,https://recetas.lidl.es/recetas/lasana-a-la-bolonesa,6,"[""1 ud zanahoria"", ""1 ud apio"", ""1 ud cebolla"", ""0.5 ud pimiento rojo"", ""50 ml vino tinto"", ""300 bechamel"", ""75 g queso parmesano"", ""250 g sal"", ""400 g pimienta"", ""330 g l\u00e1minas de lasa\u00f1a""]",404 kCal,37 g,18.1 g,10.4 g,"[""Primeros"", ""Pasta y Pizza"", ""Recetas del Mundo"", ""Italia""]"
Gnocchi a la sorrentina,https://recetas.lidl.es/recetas/gnocchi-a-la-sorrentina,4,"[""800 gnocchis"", ""500 sugo al pomodoro con basilico italiamo"", ""200 mozzarella de b\u00fafala"", ""1 berenjena"", ""80 queso parmesano"", ""1 aceite de oliva virgen extra"", ""0.5 ajo""]",N/A,N/A,N/A,N/A,"[""Primeros"", ""Pasta y Pizza"", ""Fruta y Verdura"", ""Vegetariana"", ""Recetas del Mundo"", ""Italia""]"
Risotto de queso con nueces y vasitos de mascarpone,https://recetas.lidl.es/recetas/risotto-de-queso-con-nueces-y-vasitos-de-mascarpone,4,"[""100 g aceite de oliva virgen extra"", ""100 g cebollas"", ""500 ml champi\u00f1\u00f3n portobello"", ""350 g caldo de pollo"", ""35 g risotto"", ""45 g mantequilla""]",922 kCal,121.5 g,19.94 g,39.33 g,"[""Postres"", ""Primeros"", ""Postres y Dulces"", ""Arroz, Legumbres y Cereales"", ""Italia"", ""La Cocina de Lidl""]"
Menú siciliano,https://recetas.lidl.es/recetas/menu-siciliano,4,"[""1 aceite de oliva virgen extra"", ""1 cebolla"", ""1 pimiento verde"", ""1 rama berenjena"", ""2 apio"", ""300 g tomates"", ""15 g salsa de tomate""]",855 kCal,130.85 g,19.89 g,27.71 g,"[""Segundos"", ""Postres"", ""Primeros"", ""Postres y Dulces"", ""Pasta y Pizza"", ""Fruta y Verdura"", ""Recetas del Mundo"", ""Italia"", ""La Cocina de Lidl""]"
Parmigiana de berenjenas,https://recetas.lidl.es/recetas/parmigiana-de-berenjenas,4,"[""0.5 aceite de oliva virgen extra"", ""500 cebolla""]",451 kCal,18.85 g,22.81 g,113.29 g,"[""Primeros"", ""Fruta y Verdura"", ""Vegetariana"", ""Italia""]"
Nuggets con salteado de verduras y cuscús,https://recetas.lidl.es/recetas/nuggets-con-salteado-de-verduras-y-cuscus,4,"[""100 g cusc\u00fas"", ""100 ml aceite de oliva"", ""1 ud agua"", ""1 ud cebolla"", ""1 ud pimiento verde"", ""1 ud pollo"", ""50 g huevo"", ""1 ud pan rallado"", ""1 ud pepino"", ""20 g pimiento rojo""]",326 kCal,33.96 g,14.43 g,14.72 g,"[""Primeros"", ""Carne y Aves"", ""Fruta y Verdura"", ""Recetas para ni\u00f1os a partir de 12 meses""]"
Sándwich de jamón y manzana con té negro,https://recetas.lidl.es/recetas/sandwich-de-jamon-y-manzana-con-te-negro,1,"[""1 mitad manzana roja"", ""2 cucharadas aceite de oliva virgen extra"", ""2 lonchas hogaza campe\u00f3n del mundo""]",N/A,N/A,N/A,N/A,"[""Desayunos y Meriendas"", ""Recetas de bocadillos y tostadas"", ""Recetas con embutidos y quesos""]"
Sándwich club,https://recetas.lidl.es/recetas/sandwich-club,2,"[""6 rebanadas pan de cereales"", ""2 salsa light para ensalada"", ""3 lechuga"", ""2 lonchas tomates"", ""4 lonchas solomillos de pollo""]",N/A,N/A,N/A,N/A,"[""Segundos"", ""Primeros"", ""Carne y Aves"", ""Fruta y Verdura"", ""Recetas de bocadillos y tostadas"", ""Recetas con embutidos y quesos""]"
Bocadillo vegetal con pavo,https://recetas.lidl.es/recetas/bocadillo-vegetal-con-pavo,2,"[""60 g cebollas rojas"", ""1 lima"", ""1 aguacate"", ""2 tomates"", ""1 flauta de cereales"", ""6 lonchas r\u00facula"", ""4 lonchas pechuga de pavo""]",497 kCal,26.18 g,24.69 g,35.59 g,"[""Segundos"", ""Recetas de bocadillos y tostadas"", ""Recetas con embutidos y quesos""]"
Dos ideas de bocadillos,https://recetas.lidl.es/recetas/dos-ideas-de-bocadillos,4,"[""2 barras de pan"", ""50 g mantequilla"", ""90 g salsa de pesto rojo"", ""100 g queso emmental"", ""100 g pechuga de pavo"", ""100 g queso harvati""]",1234 kCal,68.84 g,48.59 g,84.67 g,"[""Desayunos y Meriendas"", ""Segundos"", ""P\u00edcnic"", ""Recetas con embutidos y quesos"", ""Recetas de bocadillos y tostadas""]"
Butifarra con mongetes y alioli casero,https://recetas.lidl.es/recetas/butifarra-con-mongetes-y-alioli-casero,4,"[""445 g butifarras"", ""2 dientes aceite de oliva virgen extra"", ""400 g ajos""]",1407 kCal,15.22 g,24.61 g,137.19 g,"[""Primeros"", ""Arroz, Legumbres y Cereales"", ""Carne y Aves"", ""Regiones de Espa\u00f1a""]"
Solomillo en salsa de granada y Pedro Ximénez,https://recetas.lidl.es/recetas/solomillo-en-salsa-de-granada-y-pedro-ximenez,4,"[""800 g sal"", ""1 ud solomillos de pavo"", ""0.5 ud aceite de oliva virgen extra"", ""1 ud cebolla"", ""250 ml granada""]",647 kCal,61.08 g,53.62 g,19.57 g,"[""Primeros"", ""Carne y Aves"", ""Fruta y Verdura""]"
Cómo montar una tabla de quesos,https://recetas.lidl.es/recetas/como-montar-una-tabla-de-quesos,4,"[""100 g queso brie"", ""100 g queso"", ""100 g queso"", ""100 g queso"", ""100 g queso"", ""100 g queso"", ""100 g queso gouda"", ""100 g queso fresco""]",1081 kCal,55.66 g,49.73 g,72.07 g,"[""Aperitivos"", ""L\u00e1cteos y Huevos"", ""P\u00edcnic"", ""La Cocina de Lidl""]"
2 recetas con calabaza,https://recetas.lidl.es/recetas/2-recetas-con-calabaza,4,"[""200 g calabazas"", ""200 g zanahorias"", ""60 g mantequilla"", ""40 g harina de trigo"", ""12 g levadura"", ""2 uds sal""]",531 kCal,35.2 g,23.67 g,34.88 g,"[""Aperitivos"", ""Fruta y Verdura"", ""La Cocina de Lidl"", ""P\u00edcnic""]"
Panecillos en sartén con huevo revuelto,https://recetas.lidl.es/recetas/panecillos-en-sarten-con-huevo-revuelto,4,"[""125 g yogur natural"", ""125 g harina de trigo"", ""3 g levadura""]",534 kCal,38.02 g,21.08 g,35.25 g,"[""Desayunos y Meriendas"", ""Arroz, Legumbres y Cereales"", ""L\u00e1cteos y Huevos"", ""Fruta y Verdura"", ""Vuelta al cole"", ""Recetas para ni\u00f1os a partir de 12 meses""]"
Mis primeras tortitas,https://recetas.lidl.es/recetas/mis-primeras-tortitas,4,"[""1 huevo"", ""0.5 ralladura de lim\u00f3n"", ""60 g copos de avena"", ""1 cucharada levadura"", ""70 g yogur natural"", ""4 n\u00edsperos"", ""1 cereza""]",111 kCal,15.46 g,4.8 g,N/A,"[""Desayunos y Meriendas"", ""Postres y Dulces"", ""Fruta y Verdura"", ""Recetas para ni\u00f1os a partir de 6 meses""]"
Berenjenas rellenas con carne picada,https://recetas.lidl.es/recetas/berenjenas-rellenas-con-carne-picada,4,"[""2 berenjenas"", ""1 ud aceite de oliva virgen extra"", ""200 g sal"", ""400 g cebolleta"", ""350 ml champi\u00f1ones portobello"", ""30 g picada de vacuno"", ""10 g pimienta negra""]",383.2 kCal,21 g,24 g,25 g,"[""Primeros"", ""Segundos"", ""Fruta y Verdura"", ""Recetas para ni\u00f1os a partir de 3 a\u00f1os"", ""La Cocina de Lidl""]"
Albóndigas con guarnición de espinacas,https://recetas.lidl.es/recetas/albondigas-con-guarnicion-de-espinacas,4,"[""150 g aceite de oliva virgen extra"", ""420 g espinacas""]",346 kCal,13.57 g,17.81 g,23.94 g,"[""Segundos"", ""Primeros"", ""Carne y Aves"", ""Fruta y Verdura"", ""Recetas para ni\u00f1os a partir de 2 a\u00f1os""]"
Sándwich de helado,https://recetas.lidl.es/recetas/sandwich-de-helado,8,"[""125 g mantequilla"", ""45 g az\u00facar"", ""1 ralladura de lim\u00f3n""]",566 kCal,60.04 g,8.88 g,32.24 g,"[""Postres"", ""Postres y Dulces"", ""Vuelta al cole"", ""Recetas para ni\u00f1os a partir de 3 a\u00f1os""]"
Polo de sandía y melón,https://recetas.lidl.es/recetas/polo-de-sandia-y-melon,4,"[""250 g sandias"", ""250 g melones"", ""60 g sandias"", ""60 g melones"", ""150 g avellanas"", ""100 g nueces""]",522 kCal,35.92 g,8.93 g,38.04 g,"[""Desayunos y Meriendas"", ""Postres"", ""Postres y Dulces"", ""Fruta y Verdura"", ""Vuelta al cole"", ""Recetas para ni\u00f1os a partir de 2 a\u00f1os""]"
Pan con patés vegetales,https://recetas.lidl.es/recetas/pan-con-pates-vegetales,4,"[""7 rebanadas panes"", ""1 rebanada pan"", ""1 tarrina hummus"", ""1 tarrina untable vegetal"", ""1 tarrina guacamole""]",277 kCal,25.92 g,7.3 g,15.25 g,"[""Desayunos y Meriendas"", ""Fruta y Verdura"", ""Vuelta al cole"", ""Recetas para ni\u00f1os a partir de 2 a\u00f1os"", ""Recetas de bocadillos y tostadas""]"
Ensalada fría de cuscús,https://recetas.lidl.es/recetas/ensalada-fria-de-cuscus,4,"[""2 pimientos rojos"", ""2 pimientos amarillos""]",294 kCal,50.87 g,7.91 g,6.57 g,"[""Primeros"", ""Fruta y Verdura"", ""Vuelta al cole"", ""Recetas para ni\u00f1os a partir de 12 meses""]"
Tortitas de puré de patata,https://recetas.lidl.es/recetas/tortitas-de-pure-de-patata,4,"[""70 g panes"", ""1 ud huevo"", ""300 g pur\u00e9 de patata"", ""10 g panes"", ""8 uds aceite de oliva""]",213 kCal,25.2 g,5.97 g,9.8 g,"[""Desayunos y Meriendas"", ""Postres"", ""Sopas y Cremas"", ""Vuelta al cole"", ""Recetas para ni\u00f1os a partir de 3 a\u00f1os""]"
Hamburguesa de salmón con calabacín,https://recetas.lidl.es/recetas/hamburguesa-de-salmon-con-calabacin,4,"[""0.5 ud calabac\u00edn"", ""2 uds salm\u00f3n"", ""1 yema de huevo huevo"", ""60 g sal"", ""1 ud harina de trigo"", ""0.5 ud aceite de oliva"", ""4 uds harina de trigo"", ""100 g patata""]",398 kCal,41.09 g,18.43 g,17.63 g,"[""Segundos"", ""Pescado y Marisco"", ""Fruta y Verdura"", ""P\u00edcnic"", ""Vuelta al cole"", ""Recetas para ni\u00f1os a partir de 2 a\u00f1os"", ""Recetas de bocadillos y tostadas""]"
Carne con puré de patatas,https://recetas.lidl.es/recetas/carne-con-pure-de-patatas,4,"[""300 g estofado de ternera"", ""2 uds aceite de oliva virgen extra"", ""1 ud zanahorias"", ""1 ud cebolla"", ""8 uds calabac\u00edn"", ""300 ml ciruelas"", ""4 uds caldo de cocido"", ""20 g patatas"", ""50 ml agua"", ""20 g sal"", ""1 mantequilla"", ""4 cucharadas nata""]",N/A,N/A,N/A,N/A,"[""Segundos"", ""Carne y Aves"", ""Vuelta al cole"", ""Recetas para ni\u00f1os a partir de 2 a\u00f1os""]"
Hamburguesa con verduras,https://recetas.lidl.es/recetas/hamburguesa-con-verduras,4,"[""40 g espinacas congeladas"", ""100 g aceite de oliva"", ""1 ud garbanzos"", ""1 ud sal"", ""4 uds comino"", ""20 g zumo de lim\u00f3n"", ""60 g calabac\u00edn""]",416 kCal,28.71 g,10.9 g,28.1 g,"[""Primeros"", ""Fruta y Verdura"", ""Vegetariana"", ""Vegana"", ""Vuelta al cole"", ""Recetas con productos Vemondo"", ""Recetas para ni\u00f1os a partir de 2 a\u00f1os""]"
Nuggets de tofu con salsa de aguacate y manzana,https://recetas.lidl.es/recetas/nuggets-de-tofu-con-salsa-de-aguacate-y-manzana,2,"[""200 g tofu"", ""50 g cereales"", ""1 cucharada agua"", ""2 cucharadas mostaza de dijon"", ""1 cucharadita piment\u00f3n"", ""1 cucharadita c\u00farcuma molida""]",N/A,N/A,N/A,N/A,"[""Primeros"", ""Vegetariana"", ""Vegana"", ""Canarias""]"
Wok Thai de fideos con gambas,https://recetas.lidl.es/recetas/wok-thai-de-fideos-con-gambas,2,"[""100 agua""]",740 kCal,93.35 g,32.3 g,26.78 g,"[""Segundos"", ""Primeros"", ""Pasta y Pizza"", ""Pescado y Marisco"", ""Fruta y Verdura"", ""Asia"", ""Recetas del Mundo""]"
"Uramaki con palitos, aguacate y pepino",https://recetas.lidl.es/recetas/uramaki-con-palitos-aguacate-y-pepino,6,"[""200 arroz para sushi"", ""625 agua"", ""50 vinagre de arroz"", ""1 sal"", ""3 alga nori"", ""6 surimi"", ""1 pepino"", ""1 aguacate""]",377 kCal,30.26 g,5.87 g,24.34 g,"[""Segundos"", ""Arroz, Legumbres y Cereales"", ""Pescado y Marisco"", ""Fruta y Verdura"", ""Asia"", ""Recetas del Mundo"", ""P\u00edcnic""]"
Fideos chow mein salteados,https://recetas.lidl.es/recetas/fideos-chow-mein-salteados,4,"[""300 g fideos chow mein"", ""1 ud diente de ajo"", ""1 ud cebolla"", ""0.5 paquete pimiento tricolor"", ""1 ud calabac\u00edn"", ""2 uds zanahorias"", ""400 g pollo"", ""30 ml salsa de soja""]",473 kCal,66.9 g,31.2 g,8.8 g,"[""Segundos"", ""Primeros"", ""Carne y Aves"", ""Pasta y Pizza"", ""Recetas del Mundo"", ""Asia""]"
Pollo korma con pan chapati,https://recetas.lidl.es/recetas/pollo-korma-con-pan-chapati,4,"[""475 agua de coco"", ""200 caldo de pollo"", ""200 arroz basmati"", ""150 yogur griego"", ""50 almendras"", ""2 aceite de oliva"", ""1 pan de pita"", ""2 cebolla"", ""1 ajos"", ""4 jengibre"", ""500 korma curry""]",N/A,N/A,N/A,N/A,"[""Segundos"", ""Carne y Aves"", ""Recetas del Mundo"", ""Asia""]"
Cerdo al estilo hindú,https://recetas.lidl.es/recetas/cerdo-al-estilo-hindu,4,"[""650 carne de cerdo"", ""1 cebolla"", ""3 ajos"", ""1 chutney de mango"", ""1 jengibre"", ""1 yogur natural"", ""1 tomate"", ""1 zumo de lim\u00f3n"", ""0.5 cilantro fresco"", ""6 aceite de oliva virgen extra"", ""2 sal"", ""1 az\u00facar"", ""1 comino""]",N/A,N/A,N/A,N/A,"[""Segundos"", ""Carne y Aves"", ""Recetas del Mundo"", ""Asia""]"
Pad Thai,https://recetas.lidl.es/recetas/pad-thai,4,"[""250 noodles"", ""4 langostinos"", ""1 huevo"", ""150 solomillos de pollo"", ""100 bamb\u00fa"", ""2 cebollinos"", ""2 salsa de pescado"", ""2 az\u00facar moreno""]",N/A,N/A,N/A,N/A,"[""Primeros"", ""Carne y Aves"", ""Pasta y Pizza"", ""Fruta y Verdura"", ""Recetas del Mundo"", ""Asia""]"
Pollo tikka masala,https://recetas.lidl.es/recetas/pollo-tikka-masala,4,"[""250 arroz basmati"", ""1 salsa de curry"", ""200 aceite vegetal""]",N/A,N/A,N/A,N/A,"[""Segundos"", ""Carne y Aves"", ""Asia"", ""Recetas del Mundo""]"
Arroz thai con verduras,https://recetas.lidl.es/recetas/arroz-thai-con-verduras,4,"[""1 calabac\u00edn"", ""50 cebollas"", ""1 pimiento rojo"", ""1 zanahoria"", ""80 br\u00f3coli"", ""300 aceite de oliva""]",N/A,N/A,N/A,N/A,"[""Primeros"", ""Arroz, Legumbres y Cereales"", ""Vegetariana"", ""Asia"", ""Recetas del Mundo""]"
Wok de pollo con verduras,https://recetas.lidl.es/recetas/wok-de-pollo-con-verduras,2,"[""100 arroz jazm\u00edn""]",N/A,N/A,N/A,N/A,"[""Primeros"", ""Carne y Aves"", ""Asia"", ""Recetas del Mundo""]"
Rollitos vietnamitas,https://recetas.lidl.es/recetas/rollitos-vietnamitas,4,"[""1 aceite de oliva virgen extra"", ""200 sal"", ""1 licor de lim\u00f3n""]",316 kCal,37.69 g,12.08 g,6.32 g,"[""Aperitivos"", ""Primeros"", ""Fruta y Verdura"", ""Asia"", ""Recetas del Mundo""]"
Cena asiática,https://recetas.lidl.es/recetas/cena-asiatica,4,"[""250 g aceite de oliva virgen extra""]",409 kCal,48.09 g,13.71 g,18.33 g,"[""Aperitivos"", ""Segundos"", ""Pasta y Pizza"", ""Fruta y Verdura"", ""Vegetariana"", ""Asia"", ""La Cocina de Lidl""]"
Lo mein de pollo y verduras,https://recetas.lidl.es/recetas/lo-mein-de-pollo-y-verduras,4,"[""1 aceite de girasol"", ""3 cebolleta"", ""1 zanahorias"", ""150 pimiento rojo"", ""150 setas""]",322 kCal,33 g,19.25 g,12.64 g,"[""Primeros"", ""Pasta y Pizza"", ""Asia"", ""Recetas del Mundo"", ""La Cocina de Lidl""]"
Gofres con Camembert y frutas,https://recetas.lidl.es/recetas/gofres-con-camembert-y-frutas,5,"[""2 huevos"", ""100 g mantequilla"", ""250 ml bebida de avellana"", ""250 g harina de espelta"", ""1 sobre levadura""]",624 kCal,47.18 g,21.34 g,37.19 g,"[""Postres"", ""Postres y Dulces"", ""Fruta y Verdura"", ""Francia"", ""La Cocina de Lidl""]"
Rollitos de col rellenos al horno,https://recetas.lidl.es/recetas/rollitos-de-col-rellenos-al-horno,4,"[""1 ud col blanca"", ""1 diente aceite de oliva virgen extra"", ""200 g ajo"", ""1 arroz"", ""1 ud sal"", ""115 g caldo de verdura"", ""150 g cebolla""]",455 kCal,28.49 g,50.8 g,14.32 g,"[""Primeros"", ""Fruta y Verdura"", ""Vegetariana"", ""Vegana"", ""La Cocina de Lidl"", ""Recetas con productos Vemondo""]"
Pollo Kung Pao con verduras y arroz,https://recetas.lidl.es/recetas/pollo-kung-pao-con-verduras-y-arroz,4,"[""2 pechugas de pollo"", ""3 dientes de ajo"", ""1 pimiento rojo"", ""6 cebolletas"", ""4 cucharadas salsa de soja"", ""10 ml vinagre de vino blanco"", ""10 ml vinagre bals\u00e1mico"", ""20 g harina de ma\u00edz"", ""1 cucharadita chile picado"", ""30 g pimienta"", ""80 g jengibre"", ""200 g az\u00facar moreno""]",N/A,N/A,N/A,N/A,"[""Segundos"", ""Primeros"", ""Carne y Aves"", ""Arroz, Legumbres y Cereales"", ""Fruta y Verdura"", ""Canarias""]"
Bratwurst vegano con salsa de mostaza,https://recetas.lidl.es/recetas/bratwurst-vegano-con-salsa-de-mostaza,4,"[""100 ml bebida de soja"", ""200 ml aceite de oliva suave"", ""1 lim\u00f3n"", ""50 g sal""]",799 kCal,35.13 g,17.55 g,65.73 g,"[""Segundos"", ""Primeros"", ""Vegetariana"", ""Vegana""]"
Tarta de plátano y chocolate,https://recetas.lidl.es/recetas/tarta-de-platano-y-chocolate,8,"[""230 g harina de trigo"", ""7 g levadura"", ""100 ml bebida de soja"", ""2 cucharadas aceite de oliva virgen extra"", ""2 cucharadas sirope de agave"", ""2 uds magdalenas"", ""90 ml leche de almendras""]",271 kCal,44.66 g,5.03 g,7.78 g,"[""Desayunos y Meriendas"", ""Postres"", ""Postres y Dulces"", ""Vegetariana"", ""Vegana"", ""Cumplea\u00f1os"", ""La Cocina de Lidl"", ""Recetas con productos Vemondo""]"
Tacos de solomillo de cerdo,https://recetas.lidl.es/recetas/tacos-de-solomillo-de-cerdo,4,"[""600 solomillos de cerdo"", ""800 aceite de oliva virgen extra"", ""100 zumo de pi\u00f1a"", ""1 pi\u00f1as""]",594 kCal,57.61 g,38.65 g,21.96 g,"[""Segundos"", ""Primeros"", ""Carne y Aves"", ""M\u00e9xico"", ""Recetas del Mundo""]"
Tarta de pera y queso feta,https://recetas.lidl.es/recetas/tarta-de-pera-y-queso-feta,8,"[""2 uds peras"", ""500 ml agua"", ""500 ml sirope de agave""]",379 kCal,71.51 g,21.21 g,21.06 g,"[""Desayunos y Meriendas"", ""Postres"", ""Postres y Dulces"", ""Fruta y Verdura"", ""Bio"", ""La Cocina de Lidl""]"
Samosas vegetales,https://recetas.lidl.es/recetas/samosas-vegetales,4,"[""200 g harina de trigo"", ""40 ml aceite de oliva virgen extra"", ""90 ml agua""]",523 kCal,58.54 g,16.44 g,24.08 g,"[""Aperitivos"", ""Primeros"", ""Pan y Masas"", ""Fruta y Verdura"", ""Vegetariana"", ""Vegana"", ""P\u00edcnic"", ""Recetas con productos Vemondo""]"
Bacalao al horno con patatas,https://recetas.lidl.es/recetas/bacalao-al-horno-con-patatas,4,"[""4 uds patatas"", ""1 ud cebolla"", ""4 filetes sal"", ""40 ml pimienta"", ""3 dientes aceite de oliva virgen extra"", ""20 ml bacalao""]",334 kCal,25.45 g,26.6 g,14.1 g,"[""Segundos"", ""Pescado y Marisco""]"
Magdalenas veganas de papaya y curry,https://recetas.lidl.es/recetas/magdalenas-veganas-de-papaya-y-curry,4,"[""150 ml bebida de soja"", ""150 g yogur de soja"", ""80 ml aceite de oliva virgen extra"", ""190 g untable vegano"", ""250 g harina de trigo"", ""50 g harina de ma\u00edz"", ""15 g levadura"", ""140 g az\u00facar moreno"", ""1 cucharada semillas de lino"", ""1 cucharadita curry"", ""0.5 cucharadita canela molida""]",857 kCal,105.03 g,15.36 g,39.66 g,"[""Postres"", ""Postres y Dulces"", ""Vegana"", ""Recetas con productos Vemondo""]"
Sándwich de gofre vegetariano,https://recetas.lidl.es/recetas/sandwich-de-gofre-vegetariano,4,"[""300 g harina de trigo"", ""6 g levadura"", ""1 huevo"", ""400 ml bebida de soja""]",731 kCal,70.76 g,29.71 g,27.15 g,"[""Primeros"", ""Fruta y Verdura"", ""Vegetariana"", ""La Cocina de Lidl"", ""Recetas con productos Vemondo"", ""Recetas de bocadillos y tostadas""]"
Copa de helados veganos con frutas,https://recetas.lidl.es/recetas/copa-de-helados-veganos-con-frutas,4,"[""100 g galletas"", ""50 g copos de avena"", ""50 g chocolate negro"", ""300 g helados de tarta de queso"", ""300 g helado de brownie""]",641 kCal,84.25 g,10.36 g,28.55 g,"[""Postres"", ""Postres y Dulces"", ""Fruta y Verdura"", ""Vegana"", ""Recetas con productos Vemondo""]"
Wok vegetal con salsa de jengibre,https://recetas.lidl.es/recetas/wok-vegetal-con-salsa-de-jengibre,4,"[""250 g aceite de oliva virgen extra"", ""300 g tofu"", ""0.5 rulo vegetal"", ""1 cebolla roja"", ""1 pimiento rojo"", ""100 g pimiento amarillo"", ""50 g esparragos""]",417 kCal,39.54 g,23.41 g,18.78 g,"[""Primeros"", ""Fruta y Verdura"", ""Vegana"", ""La Cocina de Lidl"", ""Recetas con productos Vemondo""]"
Pastelitos de chocolate,https://recetas.lidl.es/recetas/pastelitos-de-chocolate,4,"[""110 g chocolate negro"", ""100 g mantequilla"", ""2 uds claras de huevo"", ""50 g claras de huevo"", ""50 g az\u00facar"", ""60 g harina"", ""4 uds chocolate negro"", ""4 uds chocolate negro""]",576 kCal,49.41 g,7.77 g,38.7 g,"[""Postres"", ""Postres y Dulces"", ""Vuelta al cole"", ""Recetas para ni\u00f1os a partir de 3 a\u00f1os""]"
Espaguetis con verduras y carne,https://recetas.lidl.es/recetas/espaguetis-con-verduras-y-carne,4,"[""2 uds cebollas"", ""1 ud berenjena"", ""2 uds tomates"", ""300 g aceite de oliva"", ""150 g carne de ternera picada"", ""4 uds espaguetis"", ""40 g huevos de codorniz"", ""4 uds espaguetis""]",477 kCal,36.63 g,19.46 g,28.08 g,"[""Primeros"", ""Carne y Aves"", ""Pasta y Pizza"", ""Fruta y Verdura"", ""Vuelta al cole"", ""Recetas para ni\u00f1os a partir de 12 meses""]"
3 ideas de almuerzo para el recreo,https://recetas.lidl.es/recetas/3-ideas-de-almuerzo-para-el-recreo,4,"[""200 g harina de trigo"", ""2 huevos"", ""500 ml leche semidesnatada"", ""25 g az\u00facar"", ""150 g aceite de oliva virgen extra"", ""50 ml skyr"", ""1 sirope de agave""]",1046 kCal,159.36 g,31.45 g,29.56 g,"[""Desayunos y Meriendas"", ""Postres y Dulces"", ""Fruta y Verdura"", ""Vuelta al cole"", ""La Cocina de Lidl"", ""Recetas para ni\u00f1os a partir de 3 a\u00f1os""]"
3 Cócteles con cava para fin de año,https://recetas.lidl.es/recetas/3-cocteles-con-cava-para-fin-de-ano,4,"[""2 uds naranjas"", ""50 ml naranjas"", ""45 g az\u00facar"", ""200 g cubitos de hielo"", ""300 ml vermouth"", ""400 ml cava""]",562 kCal,73.93 g,2.2 g,0.27 g,"[""Bebidas"", ""La Cocina de Lidl"", ""Navidad""]"
Rape al horno con gambones,https://recetas.lidl.es/recetas/rape-al-horno-con-gambones,4,"[""3 uds patatas"", ""4 uds pescado"", ""500 g sal""]",704 kCal,31.51 g,55.45 g,25.08 g,"[""Segundos"", ""Primeros"", ""Pescado y Marisco""]"
Tartaleta de melocotón con helado de turrón,https://recetas.lidl.es/recetas/tartaleta-de-melocoton-con-helado-de-turron,4,"[""190 g mantequilla"", ""160 g az\u00facar"", ""1 ud sal"", ""360 g huevo"", ""75 g harina de trigo""]",1818 kCal,222.2 g,32.8 g,84.08 g,"[""Postres"", ""Postres y Dulces"", ""Fruta y Verdura"", ""La Cocina de Lidl"", ""Navidad""]"
Hojaldre de membrillo con helado de manzana,https://recetas.lidl.es/recetas/hojaldre-de-membrillo-con-helado-de-manzana,4,"[""1 ud membrillo"", ""120 g canela molida"", ""30 g az\u00facar"", ""2 l\u00e1minas mantequilla"", ""1 almendra garrapi\u00f1ada""]",849 kCal,110.41 g,8.51 g,30.09 g,"[""Desayunos y Meriendas"", ""Postres"", ""Pan y Masas"", ""Postres y Dulces"", ""La Cocina de Lidl"", ""Navidad""]"
Alcachofa rellena de huevo,https://recetas.lidl.es/recetas/alcachofa-rellena-de-huevo,4,"[""4 uds alcachofas"", ""4 uds sal"", ""4 lonchas huevos"", ""100 g jam\u00f3n"", ""50 g tomate seco"", ""1 diente avellanas tostadas"", ""1 cucharada ajo"", ""0.5 cucharada vinagre""]",347 kCal,7.37 g,15.86 g,25.81 g,"[""Primeros"", ""L\u00e1cteos y Huevos"", ""Fruta y Verdura""]"
Pollo con salsa de foie y alcachofa con Torta del Casar,https://recetas.lidl.es/recetas/pollo-con-salsa-de-foie-y-alcachofa-con-torta-del-casar,4,"[""1 ud pollo"", ""230 g foie gras"", ""450 ml leche"", ""25 g sal"", ""60 g pistachos""]",2091 kCal,4.94 g,86.28 g,192.24 g,"[""Segundos"", ""L\u00e1cteos y Huevos"", ""Carne y Aves"", ""Fruta y Verdura"", ""La Cocina de Lidl"", ""Navidad""]"
Ensalada de bogavante con boletus y granada,https://recetas.lidl.es/recetas/ensalada-de-bogavante-con-boletus-y-granada,4,"[""1 kg patata"", ""350 ml leche"", ""25 g sal""]",469 kCal,35.82 g,30.95 g,23.02 g,"[""Primeros"", ""Sopas y Cremas"", ""Fruta y Verdura"", ""Pescado y Marisco"", ""La Cocina de Lidl"", ""Navidad""]"
Sopa de marisco,https://recetas.lidl.es/recetas/sopa-de-marisco,4,"[""500 g mejillones"", ""100 ml vino blanco"", ""300 g aceite de oliva virgen extra"", ""300 g cigalas"", ""1 ud almejas"", ""1 diente cebolla"", ""1 ud ajo"", ""1.5 l puerro""]",351 kCal,15.54 g,39.39 g,11.65 g,"[""Aperitivos"", ""Primeros"", ""Sopas y Cremas"", ""Pescado y Marisco"", ""La Cocina de Lidl"", ""Navidad""]"
Arroz con verduras y vinagreta de fresa,https://recetas.lidl.es/recetas/arroz-con-verduras-y-vinagreta-de-fresa,3,"[""200 g arroz integral"", ""150 g coles blancas"", ""150 g coles lombardas"", ""0.5 ud calabac\u00edn"", ""1 ud zanahoria""]",N/A,N/A,N/A,N/A,"[""Primeros"", ""Arroz, Legumbres y Cereales"", ""Fruta y Verdura"", ""Canarias"", ""P\u00edcnic""]"
Tostas de anchoa y boquerón,https://recetas.lidl.es/recetas/tostas-de-anchoa-y-boqueron,4,"[""1 diente aceite de oliva virgen extra"", ""2 uds ajo"", ""50 ml cebollas"", ""50 g vino blanco""]",419 kCal,35.46 g,13.29 g,23.67 g,"[""Aperitivos"", ""Pescado y Marisco"", ""La Cocina de Lidl"", ""Navidad"", ""Recetas con conservas""]"
Ensalada templada de naranja y mandarina,https://recetas.lidl.es/recetas/ensalada-templada-de-naranja-y-mandarina,2,"[""1 ud naranja"", ""2 uds mandarinas"", ""50 g can\u00f3nigos"", ""40 g r\u00facula"", ""80 tomates cherry"", ""20 g cebollas"", ""100 g queso feta"", ""100 g quinoa"", ""1 cucharadita aceite de oliva virgen extra""]",N/A,N/A,N/A,N/A,"[""Primeros"", ""Fruta y Verdura"", ""Canarias""]"
2 aperitivos con pimientos del piquillo,https://recetas.lidl.es/recetas/2-aperitivos-con-pimientos-del-piquillo,4,"[""3 dientes ajos"", ""120 g pimientos del piquillo"", ""80 g aceite de oliva virgen extra"", ""4 uds esparragos""]",399 kCal,9.67 g,10.14 g,35.73 g,"[""Aperitivos"", ""Fruta y Verdura"", ""La Cocina de Lidl"", ""Navidad""]"
Timbal de guiso de verduras canarias,https://recetas.lidl.es/recetas/timbal-de-guiso-de-verduras-canarias,4,"[""1 ud batata"", ""1 ud zanahoria"", ""1 ud pimiento rojo"", ""1 ud cebolla"", ""0.5 ud calabac\u00edn"", ""150 g coles blancas"", ""200 g calabazas"", ""1 ud pi\u00f1a"", ""1 cucharada gofio"", ""0.5 taza tomate triturado"", ""4 lonchas jam\u00f3n serrano"", ""2 cucharadas aceite de oliva"", ""500 ml agua"", ""1 hoja laurel"", ""1 cucharadita or\u00e9gano""]",N/A,N/A,N/A,N/A,"[""Primeros"", ""Fruta y Verdura"", ""Canarias""]"
3 aperitivos para Navidad,https://recetas.lidl.es/recetas/3-aperitivos-para-navidad,4,"[""500 g pimientos del piquillo"", ""400 g nata"", ""1 ud lim\u00f3n"", ""2 cucharadas tomate frito"", ""6 uds sal"", ""5 uds huevos""]",2123 kCal,73.59 g,32.11 g,199.01 g,"[""Aperitivos"", ""Fruta y Verdura"", ""L\u00e1cteos y Huevos"", ""Pescado y Marisco"", ""La Cocina de Lidl"", ""Navidad""]"
Crema de espinacas con huevo poché,https://recetas.lidl.es/recetas/crema-de-espinacas-con-huevo-poche,4,"[""300 g espinacas"", ""1 ud patata"", ""1 ud cebolla"", ""1 ud caldo de verdura"", ""100 g pimienta"", ""4 uds sal"", ""4 rebanadas queso fresco para untar skyir""]",452 kCal,40.49 g,17 g,23.84 g,"[""Primeros"", ""Sopas y Cremas"", ""L\u00e1cteos y Huevos"", ""Fruta y Verdura""]"
Solomillo de ternera con salsa de paté de caza,https://recetas.lidl.es/recetas/solomillo-de-ternera-con-salsa-de-pate-de-caza,4,"[""1 cebolla dulce"", ""100 pat\u00e9s de caza"", ""100 caldo de pollo"", ""80 leche evaporada""]",401 kCal,12.02 g,48.08 g,18.06 g,"[""Segundos"", ""Carne y Aves"", ""La Cocina de Lidl"", ""Navidad"", ""Panificadora""]"
"Pan de jengibre, miel y naranja",https://recetas.lidl.es/recetas/pan-de-jengibre-miel-y-naranja,4,"[""250 ml agua"", ""30 g az\u00facar"", ""15 g levadura fresca"", ""500 g harina de trigo"", ""100 g mantequilla"", ""2 uds naranjas"", ""3 g jengibre"", ""50 g sal""]",716 kCal,107.91 g,15.01 g,23.03 g,"[""Aperitivos"", ""Pan y Masas"", ""La Cocina de Lidl"", ""Navidad""]"
Bizcocho de floopys con chispas de chocolate,https://recetas.lidl.es/recetas/bizcocho-de-floopys-con-chispas-de-chocolate,4,"[""4 uds donuts"", ""150 g harina de trigo"", ""120 g az\u00facar"", ""1 ud yogur griego"", ""4 huevos"", ""100 g mantequilla"", ""1 sobre levadura"", ""40 chocolate""]",N/A,N/A,N/A,N/A,"[""Postres"", ""Postres y Dulces"", ""Canarias"", ""Regiones de Espa\u00f1a""]"
Árbol de Navidad de hojaldre y chocolate,https://recetas.lidl.es/recetas/arbol-de-navidad-de-hojaldre-y-chocolate,4,"[""2 l\u00e1minas hojaldre"", ""100 g avellanas"", ""60 g chocolate blanco"", ""60 g chocolate negro"", ""1 huevo""]",941 kCal,86.63 g,14.1 g,56.36 g,"[""Postres"", ""Pan y Masas"", ""Postres y Dulces"", ""Navidad""]"
Vasitos de mascarpone con miel,https://recetas.lidl.es/recetas/vasitos-de-mascarpone-con-miel,4,"[""250 g queso"", ""3 cucharadas miel""]",N/A,N/A,N/A,N/A,"[""Postres"", ""Postres y Dulces"", ""Canarias"", ""Regiones de Espa\u00f1a"", ""P\u00edcnic""]"
Tostas variadas dulces y saladas,https://recetas.lidl.es/recetas/tostas-variadas-dulces-y-saladas,4,"[""1 barras de pan"", ""50 g kiwi"", ""125 g jam\u00f3n serrano""]",N/A,N/A,N/A,N/A,"[""Aperitivos"", ""Canarias"", ""Regiones de Espa\u00f1a"", ""Recetas de bocadillos y tostadas""]"
Tallarines de calabacín con albóndigas al curry,https://recetas.lidl.es/recetas/tallarines-de-calabacin-con-albondigas-al-curry,4,"[""2 calabacines"", ""700 g alb\u00f3ndigas de vacuno"", ""250 g leche de almendras"", ""2 cucharadas tomate frito"", ""2 pl\u00e1tanos"", ""1 cebolla"", ""1 diente de ajo"", ""10 g jengibre"", ""10 g curry""]",N/A,N/A,N/A,N/A,"[""Segundos"", ""Primeros"", ""Carne y Aves"", ""Fruta y Verdura"", ""Canarias"", ""Regiones de Espa\u00f1a""]"
Tacos de cerdo glaseados con extracto de palma canaria,https://recetas.lidl.es/recetas/tacos-de-cerdo-glaseados-con-extracto-de-palma-canaria,4,"[""400 g solomillos de cerdo"", ""30 g extracto de palma"", ""1 cucharada mostaza"", ""100 ml vino blanco"", ""100 ml caldo de pollo"", ""1 diente de ajo"", ""1 cebolla roja"", ""0.5 aguacate"", ""5 g cilantro fresco"", ""5 g hierbabuena"", ""1 lechuga batavia"", ""1 cucharada pimiento rojo"", ""1 sal""]",N/A,N/A,N/A,N/A,"[""Segundos"", ""Primeros"", ""Carne y Aves"", ""Canarias"", ""Regiones de Espa\u00f1a""]"
Supremas de merluza con curry y papaya,https://recetas.lidl.es/recetas/supremas-de-merluza-con-curry-y-papaya,4,"[""400 g filetes de merluza"", ""5 aceite de oliva virgen extra"", ""100 g dientes de ajo"", ""1 guisantes"", ""1 cebolla"", ""1 cucharadita pimiento rojo"", ""1 cucharadita papayas"", ""150 ml curry""]",N/A,N/A,N/A,N/A,"[""Segundos"", ""Pescado y Marisco"", ""Canarias"", ""Regiones de Espa\u00f1a""]"
Rollitos de manga canaria,https://recetas.lidl.es/recetas/rollitos-de-manga-canaria,6,"[""2 mangos"", ""1 cucharada miel""]",N/A,N/A,N/A,N/A,"[""Desayunos y Meriendas"", ""Postres y Dulces"", ""Fruta y Verdura"", ""Vegetariana"", ""Canarias"", ""Regiones de Espa\u00f1a""]"
Receta de rancho canario,https://recetas.lidl.es/recetas/receta-de-rancho-canario,6,"[""250 g garbanzos"", ""600 g costillas de cerdo"", ""500 g patatas"", ""140 g fideos gruesos del n\u00ba4"", ""1 cebolla"", ""2 tomates"", ""2 dientes de ajo"", ""6 hebras azafr\u00e1n"", ""1 cucharadita piment\u00f3n"", ""3 l agua"", ""2 cucharadas aceite de oliva virgen extra""]",N/A,N/A,N/A,N/A,"[""Segundos"", ""Primeros"", ""Sopas y Cremas"", ""Carne y Aves"", ""Canarias"", ""Regiones de Espa\u00f1a""]"
Queso asado con mojo de tomates cherry,https://recetas.lidl.es/recetas/queso-asado-con-mojo-de-tomates-cherry,2,"[""300 g queso ahumado"", ""8 tomates cherry"", ""20 g cilantro fresco"", ""2 dientes de ajo"", ""1 pimienta"", ""1 cucharadita escamas de sal"", ""1 cucharada vinagre"", ""1 taza aceite de oliva virgen extra"", ""0.25 cucharadita comino"", ""0.5 cucharadita piment\u00f3n dulce""]",N/A,N/A,N/A,N/A,"[""Aperitivos"", ""Primeros"", ""L\u00e1cteos y Huevos"", ""Vegetariana"", ""Canarias"", ""Regiones de Espa\u00f1a""]"
Quesillo con caramelo de piña y crujiente de quesadilla herreña,https://recetas.lidl.es/recetas/quesillo-con-caramelo-de-pina-y-crujiente-de-quesadilla-herrena,6,"[""200 g pi\u00f1as"", ""100 g az\u00facar"", ""4 huevos"", ""370 g leche condensada"", ""300 ml leche"", ""1 lim\u00f3n"", ""0.5 cucharadita canela"", ""1 quesadilla herre\u00f1a""]",N/A,N/A,N/A,N/A,"[""Postres"", ""Postres y Dulces"", ""Canarias"", ""Regiones de Espa\u00f1a""]"
Pulguita de pollo con ensalada de col,https://recetas.lidl.es/recetas/pulguita-de-pollo-con-ensalada-de-col,6,"[""500 g panes"", ""2 pechugas de pollo"", ""100 g huevos"", ""100 g harina de trigo integral"", ""2 cucharadas special flakes"", ""2 cucharadas coles blancas"", ""1 cucharadita coles lombardas"", ""1 cucharadita zanahorias""]",N/A,N/A,N/A,N/A,"[""Aperitivos"", ""Carne y Aves"", ""Canarias"", ""Regiones de Espa\u00f1a""]"
Principe Alberto con bizcocho y avellanas,https://recetas.lidl.es/recetas/principe-alberto-con-bizcocho-y-avellanas,10,"[""200 g chocolate"", ""60 g almendras"", ""60 g avellanas"", ""4 huevos"", ""80 g mantequilla"", ""80 g az\u00facar""]",N/A,N/A,N/A,N/A,"[""Postres"", ""Postres y Dulces"", ""Canarias"", ""Regiones de Espa\u00f1a""]"
Pollo a la cerveza con papas negras,https://recetas.lidl.es/recetas/pollo-a-la-cerveza-con-papas-negras,3,"[""800 g jamoncito de pollo"", ""1 botella cerveza"", ""300 g papas negras canarias"", ""1 cebolla"", ""1 pimiento verde"", ""2 zanahorias"", ""1 diente de ajo"", ""1 cucharadita harina"", ""1 cucharada jengibre en polvo"", ""2 cucharadas mostaza""]",N/A,N/A,N/A,N/A,"[""Segundos"", ""Carne y Aves"", ""Fruta y Verdura"", ""Canarias"", ""Regiones de Espa\u00f1a""]"
Piruletas de bizcocho terroríficas,https://recetas.lidl.es/recetas/piruletas-de-bizcocho-terrorificas,9,"[""250 g calabazas"", ""100 g chocolate negro"", ""60 g mantequilla"", ""4 uds huevos"", ""200 g harina""]",N/A,N/A,N/A,N/A,"[""Desayunos y Meriendas"", ""Postres"", ""Postres y Dulces"", ""Canarias"", ""Regiones de Espa\u00f1a"", ""Halloween""]"
Pastel de gelatina de sandía y melón,https://recetas.lidl.es/recetas/pastel-de-gelatina-de-sandia-y-melon,10,"[""1.5 kg sandias"", ""350 g melones"", ""250 g queso fresco"", ""3 sobres stevia"", ""24 l\u00e1minas gelatina""]",N/A,N/A,N/A,N/A,"[""Postres"", ""Postres y Dulces"", ""Fruta y Verdura"", ""Canarias"", ""Regiones de Espa\u00f1a"", ""Verano""]"
Pasta con crema de calabaza y champiñones,https://recetas.lidl.es/recetas/pasta-con-crema-de-calabaza-y-champinones,4,"[""400 g espaguetis"", ""400 g calabazas"", ""2 dientes de ajo"", ""0.5 cebolla"", ""1 cucharadita c\u00farcuma molida"", ""1 cucharadita piment\u00f3n"", ""30 ml escamas de sal"", ""50 g pimienta"", ""150 g leche de almendras"", ""0.5 cucharadita queso de untar"", ""0.5 cucharadita champi\u00f1ones""]",N/A,N/A,N/A,N/A,"[""Segundos"", ""Primeros"", ""Pasta y Pizza"", ""Fruta y Verdura"", ""Regiones de Espa\u00f1a"", ""Canarias""]"
Papas viudas,https://recetas.lidl.es/recetas/papas-viudas,4,"[""500 g carne picada mixta"", ""800 g patatas"", ""1 cebolla dulce"", ""2 pimientos rojos"", ""2 tomates"", ""4 dientes de ajo"", ""1 huevos"", ""1 cucharadita hoja de laurel"", ""1 cucharadita piment\u00f3n"", ""1 cucharadita tomillo"", ""2 vasos perejil""]",N/A,N/A,N/A,N/A,"[""Segundos"", ""Primeros"", ""Carne y Aves"", ""Fruta y Verdura"", ""Canarias"", ""Regiones de Espa\u00f1a""]"
Papas rellenas de paté y cebolla caramelizada,https://recetas.lidl.es/recetas/papas-rellenas-de-pate-y-cebolla-caramelizada,6,"[""1 kg patata"", ""4 cebollas"", ""2 cucharadas aceite de oliva virgen extra"", ""75 g pat\u00e9"", ""80 g queso gorgonzola"", ""100 g queso""]",N/A,N/A,N/A,N/A,"[""Primeros"", ""Fruta y Verdura"", ""Canarias"", ""Regiones de Espa\u00f1a""]"
Licor Café,https://recetas.lidl.es/recetas/licor-cafe,10,"[""1 l agua"", ""600 g az\u00facar"", ""2 ramas canela"", ""200 g caf\u00e9"", ""1 c\u00e1scara lim\u00f3n""]",N/A,N/A,N/A,N/A,"[""Aperitivos"", ""Postres"", ""Bebidas"", ""Canarias"", ""Regiones de Espa\u00f1a""]"
"Lasaña de chorizo palmero, champiñones y requesón con bechamel de pimientos del piquillo",https://recetas.lidl.es/recetas/lasana-de-chorizo-palmero-champinones-y-requeson-con-bechamel-de-pimientos-del-piquillo,3,"[""100 g chorizo"", ""200 g champi\u00f1ones"", ""200 g reques\u00f3n"", ""1 cebolla"", ""2 dientes de ajo"", ""6 l\u00e1minas de lasa\u00f1a"", ""500 ml pimientos del piquillo"", ""250 g bechamel"", ""0.5 cucharadita mozzarella""]",N/A,N/A,N/A,N/A,"[""Segundos"", ""Primeros"", ""Pasta y Pizza"", ""Canarias"", ""Regiones de Espa\u00f1a"", ""Recetas con embutidos y quesos""]"
Guiso de cerdo con garbanzos al pimentón,https://recetas.lidl.es/recetas/guiso-de-cerdo-con-garbanzos-al-pimenton,3,"[""350 g tacos de cerdo"", ""350 g garbanzos"", ""1 cebolla"", ""0.5 pimiento verde"", ""1 zanahoria"", ""1 diente de ajo"", ""2 tomates"", ""30 g berros"", ""300 ml caldo de pollo"", ""2 cucharadas nata"", ""1 cucharadita piment\u00f3n"", ""0.5 cucharadita comino"", ""2 cucharadas sal""]",N/A,N/A,N/A,N/A,"[""Segundos"", ""Primeros"", ""Carne y Aves"", ""Canarias"", ""Regiones de Espa\u00f1a""]"
Gnocchi de remolacha con salsa de queso,https://recetas.lidl.es/recetas/gnocchi-de-remolacha-con-salsa-de-queso,4,"[""2 uds patatas"", ""1 ud huevo"", ""0.5 ud remolacha"", ""200 g harina""]",N/A,N/A,N/A,N/A,"[""Primeros"", ""Pasta y Pizza"", ""Canarias"", ""Regiones de Espa\u00f1a""]"
Floopys de gofio y chocolate,https://recetas.lidl.es/recetas/floopys-de-gofio-y-chocolate,6,"[""120 g gofio"", ""80 g almendras"", ""2 huevos"", ""2 pl\u00e1tanos"", ""40 g aceite de oliva virgen extra"", ""10 g extracto de vainilla"", ""5 g levadura"", ""4 sobres stevia"", ""30 g leche semidesnatada"", ""1 chocolate""]",N/A,N/A,N/A,N/A,"[""Postres"", ""Postres y Dulces"", ""Vegetariana"", ""Canarias"", ""Regiones de Espa\u00f1a""]"
Escalopines a la pizzaiola con puré de papa negra,https://recetas.lidl.es/recetas/escalopines-a-la-pizzaiola-con-pure-de-papa-negra,3,"[""400 g escalopines de cerdo al ajillo"", ""800 g tomates"", ""1 cebolla dulce"", ""2 dientes de ajo"", ""2 cucharadas aceite de oliva virgen extra"", ""1 cucharadita or\u00e9gano"", ""3 g albahaca fresca"", ""500 g papas negras canarias"", ""100 ml leche"", ""20 g mantequilla""]",N/A,N/A,N/A,N/A,"[""Segundos"", ""Carne y Aves"", ""Canarias"", ""Regiones de Espa\u00f1a""]"
Empanadillas de bonito y ciruela con salsa de yogur,https://recetas.lidl.es/recetas/empanadillas-de-bonito-y-ciruela-con-salsa-de-yogur,3,"[""250 g masa filo"", ""150 g bonito"", ""1 puerro"", ""1 diente de ajo"", ""12 tomates cherry"", ""120 g queso feta"", ""1 ciruela"", ""1 huevo"", ""1 aceite de oliva virgen extra"", ""0.25 cucharadita yogur griego"", ""1 cucharadita jengibre en polvo""]",N/A,N/A,N/A,N/A,"[""Aperitivos"", ""Pan y Masas"", ""Fruta y Verdura"", ""Canarias"", ""Regiones de Espa\u00f1a"", ""Recetas con conservas""]"
Tabla de embutidos de Tenerife con frutas,https://recetas.lidl.es/recetas/tabla-de-embutidos-de-tenerife-con-frutas,4,"[""150 g pata asada"", ""60 g sobrasada de canarias"", ""150 g queso"", ""1 pan matalahuva"", ""0.25 barra de pan"", ""200 g sand\u00eda negra"", ""40 g melones"", ""1 mango"", ""100 g fresas"", ""0.5 aguacate"", ""60 g pistachos"", ""40 g nueces pecanas"", ""5 g hierbabuena"", ""10 g albahaca"", ""1 cucharadita aceite de oliva virgen extra""]",N/A,N/A,N/A,N/A,"[""Aperitivos"", ""Fruta y Verdura"", ""Canarias"", ""Regiones de Espa\u00f1a"", ""P\u00edcnic"", ""Verano"", ""Recetas con embutidos y quesos"", ""Recetas de bocadillos y tostadas""]"
Cordon bleu con rellenos canarios y tres guarniciones,https://recetas.lidl.es/recetas/cordon-bleu-con-rellenos-canarios-y-tres-guarniciones,3,[],N/A,N/A,N/A,N/A,"[""Segundos"", ""Carne y Aves"", ""Fruta y Verdura"", ""Canarias"", ""Regiones de Espa\u00f1a""]"
Cheesecake de Ambrosías Tirma,https://recetas.lidl.es/recetas/cheesecake-de-ambrosias-tirma,8,"[""14 ambros\u00edas tirma"", ""50 g mantequilla"", ""250 g queso de untar"", ""300 ml nata"", ""4 huevos"", ""15 g harina de ma\u00edz"", ""60 g sirope de agave"", ""5 g extracto de vainilla""]",N/A,N/A,N/A,N/A,"[""Postres"", ""Postres y Dulces"", ""Canarias"", ""Regiones de Espa\u00f1a""]"
Chapata de lomo adobado con cebolla caramelizada y canónigos,https://recetas.lidl.es/recetas/chapata-de-lomo-adobado-con-cebolla-caramelizada-y-canonigos,4,"[""8 panes chapata"", ""2 lomos de cerdo adobado"", ""2 cucharadas cebollas rojas"", ""1 cucharada az\u00facar moreno"", ""40 ml crema bals\u00e1mica""]",N/A,N/A,N/A,N/A,"[""Aperitivos"", ""Carne y Aves"", ""Canarias"", ""Regiones de Espa\u00f1a"", ""P\u00edcnic""]"
Champiñones y setas caramelizadas con gambón,https://recetas.lidl.es/recetas/champinones-y-setas-caramelizadas-con-gambon,2,"[""200 g champi\u00f1ones"", ""200 g setas"", ""225 g gambas"", ""1 ud cebolla"", ""2 dientes ajos"", ""1 cucharadita jengibre"", ""3 cucharadas salsa de soja"", ""1 cucharada panela"", ""1 cucharada aceite de oliva""]",N/A,N/A,N/A,N/A,"[""Primeros"", ""Fruta y Verdura"", ""Pescado y Marisco"", ""Canarias"", ""Regiones de Espa\u00f1a""]"
Ceviche de dorada y manga,https://recetas.lidl.es/recetas/ceviche-de-dorada-y-manga,2,"[""1 dorada"", ""0.5 mango"", ""0.5 cebolla roja"", ""0.5 aguacate"", ""0.25 tomate"", ""15 g pimientos rojos"", ""1 lima lim\u00f3n"", ""1 naranja"", ""0.25 pimienta"", ""5 g sal"", ""20 g cilantro fresco"", ""1 chips de vegetales""]",N/A,N/A,N/A,N/A,"[""Aperitivos"", ""Primeros"", ""Fruta y Verdura"", ""Pescado y Marisco"", ""Canarias"", ""Regiones de Espa\u00f1a""]"
Burritos de carne picada y manga,https://recetas.lidl.es/recetas/burritos-de-carne-picada-y-manga,6,"[""500 g carne de ternera picada"", ""200 g verduras para sofrito"", ""100 g manga"", ""80 g ma\u00edz dulce"", ""4 tomate frito"", ""6 tortillas de trigo"", ""1 cucharadita piment\u00f3n"", ""1 cucharadita comino"", ""1 guindilla"", ""1 cucharada aceite de oliva virgen extra""]",N/A,N/A,N/A,N/A,"[""Segundos"", ""Carne y Aves"", ""Canarias"", ""Regiones de Espa\u00f1a""]"
Brownie Bio de chocolate y calabaza,https://recetas.lidl.es/recetas/brownie-bio-de-chocolate-y-calabaza,8,"[""200 g chocolate negro"", ""4 huevos"", ""150 g mantequilla"", ""90 g copos de avena"", ""50 g panela ecol\u00f3gica"", ""30 g nueces""]",N/A,N/A,N/A,N/A,"[""Postres"", ""Postres y Dulces"", ""Bio"", ""Vegetariana"", ""Canarias"", ""Regiones de Espa\u00f1a""]"
Brochetas de salmón en cama de espinacas,https://recetas.lidl.es/recetas/brochetas-de-salmon-en-cama-de-espinacas,2,"[""300 g escalopines de salm\u00f3n"", ""250 g espinacas"", ""12 tomates cherry"", ""1 manzana roja"", ""50 g cebollas"", ""30 g pi\u00f1ones"", ""2 dientes ajos negros""]",N/A,N/A,N/A,N/A,"[""Segundos"", ""Pescado y Marisco"", ""Canarias"", ""Regiones de Espa\u00f1a""]"
Brochetas de carne fiesta con chips de batata,https://recetas.lidl.es/recetas/brochetas-de-carne-fiesta-con-chips-de-batata,4,"[""500 g tacos de cerdo"", ""0.5 pimienta de cayena"", ""3 dientes de ajo"", ""60 ml vino blanco"", ""1 cucharada vinagre de manzana"", ""0.5 cucharadita piment\u00f3n dulce"", ""0.5 cucharadita tomillo"", ""0.5 cucharadita or\u00e9gano"", ""1 aceite de oliva virgen extra"", ""1 escamas de sal"", ""1 calabac\u00edn""]",N/A,N/A,N/A,N/A,"[""Aperitivos"", ""Primeros"", ""Carne y Aves"", ""Fruta y Verdura"", ""Canarias"", ""Regiones de Espa\u00f1a""]"
Bolitas energéticas de avena y fruta,https://recetas.lidl.es/recetas/bolitas-energeticas-de-avena-y-fruta,5,"[""1 ud copos de avena"", ""50 g pl\u00e1tano"", ""50 g papayas"", ""70 g manga"", ""2 cucharadas almendras""]",N/A,N/A,N/A,N/A,"[""Desayunos y Meriendas"", ""Canarias"", ""Regiones de Espa\u00f1a""]"
Bocaditos de queso majorero y guayaba con mermelada de fruta,https://recetas.lidl.es/recetas/bocaditos-de-queso-majorero-y-guayaba-con-mermelada-de-fruta,4,"[""400 g queso fresco"", ""2 crema de guayaba (producto canario)"", ""700 g huevos"", ""300 g harina de trigo integral"", ""50 g pan rallado""]",N/A,N/A,N/A,N/A,"[""Aperitivos"", ""L\u00e1cteos y Huevos"", ""Vegetariana"", ""Canarias"", ""Regiones de Espa\u00f1a""]"
Batch cooking de pulpo y pasta,https://recetas.lidl.es/recetas/batch-cooking-de-pulpo-y-pasta,2,"[""200 g pulpo"", ""200 g verduras para sofrito"", ""3 cucharadas aceite de oliva virgen extra""]",N/A,N/A,N/A,N/A,"[""Segundos"", ""Primeros"", ""Pasta y Pizza"", ""Pescado y Marisco"", ""Fruta y Verdura"", ""Canarias"", ""Regiones de Espa\u00f1a"", ""Batch cooking""]"
Barritas heladas de yogur y fruta,https://recetas.lidl.es/recetas/barritas-heladas-de-yogur-y-fruta,4,"[""500 g yogur griego"", ""2 g stevia""]",N/A,N/A,N/A,N/A,"[""Postres"", ""L\u00e1cteos y Huevos"", ""Fruta y Verdura"", ""Canarias"", ""Regiones de Espa\u00f1a""]"
Bacalao encebollado con piña,https://recetas.lidl.es/recetas/bacalao-encebollado-con-pina,4,"[""600 g bacalao"", ""3 cebollas"", ""3 dientes de ajo"", ""0.5 pimiento rojo"", ""0.5 pimiento verde"", ""150 g pi\u00f1as"", ""60 g tomate triturado"", ""0.5 vaso vino blanco"", ""0.5 vaso caldo de pescado"", ""4 cucharadas aceite de oliva virgen extra"", ""2 cucharadas harina"", ""0.5 cucharadita tomillo"", ""0.5 cucharadita comino"", ""0.5 cucharadita piment\u00f3n"", ""2 hojas de laurel""]",N/A,N/A,N/A,N/A,"[""Segundos"", ""Pescado y Marisco"", ""Fruta y Verdura"", ""Canarias"", ""Regiones de Espa\u00f1a""]"
Bacalao al horno con pisto y bechamel bio,https://recetas.lidl.es/recetas/bacalao-al-horno-con-pisto-y-bechamel-bio,4,"[""800 g bacalao"", ""400 g pisto"", ""1 cebolla"", ""400 ml bebida de soja"", ""40 g mantequilla"", ""40 g harina de trigo integral"", ""1 yema de huevo huevo"", ""100 g pan de la abuela"", ""30 g pistachos"", ""3 cucharadas aceite de oliva virgen extra""]",N/A,N/A,N/A,N/A,"[""Segundos"", ""Pescado y Marisco"", ""Bio"", ""Canarias"", ""Regiones de Espa\u00f1a""]"
"Bacalao al horno con calabaza, papas y naranja",https://recetas.lidl.es/recetas/bacalao-al-horno-con-calabaza-papas-y-naranja,4,"[""800 g bacalao"", ""400 g patatas"", ""400 g calabazas"", ""3 naranjas"", ""20 g pi\u00f1ones""]",N/A,N/A,N/A,N/A,"[""Segundos"", ""Pescado y Marisco"", ""Bio"", ""Canarias"", ""Regiones de Espa\u00f1a""]"
Almogrote casero y untable de plátano y curry,https://recetas.lidl.es/recetas/almogrote-casero-y-untable-de-platano-y-curry,6,"[""2 uds panes con nueces"", ""4 uds panecillos integrales""]",N/A,N/A,N/A,N/A,"[""Aperitivos"", ""Fruta y Verdura"", ""Canarias"", ""Regiones de Espa\u00f1a"", ""P\u00edcnic""]"
Judías verdes con pimientos asados,https://recetas.lidl.es/recetas/judias-verdes-con-pimientos-asados,4,"[""2 pimientos rojos""]",268 kCal,13.47 g,16.01 g,85.05 g,"[""Primeros"", ""Fruta y Verdura"", ""Vegetariana"", ""Vegana""]"
Tumbet con sobrasada,https://recetas.lidl.es/recetas/tumbet-con-sobrasada,4,"[""2 patatas"", ""1 berenjena"", ""1 calabac\u00edn""]",387 kCal,28.25 g,6.08 g,89.79 g,"[""Primeros"", ""Fruta y Verdura"", ""Regiones de Espa\u00f1a""]"
Fabas con mejillones,https://recetas.lidl.es/recetas/fabas-con-mejillones,4,"[""1000 mejillones"", ""400 fabas"", ""1 aceite de oliva virgen extra"", ""1 diente de ajo"", ""2 cebolla"", ""0.5 zanahorias"", ""0.5 pimiento rojo"", ""2 pimiento verde""]",645 kCal,76.52 g,53.38 g,13.65 g,"[""Primeros"", ""Pescado y Marisco"", ""Regiones de Espa\u00f1a"", ""Recetas con conservas""]"
Empanada gallega de lacón con grelos,https://recetas.lidl.es/recetas/empanada-gallega-de-lacon-con-grelos,4,"[""2 dientes de ajo"", ""1 cebolla"", ""450 g aceite de oliva virgen extra"", ""300 g grelos"", ""350 g sal"", ""60 ml piment\u00f3n""]",848 kCal,71.48 g,29.75 g,29.48 g,"[""Aperitivos"", ""Primeros"", ""Carne y Aves"", ""Pan y Masas"", ""Fruta y Verdura"", ""Regiones de Espa\u00f1a""]"
Arroz al horno,https://recetas.lidl.es/recetas/arroz-al-horno,4,"[""4 uds morcillas"", ""150 g panceta de cerdo"", ""250 g costillas de cerdo"", ""1 ud aceite de oliva virgen extra"", ""2 uds patata"", ""350 g tomates"", ""1 cabeza arroz"", ""500 ml sal"", ""200 g azafr\u00e1n""]",1032 kCal,89.83 g,39.39 g,56.21 g,"[""Primeros"", ""Arroz, Legumbres y Cereales"", ""Regiones de Espa\u00f1a""]"
Lomos de salmón en papillote a la naranja,https://recetas.lidl.es/recetas/lomos-de-salmon-en-papillote-a-la-naranja,4,"[""2 cucharadas miel"", ""3 uds naranjas"", ""50 ml vino"", ""2 uds cebollas dulces"", ""1 ud pimiento rojo"", ""200 g esparragos trigueros"", ""4 filetes aceite de oliva""]",413 kCal,23.64 g,29.52 g,22.85 g,"[""Segundos"", ""Pescado y Marisco""]"
Lasaña de setas,https://recetas.lidl.es/recetas/lasana-de-setas,4,"[""1 ud aceite de oliva virgen extra"", ""2 dientes cebolleta"", ""200 g ajos"", ""200 g champi\u00f1ones"", ""150 g champi\u00f1\u00f3n portobello"", ""150 g champi\u00f1ones"", ""40 g champi\u00f1ones"", ""40 g sal"", ""500 margarina"", ""500 g harina de trigo""]",627 kCal,93.64 g,19.69 g,20.25 g,"[""Primeros"", ""Fruta y Verdura"", ""L\u00e1cteos y Huevos"", ""Pasta y Pizza"", ""Vegetariana"", ""La Cocina de Lidl""]"
Tulipas rellenas de verduras al curry,https://recetas.lidl.es/recetas/tulipas-rellenas-de-verduras-al-curry,4,"[""1 ud cebolla roja"", ""0.5 ud pimiento rojo"", ""1 ud zanahoria"", ""0.5 ud calabac\u00edn"", ""200 g aceite de oliva virgen extra"", ""200 g tofu"", ""40 g espinacas"", ""6 uds ciruelas sin hueso"", ""40 g curry""]",380 kCal,17.57 g,10.74 g,11.91 g,"[""Primeros"", ""Pan y Masas"", ""Fruta y Verdura"", ""Vegana"", ""La Cocina de Lidl""]"
Pancakes de manzana asada,https://recetas.lidl.es/recetas/pancakes-de-manzana-asada,4,"[""2 manzanas"", ""50 g harina de trigo"", ""1 cucharadita levadura"", ""60 ml leche"", ""1 huevo"", ""50 g mantequilla""]",510 kCal,40.98 g,11.59 g,33.31 g,"[""Desayunos y Meriendas"", ""Postres"", ""Postres y Dulces"", ""Recetas para ni\u00f1os a partir de 12 meses""]"
"Hamburguesa de merluza con crema de boniato, cebolla y puerro",https://recetas.lidl.es/recetas/hamburguesa-de-merluza-con-crema-de-boniato-cebolla-y-puerro,4,"[""300 g merluza"", ""1 huevo"", ""60 g pan rallado"", ""1 batata"", ""2 cebollas"", ""1 puerro"", ""1 patata""]",251 kCal,28.2 g,15 g,8.75 g,"[""Segundos"", ""Pescado y Marisco"", ""Fruta y Verdura"", ""Vuelta al cole"", ""Recetas para ni\u00f1os a partir de 6 meses""]"
Bocadillo de Mortadella,https://recetas.lidl.es/recetas/bocadillo-de-mortadella,4,"[""4 pan rustico"", ""40 g crema de queso fresco""]",320 kCal,29.24 g,13.12 g,17.7 g,"[""Desayunos y Meriendas"", ""Vuelta al cole"", ""Cumplea\u00f1os"", ""Recetas con embutidos y quesos"", ""Recetas para ni\u00f1os a partir de 2 a\u00f1os"", ""Recetas de bocadillos y tostadas""]"
Arroz a la cubana,https://recetas.lidl.es/recetas/arroz-a-la-cubana,8,"[""150 g arroz"", ""1 cebolla"", ""1 zanahoria"", ""100 g salsa de tomate frito bio"", ""4 huevos"", ""2 pl\u00e1tanos"", ""40 g or\u00e9gano""]",396 kCal,46.54 g,11.32 g,18.28 g,"[""Segundos"", ""Primeros"", ""L\u00e1cteos y Huevos"", ""Arroz, Legumbres y Cereales"", ""Fruta y Verdura"", ""Vuelta al cole"", ""Recetas para ni\u00f1os a partir de 3 a\u00f1os""]"
Pizza con base de tofu,https://recetas.lidl.es/recetas/pizza-con-base-de-tofu,4,"[""125 g tofu"", ""1 huevo"", ""0.5 g levadura"", ""2 zanahorias"", ""4 lonchas mozzarella"", ""4 aceituna negra (sin hueso)"", ""100 g tomate triturado"", ""1 cucharada or\u00e9gano"", ""4 tiras cebollinos""]",172 kCal,3.27 g,10.7 g,12.92 g,"[""Segundos"", ""Primeros"", ""Pan y Masas"", ""Fruta y Verdura"", ""Vegetariana"", ""Vuelta al cole"", ""Recetas para ni\u00f1os a partir de 12 meses""]"
Donut de manzana,https://recetas.lidl.es/recetas/donut-de-manzana,4,"[""1 manzana verde"", ""100 g nueces"", ""1 cucharadita canela"", ""4 manzanas rojas"", ""2 peras"", ""3 pl\u00e1tanos"", ""4 ar\u00e1ndanos azules""]",259 kCal,26.28 g,4.75 g,15 g,"[""Desayunos y Meriendas"", ""Postres"", ""Fruta y Verdura"", ""Vuelta al cole"", ""Recetas para ni\u00f1os a partir de 12 meses""]"
Crema de lentejas,https://recetas.lidl.es/recetas/crema-de-lentejas,4,"[""300 g lentejas"", ""2 zanahorias"", ""1 calabac\u00edn"", ""50 g cebollas""]",121 kCal,12.98 g,5.57 g,5.24 g,"[""Primeros"", ""Arroz, Legumbres y Cereales"", ""Vuelta al cole"", ""Recetas para ni\u00f1os a partir de 12 meses""]"
Brócoli con patata,https://recetas.lidl.es/recetas/brocoli-con-patata,4,"[""1 br\u00f3coli"", ""2 patatas"", ""100 g mozzarella"", ""2 aceitunas negras"", ""20 g pimientos rojos""]",216 kCal,20.25 g,11.24 g,10 g,"[""Segundos"", ""Primeros"", ""Fruta y Verdura"", ""Vuelta al cole"", ""Recetas para ni\u00f1os a partir de 3 a\u00f1os""]"
Arroz estilo oriental con verduras y cacahuetes,https://recetas.lidl.es/recetas/arroz-estilo-oriental-con-verduras-y-cacahuetes,4,"[""200 g arroz basmati"", ""100 g edamame"", ""2 huevos"", ""1 diente de ajo"", ""1 cebolla roja"", ""1 zanahoria"", ""0.5 pimiento rojo"", ""100 g champi\u00f1ones"", ""3 ml salsa de soja"", ""1 cucharadita jengibre""]",N/A,N/A,N/A,N/A,"[""Primeros"", ""Arroz, Legumbres y Cereales"", ""Fruta y Verdura"", ""Canarias"", ""Regiones de Espa\u00f1a""]"
"Burrito de arroz, tofu y salsa de yogur",https://recetas.lidl.es/recetas/burrito-de-arroz-tofu-y-salsa-de-yogur,4,"[""200 g yogur natural"", ""30 ml aceite de oliva virgen extra"", ""1 ud lima"", ""1 ud pepino""]",977 kCal,90.39 g,20.66 g,26.5 g,"[""Aperitivos"", ""Primeros"", ""Arroz, Legumbres y Cereales""]"
Aperitivos para Halloween,https://recetas.lidl.es/recetas/aperitivos-para-halloween,4,"[""1 l\u00e1mina masa quebrada"", ""80 g tomate frito"", ""40 g mozzarella""]",855 kCal,97.15 g,15.41 g,44.22 g,"[""Aperitivos"", ""Pan y Masas"", ""Fruta y Verdura"", ""Halloween"", ""La Cocina de Lidl"", ""Recetas de bocadillos y tostadas""]"
Tarta 3 chocolates,https://recetas.lidl.es/recetas/tarta-3-chocolates,8,"[""300 g galletas"", ""60 g mantequilla""]",619 kCal,51.25 g,13.18 g,41.85 g,"[""Postres"", ""Postres y Dulces"", ""Cumplea\u00f1os"", ""La Cocina de Lidl""]"
Sofrito,https://recetas.lidl.es/recetas/sofrito,4,"[""200 g tofu"", ""1 aceite de oliva virgen extra"", ""3 cebolla"", ""1 dientes de ajo"", ""80 g pimiento verde"", ""1 pimientos rojos"", ""200 g zanahoria"", ""250 g guisantes"", ""200 ml champi\u00f1ones"", ""300 g sal""]",391 kCal,248.33 g,14.24 g,19.78 g,"[""Guarniciones"", ""Segundos"", ""Primeros"", ""Fruta y Verdura"", ""Vegetariana"", ""Vegana"", ""La Cocina de Lidl""]"
Cómo emplatar tus helados,https://recetas.lidl.es/recetas/como-emplatar-tus-helados,4,"[""100 g chocolate""]",868 kCal,87.94 g,9.05 g,51.48 g,"[""Postres"", ""Postres y Dulces"", ""La Cocina de Lidl""]"
Barbacoa,https://recetas.lidl.es/recetas/barbacoa,4,"[""250 g berenjenas"", ""280 g calabacines"", ""200 g zanahorias"", ""240 g patatas"", ""400 g brochetas de pollo con verduras"", ""600 g solomillos de ternera"", ""550 g pulpo""]",899 kCal,23.93 g,78.41 g,51.82 g,"[""Segundos"", ""Carne y Aves"", ""Pescado y Marisco"", ""Fruta y Verdura"", ""La Cocina de Lidl"", ""Barbacoa""]"
3 ensaladas en tarro,https://recetas.lidl.es/recetas/3-ensaladas-en-tarro,3,"[""150 ml aceite de oliva virgen extra"", ""50 ml vinagre bals\u00e1mico"", ""1 cucharadita sal""]",389 kCal,42.08 g,13.16 g,18 g,"[""Primeros"", ""Fruta y Verdura""]"
Galletas navideñas caseras,https://recetas.lidl.es/recetas/galletas-navidenas-caseras,10,"[""120 g mantequilla"", ""135 g az\u00facar moreno"", ""1 huevo"", ""300 g harina de trigo"", ""8 g levadura"", ""1 cucharadita canela"", ""1 cucharadita jengibre""]",342 kCal,43.48 g,5.36 g,17.41 g,"[""Postres"", ""Postres y Dulces"", ""La Cocina de Lidl"", ""Navidad""]"
San Jacobo de atún y pimiento,https://recetas.lidl.es/recetas/san-jacobo-de-atun-y-pimiento,4,"[""200 g queso de cabra"", ""190 g jam\u00f3n cocido"", ""150 g at\u00fan en aceite"", ""150 g pimientos asados"", ""1 harina de trigo""]",960 kCal,18.75 g,36.7 g,81.46 g,"[""Aperitivos"", ""Segundos"", ""Pescado y Marisco"", ""Regiones de Espa\u00f1a""]"
Poke bowl de salmón y canónigos,https://recetas.lidl.es/recetas/poke-bowl-de-salmon-y-canonigos,4,"[""450 ml agua"", ""160 g sal"", ""300 g arroz integral"", ""60 ml salm\u00f3n"", ""1 cucharada salsa de soja"", ""220 g miel"", ""180 g aguacates"", ""1 zanahorias"", ""100 g manzana pink lady"", ""1 can\u00f3nigos""]",564 kCal,43.82 g,16.58 g,33.4 g,"[""Segundos"", ""Primeros"", ""Arroz, Legumbres y Cereales"", ""Pescado y Marisco"", ""Fruta y Verdura""]"
Arroz caldoso con pollo,https://recetas.lidl.es/recetas/arroz-caldoso-con-pollo,4,"[""250 g solomillos de pollo"", ""1 diente aceite de oliva virgen extra"", ""80 g ajo"", ""45 g pimientos rojos"", ""2 cucharadas pimientos verdes"", ""200 g tomate frito"", ""1.5 l arroz"", ""1 caldo de pollo"", ""50 g hoja de laurel""]",355 kCal,43.19 g,19.65 g,11.5 g,"[""Segundos"", ""Primeros"", ""Carne y Aves"", ""Arroz, Legumbres y Cereales"", ""Fruta y Verdura""]"
Puré de garbanzos con arroz y verduras,https://recetas.lidl.es/recetas/pure-de-garbanzos-con-arroz-y-verduras,1,"[""1 pu\u00f1ado garbanzo"", ""20 g arroz"", ""1 trozo zanahoria"", ""1 pu\u00f1ado jud\u00eda verde""]",N/A,N/A,N/A,N/A,"[""Primeros"", ""Arroz, Legumbres y Cereales"", ""Fruta y Verdura"", ""Vegetariana"", ""Vuelta al cole"", ""Recetas para ni\u00f1os a partir de 12 meses""]"
Arroz con verduras con forma de pandas,https://recetas.lidl.es/recetas/arroz-con-verduras-con-forma-de-pandas,4,"[""240 g arroz"", ""400 ml agua"", ""100 g aceitunas negras"", ""2 calabacines"", ""8 tomates cherry""]",375 kCal,54.71 g,5.2 g,14.89 g,"[""Primeros"", ""Arroz, Legumbres y Cereales"", ""Fruta y Verdura"", ""Vegetariana"", ""Vegana"", ""Vuelta al cole"", ""Recetas para ni\u00f1os a partir de 12 meses""]"
Osito dormilón de arroz con tortilla,https://recetas.lidl.es/recetas/osito-dormilon-de-arroz-con-tortilla,4,"[""100 g arroz"", ""30 g salsa de tomate"", ""1 l caldo de verdura"", ""4 huevos""]",303 kCal,20 g,13 g,19 g,"[""Segundos"", ""Primeros"", ""L\u00e1cteos y Huevos"", ""Arroz, Legumbres y Cereales"", ""Vuelta al cole"", ""Recetas para ni\u00f1os a partir de 12 meses""]"
Arroz con pavo y calabaza,https://recetas.lidl.es/recetas/arroz-con-pavo-y-calabaza,4,"[""200 g calabazas"", ""70 g patatas"", ""120 g arroz"", ""80 g pechuga de pavo""]",195 kCal,29.37 g,7.08 g,5.56 g,"[""Segundos"", ""Primeros"", ""Arroz, Legumbres y Cereales"", ""Fruta y Verdura"", ""Navidad"", ""Vuelta al cole"", ""Recetas para ni\u00f1os a partir de 6 meses""]"
Lentejas con arroz integral,https://recetas.lidl.es/recetas/lentejas-con-arroz-integral,1,"[""150 g arroz integral"", ""400 g lentejas"", ""1 huevo"", ""1 pizca sal"", ""1 cucharadita pimienta"", ""1 aceituna negra"", ""2 cucharadas pasta de tomate"", ""1 cebolla"", ""1 tomate"", ""1 pimiento rojo""]",248 kCal,35.2 g,9.7 g,7.8 g,"[""Primeros"", ""Arroz, Legumbres y Cereales"", ""Vegetariana"", ""Vuelta al cole"", ""Recetas para ni\u00f1os a partir de 2 a\u00f1os""]"
Bolitas de arroz rellenas de carne picada,https://recetas.lidl.es/recetas/bolitas-de-arroz-rellenas-de-carne-picada,4,"[""250 g arroz"", ""100 g carne de ternera picada"", ""50 g queso parmesano"", ""100 g mozzarella"", ""2 perejil""]",N/A,N/A,N/A,N/A,"[""Primeros"", ""Carne y Aves"", ""Arroz, Legumbres y Cereales"", ""Vuelta al cole"", ""Recetas para ni\u00f1os a partir de 2 a\u00f1os""]"
Arroz con leche sin lactosa,https://recetas.lidl.es/recetas/arroz-con-leche-sin-lactosa,2,"[""650 ml leche sin lactosa"", ""650 ml bebida de avellana"", ""1 cucharadita canela"", ""1 naranja"", ""175 g arroz"", ""80 g miel""]",N/A,N/A,N/A,N/A,"[""Postres"", ""Postres y Dulces"", ""Arroz, Legumbres y Cereales"", ""Sin lactosa""]"
Sushi temaki de salmón,https://recetas.lidl.es/recetas/sushi-temaki-de-salmon,4,"[""500 arroz para sushi"", ""8 salm\u00f3n ahumado"", ""1 pimiento rojo"", ""1 pepino"", ""1 aguacate"", ""3 champi\u00f1ones"", ""1 alga nori"", ""2 vinagre de arroz"", ""1 semillas de sesamo"", ""1 aceite de oliva"", ""1 aceite de s\u00e9samo""]",N/A,N/A,N/A,N/A,"[""Aperitivos"", ""Arroz, Legumbres y Cereales"", ""Pescado y Marisco"", ""Recetas del Mundo"", ""Asia""]"
Arroz con verduras,https://recetas.lidl.es/recetas/arroz-con-verduras,4,"[""200 g arroz"", ""100 g almendras picadas"", ""3 zanahorias"", ""1 cebollas"", ""1 calabac\u00edn"", ""6 remolacha"", ""8 cucharadas aceitunas negras""]",612 kCal,56.59 g,11.65 g,37.32 g,"[""Primeros"", ""Arroz, Legumbres y Cereales"", ""Fruta y Verdura"", ""Vuelta al cole"", ""Recetas para ni\u00f1os a partir de 2 a\u00f1os""]"
Dragon roll,https://recetas.lidl.es/recetas/dragon-roll,4,"[""300 arroz para sushi"", ""50 vinagre de arroz"", ""750 agua"", ""1 sal"", ""50 az\u00facar""]",N/A,N/A,N/A,N/A,"[""Aperitivos"", ""Arroz, Legumbres y Cereales"", ""Pescado y Marisco"", ""Fruta y Verdura"", ""Recetas del Mundo"", ""Asia""]"
Calabacines rellenos,https://recetas.lidl.es/recetas/calabacines-rellenos,4,"[""4 calabacines"", ""70 g arroz"", ""1 lata at\u00fan en aceite"", ""2 cucharadas queso gouda"", ""12 champi\u00f1ones"", ""1 mitad cebolleta"", ""1 zanahoria"", ""1 tomate"", ""1 ramillete albahaca"", ""4 cucharadas pimienta""]",N/A,N/A,N/A,N/A,"[""Primeros"", ""Arroz, Legumbres y Cereales"", ""Fruta y Verdura"", ""Recetas con conservas""]"
Fritada de arroz con verduras,https://recetas.lidl.es/recetas/fritada-de-arroz-con-verduras,4,"[""200 g arroz"", ""150 g guisantes"", ""1 cebolla"", ""15 ml salsa de soja"", ""2 huevos"", ""1 sal"", ""100 g pimienta""]",N/A,N/A,N/A,N/A,"[""Primeros"", ""Arroz, Legumbres y Cereales"", ""Fruta y Verdura"", ""Vuelta al cole"", ""Recetas para ni\u00f1os a partir de 3 a\u00f1os""]"
Arroz ecológico tres delicias,https://recetas.lidl.es/recetas/arroz-ecologico-tres-delicias,6,"[""420 agua"", ""200 sal"", ""3 arroz"", ""100 huevos"", ""150 jam\u00f3n cocido"", ""100 gambas"", ""80 guisantes"", ""180 ma\u00edz dulce""]",335 kCal,42.69 g,17.68 g,9.9 g,"[""Primeros"", ""Arroz, Legumbres y Cereales"", ""Fruta y Verdura"", ""Bio""]"
Ensalada de arroz,https://recetas.lidl.es/recetas/ensalada-de-arroz,2,"[""200 aceite de oliva virgen extra"", ""420 arroz"", ""0.5 agua"", ""1 sal"", ""1 cebolla roja"", ""100 tomate""]",N/A,N/A,N/A,N/A,"[""Primeros"", ""Arroz, Legumbres y Cereales"", ""Fruta y Verdura"", ""Bio"", ""Vegetariana"", ""Verano""]"
2 bowls con productos Bio,https://recetas.lidl.es/recetas/2-bowls-con-productos-bio,4,"[""280 g agua"", ""40 g sal"", ""2 penne"", ""1 aceite de oliva virgen extra"", ""1 salsas de tomate ecol\u00f3gico"", ""200 g aguacates""]",792 kCal,100.19 g,42.87 g,56.07 g,"[""Primeros"", ""Arroz, Legumbres y Cereales"", ""Pasta y Pizza"", ""Fruta y Verdura"", ""Bio"", ""La Cocina de Lidl"", ""P\u00edcnic""]"
Hamburguesas con salsa de champiñones,https://recetas.lidl.es/recetas/hamburguesas-con-salsa-de-champinones,4,"[""4 aceite de oliva virgen extra""]",600 kCal,17.52 g,41.51 g,102.84 g,"[""Segundos"", ""Fruta y Verdura"", ""Carne y Aves"", ""Bio""]"
Mini quiche de salmón y setas,https://recetas.lidl.es/recetas/mini-quiche-de-salmon-y-setas,4,"[""2 dientes ajos"", ""1 puerro"", ""50 g aceite de oliva virgen extra"", ""150 g tomate frito"", ""150 g champi\u00f1ones"", ""3 champi\u00f1\u00f3n portobello"", ""200 ml huevos"", ""80 g nata"", ""80 g queso fresco"", ""200 g queso grana padano"", ""2 salm\u00f3n ahumado""]",454 kCal,21.46 g,25.75 g,29.34 g,"[""Segundos"", ""Primeros"", ""Pescado y Marisco"", ""Fruta y Verdura"", ""Bio"", ""La Cocina de Lidl""]"
Hojaldres de crema de limón y queso,https://recetas.lidl.es/recetas/hojaldres-de-crema-de-limon-y-queso,10,"[""3 huevos"", ""3 sal"", ""50 miel"", ""3 limones"", ""80 queso cheddar""]",194 kCal,15.24 g,6.81 g,11.28 g,"[""Aperitivos"", ""Pan y Masas"", ""Bio"", ""Vegetariana""]"
"Cremoso de tofu, plátano y chocolate",https://recetas.lidl.es/recetas/cremoso-de-tofu-platano-y-chocolate,4,"[""450 pl\u00e1tanos"", ""125 postre de tofu"", ""80 leche de almendras"", ""1 sirope de agave"", ""130 tofu""]",248 kCal,37.77 g,6.52 g,8.68 g,"[""Postres"", ""Postres y Dulces"", ""Fruta y Verdura"", ""Bio"", ""Vegetariana""]"
Tofu glaseado con naranja y verduras,https://recetas.lidl.es/recetas/tofu-glaseado-con-naranja-y-verduras,4,"[""2 naranjas"", ""60 salsa de soja"", ""2 miel"", ""15 piment\u00f3n"", ""400 harina de ma\u00edz""]",337 kCal,38.24 g,17.68 g,12.62 g,"[""Segundos"", ""Primeros"", ""Fruta y Verdura"", ""Bio"", ""Vegetariana""]"
Fingers de tofu con dip de miel y tomate,https://recetas.lidl.es/recetas/fingers-de-tofu-con-dip-de-miel-y-tomate,4,"[""60 pan rallado"", ""1 sal"", ""470 pimienta"", ""2 lima""]",311 kCal,21.19 g,16.66 g,14.37 g,"[""Aperitivos"", ""Fruta y Verdura"", ""Bio"", ""Vegetariana""]"
Café bombón con leche condensada casera,https://recetas.lidl.es/recetas/cafe-bombon-con-leche-condensada-casera,4,"[""250 bebida de soja"", ""80 sirope de agave"", ""10 margarina""]",177 kCal,24.4 g,3.73 g,6.3 g,"[""Postres"", ""L\u00e1cteos y Huevos"", ""Bio"", ""Vegana""]"
Smoothie de pomelo y mango,https://recetas.lidl.es/recetas/smoothie-de-pomelo-y-mango,2,"[""1 pomelo"", ""1 mango"", ""1 pl\u00e1tano"", ""20 ch\u00eda"", ""150 bebida de soja""]",N/A,N/A,N/A,N/A,"[""Desayunos y Meriendas"", ""Bebidas"", ""Fruta y Verdura"", ""Bio"", ""Vegana"", ""Verano""]"
Tabulé de bulgur,https://recetas.lidl.es/recetas/tabule-de-bulgur,4,"[""400 agua"", ""200 sal"", ""2 bulgur"", ""1 zanahorias"", ""125 pepino"", ""50 queso feta""]",N/A,N/A,N/A,N/A,"[""Primeros"", ""Fruta y Verdura"", ""Bio"", ""Vegetariana"", ""Verano""]"
Pasta de espelta con tomate,https://recetas.lidl.es/recetas/pasta-de-espelta-con-tomate,4,"[""250 sal"", ""150 pasta"", ""100 aceite de oliva virgen extra"", ""65 tomates cherry mix"", ""150 br\u00f3coli""]",N/A,N/A,N/A,N/A,"[""Primeros"", ""Pasta y Pizza"", ""Bio"", ""Vegetariana"", ""Recetas con conservas""]"
Ensalada de quinoa,https://recetas.lidl.es/recetas/ensalada-de-quinoa,2,"[""150 quinoa"", ""300 agua"", ""80 g pepinos"", ""60 g aguacates"", ""50 g aceitunas negras"", ""80 g zanahorias"", ""180 g remolachas"", ""140 g sal"", ""15 g ma\u00edz dulce""]",N/A,N/A,N/A,N/A,"[""Primeros"", ""Fruta y Verdura"", ""Bio"", ""Vegetariana"", ""Vegana"", ""Verano""]"
Vasitos de cheescake de limón,https://recetas.lidl.es/recetas/vasitos-de-cheescake-de-limon,8,"[""2 bizcochos con espelta ecol\u00f3gicos"", ""60 g copos de avena"", ""50 g mantequilla""]",397 kCal,20.13 g,7.81 g,20.24 g,"[""Postres"", ""Postres y Dulces"", ""Fruta y Verdura"", ""Bio"", ""La Cocina de Lidl"", ""D\u00eda de la Madre"", ""Cumplea\u00f1os""]"
Ensalada de garbanzos con aliño de pepino,https://recetas.lidl.es/recetas/ensalada-de-garbanzos-con-alino-de-pepino,2,"[""150 tomates cherry"", ""80 queso feta"", ""400 garbanzos"", ""100 ma\u00edz dulce"", ""40 can\u00f3nigos"", ""50 pepinos"", ""50 cebollas rojas"", ""60 aceite de oliva virgen extra"", ""30 vinagre de manzana"", ""2 sal""]",N/A,N/A,N/A,N/A,"[""Primeros"", ""Arroz, Legumbres y Cereales"", ""Fruta y Verdura"", ""Bio"", ""Vegetariana"", ""Verano"", ""Recetas con conservas""]"
Yogur con chía,https://recetas.lidl.es/recetas/yogur-con-chia,4,"[""60 ch\u00eda"", ""200 bebida de avena"", ""3 yogur natural"", ""1 mango"", ""1 kiwi""]",N/A,N/A,N/A,N/A,"[""Postres"", ""Fruta y Verdura"", ""Bio"", ""Vegetariana"", ""Verano""]"
Tortitas de avena con miel,https://recetas.lidl.es/recetas/tortitas-de-avena-con-miel,2,"[""200 harina de avena"", ""300 bebida de soja"", ""2 pl\u00e1tanos"", ""5 levadura"", ""1 canela""]",N/A,N/A,N/A,N/A,"[""Desayunos y Meriendas"", ""Postres"", ""Fruta y Verdura"", ""Bio"", ""Vegetariana""]"
Bowl tropical y té verde,https://recetas.lidl.es/recetas/bowl-tropical-y-te-verde,1,"[""1 mango"", ""1 kiwi"", ""1 yogur natural""]",N/A,N/A,N/A,N/A,"[""Desayunos y Meriendas"", ""Fruta y Verdura"", ""Bio"", ""Vegetariana""]"
Mermelada de ciruela con chía,https://recetas.lidl.es/recetas/mermelada-de-ciruela-con-chia,10,"[""250 ciruelas rojas"", ""60 limones"", ""100 agua"", ""15 ch\u00eda"", ""40 miel""]",N/A,N/A,N/A,N/A,"[""Desayunos y Meriendas"", ""Postres"", ""Fruta y Verdura"", ""Bio"", ""Vegetariana""]"
Tarta de yogur ecológico,https://recetas.lidl.es/recetas/tarta-de-yogur-ecologico,4,"[""300 leche"", ""6 gelatina"", ""250 yogur de manzana y pera"", ""250 yogur de manzana y pera"", ""4 galletas de avena"", ""1 ar\u00e1ndanos azules""]",N/A,N/A,N/A,N/A,"[""Postres"", ""L\u00e1cteos y Huevos"", ""Bio"", ""Vegetariana""]"
Poke bowl de salmón y garbanzos,https://recetas.lidl.es/recetas/poke-bowl-de-salmon-y-garbanzos,4,"[""400 g salm\u00f3n"", ""240 g sal"", ""240 g aceite de oliva virgen extra"", ""250 g aguacates"", ""100 g tomates"", ""10 g pimienta"", ""40 g garbanzos""]",507 kCal,13.06 g,29.07 g,35.85 g,"[""Segundos"", ""Primeros"", ""Arroz, Legumbres y Cereales"", ""Pescado y Marisco"", ""Fruta y Verdura"", ""Bio"", ""Verano"", ""La Cocina de Lidl"", ""Recetas con conservas""]"
Crema de champiñones con bebida de avena,https://recetas.lidl.es/recetas/crema-de-champinones-con-bebida-de-avena,4,"[""1 cebolla dulce"", ""1 puerro"", ""1 ajo"", ""650 aceite de oliva virgen extra"", ""25 champi\u00f1ones"", ""400 harina de espelta"", ""200 bebida de avena"", ""45 agua""]",224 kCal,18.59 g,8.74 g,14.99 g,"[""Primeros"", ""Sopas y Cremas"", ""Fruta y Verdura"", ""Bio"", ""Sin lactosa"", ""Vegana""]"
Magdalenas de yogur de vainilla,https://recetas.lidl.es/recetas/magdalenas-de-yogur-de-vainilla,6,"[""3 huevos"", ""80 miel"", ""150 yogur vainilla"", ""70 mantequilla"", ""200 harina de trigo"", ""1 levadura""]",344 kCal,39.68 g,8.53 g,15.58 g,"[""Postres"", ""Postres y Dulces"", ""Bio"", ""Vegetariana""]"
Flan de bebida de avena,https://recetas.lidl.es/recetas/flan-de-bebida-de-avena,6,"[""50 agua"", ""100 sirope de agave""]",190 kCal,16.86 g,5.9 g,6.74 g,"[""Postres"", ""Postres y Dulces"", ""Bio"", ""Sin lactosa"", ""Vegetariana""]"
Quinoa con verduras,https://recetas.lidl.es/recetas/quinoa-con-verduras,2,"[""1 cebolla roja"", ""1 puerro"", ""150 esparragos trigueros"", ""265 aceite de oliva virgen extra"", ""125 agua"", ""80 quinoa"", ""125 sal""]",N/A,N/A,N/A,N/A,"[""Primeros"", ""Fruta y Verdura"", ""Bio"", ""Vegetariana""]"
Ensalada de tofu ecológico,https://recetas.lidl.es/recetas/ensalada-de-tofu-ecologico,2,"[""1 berenjena"", ""1 aceite de oliva virgen extra"", ""1 manzana roja"", ""150 mango"", ""100 tofu""]",N/A,N/A,N/A,N/A,"[""Primeros"", ""Fruta y Verdura"", ""Bio"", ""Vegana""]"
Ensalada en tarro,https://recetas.lidl.es/recetas/ensalada-en-tarro,1,"[""1 naranja"", ""30 ml salsa de soja"", ""15 g sirope de agave"", ""30 ml aceite de oliva virgen extra""]",984 kCal,985.11 g,19.45 g,64.65 g,"[""Primeros"", ""Arroz, Legumbres y Cereales"", ""Fruta y Verdura"", ""Bio"", ""Vegetariana"", ""Vegana"", ""La Cocina de Lidl"", ""P\u00edcnic""]"
Tostada de salmón y salsa de yogur,https://recetas.lidl.es/recetas/tostada-de-salmon-y-salsa-de-yogur,4,"[""1 yogur griego"", ""80 limones""]",294 kCal,20.42 g,19.33 g,16.73 g,"[""Aperitivos"", ""Pescado y Marisco"", ""Bio"", ""Recetas de bocadillos y tostadas""]"
Buddha bowl,https://recetas.lidl.es/recetas/buddha-bowl,4,"[""200 g agua"", ""200 g sal"", ""250 g pasta"", ""200 g aceite de oliva virgen extra"", ""4 pi\u00f1as""]",731 kCal,48.9 g,34.45 g,42.88 g,"[""Primeros"", ""Arroz, Legumbres y Cereales"", ""Fruta y Verdura"", ""Bio"", ""Vegetariana"", ""La Cocina de Lidl"", ""Verano""]"
Brownie de zanahoria con bebida de soja,https://recetas.lidl.es/recetas/brownie-de-zanahoria-con-bebida-de-soja,8,"[""300 zanahorias"", ""250 chocolate negro"", ""200 bebida de soja"", ""3 huevos"", ""100 az\u00facar moreno"", ""90 harina de trigo"", ""2 levadura"", ""2 sal""]",240 kCal,34.18 g,6.12 g,8.5 g,"[""Postres"", ""Postres y Dulces"", ""Bio""]"
Hamburguesas con cuscús,https://recetas.lidl.es/recetas/hamburguesas-con-cuscus,2,"[""200 agua"", ""200 sal"", ""1 cusc\u00fas"", ""100 aguacate"", ""1 queso gouda"", ""60 pimiento rojo"", ""4 aceite de oliva virgen extra"", ""60 pimienta""]",N/A,N/A,N/A,N/A,"[""Primeros"", ""Carne y Aves"", ""Bio""]"
Desayuno con productos bio,https://recetas.lidl.es/recetas/desayuno-con-productos-bio,4,"[""4 tostadas de pan de centeno de trigo y espelta"", ""150 queso fresco para untar light"", ""80 mermelada de fresa"", ""1 pomelo""]",850 kCal,113.62 g,36.26 g,24.72 g,"[""Desayunos y Meriendas"", ""Fruta y Verdura"", ""Bio""]"
Puré de pescado,https://recetas.lidl.es/recetas/pure-de-pescado,1,"[""150 g merluza"", ""1 ud patata"", ""125 g calabazas"", ""1 ud puerro"", ""1 cucharadita aceite de oliva""]",288 kCal,31.4 g,21.6 g,8.07 g,"[""Segundos"", ""Pescado y Marisco"", ""Fruta y Verdura"", ""Vuelta al cole"", ""Recetas para ni\u00f1os a partir de 6 meses""]"
Espaguetis con salsa pesto Genovese y langostinos,https://recetas.lidl.es/recetas/espaguetis-con-salsa-pesto-genovese-y-langostinos,4,"[""400 langostinos"", ""50 aceite de oliva virgen extra"", ""120 aceitunas negras"", ""90 tomates cherry""]",635 kCal,74.21 g,40.01 g,19.25 g,"[""Primeros"", ""Pasta y Pizza"", ""Pescado y Marisco"", ""Italia"", ""Recetas del Mundo""]"
Chuletas de cerdo al horno con salsa de espinacas y champiñones,https://recetas.lidl.es/recetas/chuletas-de-cerdo-al-horno-con-salsa-de-espinacas-y-champinones,4,"[""4 chuletas de cerdo"", ""100 g espinacas"", ""150 g champi\u00f1\u00f3n portobello"", ""1 ud cebolla dulce"", ""100 ml ajo granulado"", ""150 ml caldo de carne""]",365 kCal,6.63 g,35.17 g,22.51 g,"[""Segundos"", ""Carne y Aves"", ""Fruta y Verdura""]"
Trucos sobre maridaje,https://recetas.lidl.es/recetas/trucos-sobre-maridaje,4,"[""400 g vino tinto"", ""200 g patatas"", ""100 g esparragos""]",592 kCal,34.54 g,39.19 g,33.56 g,"[""Aperitivos"", ""Pescado y Marisco"", ""Fruta y Verdura"", ""La Cocina de Lidl""]"
2 recetas de aprovechamiento,https://recetas.lidl.es/recetas/2-recetas-de-aprovechamiento,4,"[""150 g batatas"", ""150 g cebollas"", ""6 uds huevos"", ""250 ml nata"", ""0.5 diente aceite de oliva virgen extra"", ""300 g ajo"", ""20 g espinacas"", ""100 g pi\u00f1ones""]",752 kCal,46.85 g,24.51 g,47.98 g,"[""Primeros"", ""Sopas y Cremas"", ""Fruta y Verdura"", ""La Cocina de Lidl"", ""Recetas de aprovechamiento""]"
Magdalenas de manzana y zanahoria,https://recetas.lidl.es/recetas/magdalenas-de-manzana-y-zanahoria,4,"[""250 g harina de trigo"", ""75 g az\u00facar moreno"", ""8 g levadura"", ""2 uds huevos"", ""100 ml leche"", ""50 ml aceite de oliva virgen extra"", ""1 ud zanahoria"", ""2 uds manzanas"", ""30 ml canela molida""]",524 kCal,170.16 g,9.75 g,15.96 g,"[""Desayunos y Meriendas"", ""Postres"", ""Postres y Dulces"", ""Fruta y Verdura""]"
Ragú de cabra con espirales,https://recetas.lidl.es/recetas/ragu-de-cabra-con-espirales,4,"[""1 kg carne de cabra"", ""250 g espirales"", ""5 uds zanahorias"", ""1 ud pimiento rojo"", ""1 ud cebolla"", ""1 tallo apio"", ""1 vaso vino rosado"", ""2 hojas laurel"", ""40 g sal"", ""1 cucharadita tomates"", ""1 cucharadita pimienta"", ""750 ml tomillo""]",N/A,N/A,N/A,N/A,"[""Primeros"", ""Carne y Aves"", ""Pasta y Pizza"", ""Fruta y Verdura"", ""Canarias"", ""Regiones de Espa\u00f1a""]"
Pastel de melocotón y chocolate,https://recetas.lidl.es/recetas/pastel-de-melocoton-y-chocolate,6,"[""6 uds huevos"", ""180 g harina de trigo"", ""35 g sirope de agave""]",373 kCal,54.62 g,11.99 g,29.75 g,"[""Postres"", ""Postres y Dulces"", ""Fruta y Verdura"", ""La Cocina de Lidl""]"
Pechugas de pollo con salsa de nueces,https://recetas.lidl.es/recetas/pechugas-de-pollo-con-salsa-de-nueces,4,"[""150 g cebollas dulces"", ""500 g aceite de oliva virgen extra"", ""200 g sal""]",650 kCal,5.92 g,56.4 g,43.37 g,"[""Segundos"", ""Carne y Aves""]"
Galletitas saladas de queso,https://recetas.lidl.es/recetas/galletitas-saladas-de-queso,4,"[""280 g harina de trigo"", ""180 g queso gouda"", ""2 uds huevos"", ""100 g mantequilla""]",2699 kCal,54.31 g,21.3 g,39.06 g,"[""Aperitivos"", ""Desayunos y Meriendas"", ""Postres y Dulces""]"
Pizza de coliflor con mozzarella y champiñones,https://recetas.lidl.es/recetas/pizza-de-coliflor-con-mozzarella-y-champinones,4,"[""300 g coliflor"", ""1 huevo"", ""25 ml aceite de oliva virgen extra""]",481 kCal,19.92 g,15.4 g,42.88 g,"[""Segundos"", ""Primeros"", ""Pan y Masas"", ""Pasta y Pizza"", ""Vegetariana""]"
Vasitos de chocolate blanco y skyr de arándanos,https://recetas.lidl.es/recetas/vasitos-de-chocolate-blanco-y-skyr-de-arandanos,4,"[""200 g frambuesas congeladas"", ""1 lima"", ""5 g az\u00facar avainillado""]",447 kCal,48.91 g,21.21 g,19.32 g,"[""Postres"", ""Postres y Dulces"", ""Fruta y Verdura"", ""La Cocina de Lidl""]"
Ensalada de melón con vinagreta,https://recetas.lidl.es/recetas/ensalada-de-melon-con-vinagreta,4,"[""60 ml aceite de oliva virgen extra"", ""30 ml vinagre bals\u00e1mico"", ""0.5 lim\u00f3n"", ""2 cucharditas albahaca"", ""40 g sal""]",450 kCal,113.65 g,22.68 g,33.95 g,"[""Primeros"", ""Fruta y Verdura""]"
Carpaccio de pulpo con ensalada de aguacate,https://recetas.lidl.es/recetas/carpaccio-de-pulpo-con-ensalada-de-aguacate,4,"[""500 g pulpo"", ""2 aceite de oliva virgen extra""]",403 kCal,14.18 g,26.96 g,28.75 g,"[""Aperitivos"", ""Segundos"", ""Pescado y Marisco""]"
Moruna de sardinas,https://recetas.lidl.es/recetas/moruna-de-sardinas,4,"[""600 g sardinas"", ""2 dientes de ajo"", ""1 aceite de oliva virgen extra"", ""1 cebolla dulce"", ""2 pimiento verde"", ""100 ml tomates""]",304 kCal,9.55 g,30.45 g,13.68 g,"[""Segundos"", ""Pescado y Marisco"", ""Fruta y Verdura"", ""La Cocina de Lidl""]"
Cocido gallego,https://recetas.lidl.es/recetas/cocido-gallego,8,"[""1 oreja de cerdo salada"", ""1 mano de cerdo salada"", ""2 morros de cerdo salado"", ""400 g costillas de cerdo"", ""200 g lac\u00f3n curado desalado"", ""500 g patatas"", ""0.5 col blanca"", ""2 manojos de grelos"", ""350 g chorizo"", ""400 g garbanzos""]",1170 kCal,35.76 g,97.54 g,69.98 g,"[""Segundos"", ""Arroz, Legumbres y Cereales"", ""Carne y Aves"", ""Regiones de Espa\u00f1a""]"
Tartar de atún y sandía con Batatito’s y papa de Lanzarote,https://recetas.lidl.es/recetas/tartar-de-atun-y-sandia-con-batatito-s-y-papa-de-lanzarote,4,"[""360 g at\u00fan"", ""200 g sand\u00eda negra"", ""0.5 cebolla roja"", ""2 cucharadas salsa de soja"", ""0.5 cucharadita salsa lea&perrins"", ""0.25 cucharadita jengibre"", ""0.5 lim\u00f3n""]",N/A,N/A,N/A,N/A,"[""Primeros"", ""Fruta y Verdura"", ""Pescado y Marisco"", ""Canarias"", ""Regiones de Espa\u00f1a""]"
Aperitivos con berberechos y mejillones,https://recetas.lidl.es/recetas/aperitivos-con-berberechos-y-mejillones,4,"[""250 g berberechos"", ""0.5 cebolla roja"", ""100 g pi\u00f1as"", ""1 guindilla"", ""0.5 lima""]",753 kCal,64.91 g,32.21 g,40.28 g,"[""Aperitivos"", ""Pescado y Marisco"", ""La Cocina de Lidl"", ""Recetas de bocadillos y tostadas""]"
Pastel de pan de molde salado,https://recetas.lidl.es/recetas/pastel-de-pan-de-molde-salado,4,"[""2 cebollas dulces"", ""1 cucharada aceite de oliva virgen extra"", ""2 sirope de agave"", ""200 g manzanas golden"", ""2 taquitos de jam\u00f3n"", ""200 ml sal"", ""8 rebanadas hierbas arom\u00e1ticas estilo provenzal""]",N/A,N/A,N/A,N/A,"[""Primeros"", ""Recetas de bocadillos y tostadas""]"
Mochi de coco con bizcocho y mango salteado,https://recetas.lidl.es/recetas/mochi-de-coco-con-bizcocho-y-mango-salteado,4,"[""2 huevos"", ""90 ml aceite de oliva virgen extra"", ""125 ml leche"", ""125 g az\u00facar"", ""125 g harina de trigo"", ""7 g levadura"", ""60 g frutos rojos""]",479 kCal,53.84 g,3.92 g,27.72 g,"[""Postres"", ""Postres y Dulces"", ""Vegetariana"", ""Verano"", ""La Cocina de Lidl""]"
2 Pinchos de carne,https://recetas.lidl.es/recetas/2-pinchos-de-carne,8,"[""4 patatas"", ""400 g aceite de oliva virgen extra"", ""2 cucharadas pimienta"", ""100 g solomillos de ternera""]",339 kCal,37.34 g,21.72 g,10.24 g,"[""Aperitivos"", ""Carne y Aves"", ""La Cocina de Lidl"", ""Recetas de bocadillos y tostadas""]"
Sukalki de ternera vasca,https://recetas.lidl.es/recetas/sukalki-de-ternera-vasca,4,"[""500 g aceite de oliva virgen extra"", ""2 estofado de ternera"", ""1 dientes de ajo"", ""1 cebolla"", ""0.5 puerro"", ""1 pimiento rojo"", ""300 ml zanahoria"", ""350 ml sal"", ""70 ml pimienta"", ""4 piment\u00f3n""]",364 kCal,37.96 g,22.84 g,12.58 g,"[""Segundos"", ""Primeros"", ""Carne y Aves"", ""Regiones de Espa\u00f1a""]"
Ensalada de sandía,https://recetas.lidl.es/recetas/ensalada-de-sandia,4,"[""400 g sandias"", ""1 naranja"", ""2 ciruelas rojas"", ""1 cebolla roja"", ""1 pepino"", ""100 g queso feta"", ""75 g aceitunas negras"", ""1 bolsa d\u00fao can\u00f3nigos y r\u00facula""]",265 kCal,28.17 g,7.68 g,12.37 g,"[""Primeros"", ""Fruta y Verdura"", ""Vegetariana"", ""Verano""]"
Conejo en salmorejo,https://recetas.lidl.es/recetas/conejo-en-salmorejo,4,"[""400 g patatas""]",424 kCal,20.81 g,23.46 g,15.52 g,"[""Segundos"", ""Carne y Aves"", ""Fruta y Verdura"", ""Canarias"", ""Regiones de Espa\u00f1a""]"
Huevos mole,https://recetas.lidl.es/recetas/huevos-mole,4,"[""150 ml agua"", ""4 cucharadas az\u00facar"", ""1 lim\u00f3n"", ""4 huevos""]",123 kCal,12.93 g,3.25 g,6.14 g,"[""Postres"", ""Postres y Dulces"", ""L\u00e1cteos y Huevos"", ""Vegetariana"", ""Canarias"", ""Regiones de Espa\u00f1a""]"
Barraquito - Saperoco,https://recetas.lidl.es/recetas/barraquito-saperoco,4,"[""20 g leche condensada"", ""10 ml licor cl\u00e1sico"", ""70 ml caf\u00e9"", ""1 leche""]",64 kCal,4.55 g,1.05 g,4.79 g,"[""Desayunos y Meriendas"", ""Postres"", ""Postres y Dulces"", ""Canarias"", ""Regiones de Espa\u00f1a""]"
Helado de gofio,https://recetas.lidl.es/recetas/helado-de-gofio,8,"[""500 ml leche"", ""4 cucharadas az\u00facar moreno"", ""100 g ralladura de lim\u00f3n"", ""500 ml gofio"", ""4 nata montada"", ""100 g huevos""]",394 kCal,32.31 g,121.53 g,27.5 g,"[""Postres"", ""Postres y Dulces"", ""Canarias"", ""Regiones de Espa\u00f1a""]"
Salpicón de pulpo,https://recetas.lidl.es/recetas/salpicon-de-pulpo,4,"[""1 pimiento verde"", ""100 g pimientos rojos"", ""80 g cebollas"", ""250 g tomates"", ""400 g pulpo""]",189 kCal,6.48 g,20.86 g,9.39 g,"[""Aperitivos"", ""Primeros"", ""Pescado y Marisco"", ""Fruta y Verdura"", ""Canarias"", ""Regiones de Espa\u00f1a""]"
Batata con almogrote,https://recetas.lidl.es/recetas/batata-con-almogrote,1,"[""2 batatas"", ""200 g queso de cabra"", ""3 dientes comino"", ""300 ml ajos"", ""1 aceite de oliva""]",N/A,N/A,N/A,N/A,"[""Primeros"", ""Fruta y Verdura"", ""Vegetariana"", ""Canarias"", ""Regiones de Espa\u00f1a"", ""Verano""]"
Samosas de plátano,https://recetas.lidl.es/recetas/samosas-de-platano,2,"[""6 hojaldre"", ""200 g pl\u00e1tanos"", ""200 g chocolate negro"", ""1 cucharada nueces"", ""500 ml extracto de palma"", ""100 g bebida de avena"", ""1 gofio""]",N/A,N/A,N/A,N/A,"[""Postres"", ""Postres y Dulces"", ""Pan y Masas"", ""Vegetariana"", ""Canarias"", ""Regiones de Espa\u00f1a""]"
Costillas y papas con escaldón,https://recetas.lidl.es/recetas/costillas-y-papas-con-escaldon,4,"[""1 kg costilla de cerdo"", ""2 pi\u00f1as"", ""500 g patatas""]",N/A,N/A,N/A,N/A,"[""Segundos"", ""Carne y Aves"", ""Canarias"", ""Regiones de Espa\u00f1a""]"
Sancocho con pella de gofio,https://recetas.lidl.es/recetas/sancocho-con-pella-de-gofio,4,"[""1 kg pez"", ""1 patata"", ""1 kg batata""]",N/A,N/A,N/A,N/A,"[""Segundos"", ""Pescado y Marisco"", ""Canarias"", ""Regiones de Espa\u00f1a""]"
Caldo de pescado canario,https://recetas.lidl.es/recetas/caldo-de-pescado-canario,4,"[""1 cebolla dulce"", ""1 pimiento rojo"", ""600 g aceite de oliva virgen extra"", ""500 g tomates"", ""3 dientes patatas"", ""1 cucharadita ajos"", ""80 g sal"", ""400 g comino""]",424 kCal,43.49 g,24.83 g,15.89 g,"[""Segundos"", ""Primeros"", ""Pescado y Marisco"", ""Canarias"", ""Regiones de Espa\u00f1a""]"
Wraps de costillas de cerdo marinadas,https://recetas.lidl.es/recetas/wraps-de-costillas-de-cerdo-marinadas,4,"[""1 tira costilla de cerdo"", ""120 g tomate frito"", ""100 ml zumo de lima""]",1277 kCal,18.07 g,76.28 g,88.93 g,"[""Segundos"", ""Carne y Aves""]"
Costillas de cerdo con salsa,https://recetas.lidl.es/recetas/costillas-de-cerdo-con-salsa,4,"[""1.5 kg costillas de cerdo"", ""100 ml mostaza"", ""100 ml agua"", ""5 cucharadas miel"", ""2 tomates"", ""200 ml salsa de soja"", ""2 guindillas""]",N/A,N/A,N/A,N/A,"[""Segundos"", ""Carne y Aves"", ""Verano""]"
Conos de jamón con tartar de tomate y setas,https://recetas.lidl.es/recetas/conos-de-jamon-con-tartar-de-tomate-y-setas,4,"[""300 g aceite de oliva virgen extra""]",339 kCal,3.2 g,24.06 g,225.86 g,"[""Aperitivos"", ""Carne y Aves"", ""Fruta y Verdura"", ""Recetas con embutidos y quesos""]"
Ratatouille,https://recetas.lidl.es/recetas/ratatouille,6,"[""1 ud berenjena"", ""1 ud cebolla"", ""0.5 ud pimiento rojo"", ""0.5 ud pimiento verde"", ""1 ud calabac\u00edn"", ""4 uds tomates"", ""2 dientes ajos"", ""20 ml aceite de oliva"", ""250 ml tomate triturado"", ""2 cucharditas hierbas arom\u00e1ticas""]",N/A,N/A,N/A,N/A,"[""Primeros"", ""Fruta y Verdura"", ""Vegana"", ""Vegetariana"", ""Verano"", ""La Cocina de Lidl""]"
Puré de manzanas,https://recetas.lidl.es/recetas/pure-de-manzanas,2,"[""2 manzanas"", ""1 canela molida"", ""1 cucharada avena""]",N/A,N/A,N/A,N/A,"[""Desayunos y Meriendas"", ""Postres"", ""Primeros"", ""Sopas y Cremas"", ""Fruta y Verdura"", ""Vuelta al cole"", ""Recetas para ni\u00f1os a partir de 6 meses""]"
Risotto de tomate y mozzarella,https://recetas.lidl.es/recetas/risotto-de-tomate-y-mozzarella,4,"[""600 ml caldo de verduras"", ""200 g arroz"", ""125 g tomate triturado"", ""75 g mozzarella"", ""50 g espinacas"", ""1 aceite de oliva virgen extra"", ""2 dientes cebolla""]",N/A,N/A,N/A,N/A,"[""Primeros"", ""L\u00e1cteos y Huevos"", ""Arroz, Legumbres y Cereales"", ""Vuelta al cole""]"
Sopa de tomate fresco,https://recetas.lidl.es/recetas/sopa-de-tomate-fresco,2,"[""500 g tomates"", ""300 g caldo de pollo"", ""1 cebolla"", ""2 cucharadas mantequilla"", ""2 cucharadas harina"", ""1 cucharadita sal"", ""2 cucharditas az\u00facar"", ""50 g picos de pan"", ""4 semillas de clavo""]",N/A,N/A,N/A,N/A,"[""Primeros"", ""Sopas y Cremas"", ""Vegetariana"", ""Vuelta al cole""]"
Fonsequerito sin alcohol,https://recetas.lidl.es/recetas/fonsequerito-sin-alcohol,1,"[""200 ml zumo de mango"", ""75 ml leche evaporada"", ""1 canela"", ""3 lim\u00f3n""]",N/A,N/A,N/A,N/A,"[""Bebidas"", ""Fruta y Verdura"", ""Vegetariana"", ""Verano""]"
Sorbete de naranja sin alcohol,https://recetas.lidl.es/recetas/sorbete-de-naranja-sin-alcohol,1,"[""150 ml t\u00f3nica"", ""75 ml zumo de naranja"", ""50 ml zumo de pi\u00f1a""]",N/A,N/A,N/A,N/A,"[""Bebidas"", ""Fruta y Verdura"", ""Vegana"", ""Verano""]"
Mojito de mango sin alcohol,https://recetas.lidl.es/recetas/mojito-de-mango-sin-alcohol,1,"[""1 mitad lima"", ""125 ml zumo de mango"", ""175 ml gaseosa"", ""2 cucharadas az\u00facar""]",N/A,N/A,N/A,N/A,"[""Bebidas"", ""Fruta y Verdura"", ""Vegana"", ""Verano""]"
Pasión latina,https://recetas.lidl.es/recetas/pasion-latina,1,"[""2 medidas ron blanco"", ""3 gotas licor de melocot\u00f3n"", ""0.5 medida fruta de la pasi\u00f3n"", ""0.5 medida zumo de pi\u00f1a"", ""6 cubitos de hielo""]",N/A,N/A,N/A,N/A,"[""Bebidas"", ""Fruta y Verdura"", ""Vegana"", ""Verano""]"
Crush de naranja,https://recetas.lidl.es/recetas/crush-de-naranja,1,"[""25 ml vodka"", ""25 ml triple seco"", ""100 ml zumo de naranja"", ""3 cubitos de hielo""]",N/A,N/A,N/A,N/A,"[""Bebidas"", ""Fruta y Verdura"", ""Vegana"", ""Verano""]"
Mango bellini,https://recetas.lidl.es/recetas/mango-bellini,2,"[""300 ml cava"", ""100 ml zumo de mango"", ""1 mango"", ""60 g az\u00facar"", ""50 ml agua"", ""1 c\u00e1scara lim\u00f3n"", ""6 jengibre""]",N/A,N/A,N/A,N/A,"[""Bebidas"", ""Fruta y Verdura"", ""Vegana"", ""Verano""]"
Tarta de café y chocolate blanco,https://recetas.lidl.es/recetas/tarta-de-cafe-y-chocolate-blanco,10,"[""150 g galletas"", ""50 g mantequilla"", ""8 hojas gelatina"", ""450 ml nata montada"", ""450 ml leche"", ""10 g caf\u00e9 soluble"", ""15 g az\u00facar"", ""300 g chocolate blanco"", ""40 g chocolate negro""]",N/A,N/A,N/A,N/A,"[""Postres"", ""Postres y Dulces"", ""Cumplea\u00f1os""]"
Crema fría de espárragos,https://recetas.lidl.es/recetas/crema-fria-de-esparragos,4,"[""1 cebolla dulce"", ""1 aceite de oliva"", ""400 g patata"", ""200 esparragos"", ""100 caldo de carne""]",299 kCal,17.09 g,8.79 g,11.93 g,"[""Aperitivos"", ""Primeros"", ""Sopas y Cremas"", ""Fruta y Verdura"", ""La Cocina de Lidl"", ""Navidad""]"
Tarta de piruleta,https://recetas.lidl.es/recetas/tarta-de-piruleta,4,"[""1 paquete masa quebrada"", ""500 g fresas"", ""250 g az\u00facar"", ""1 sobre az\u00facar avainillado"", ""1 huevo"", ""1 zumo de lim\u00f3n""]",N/A,N/A,N/A,N/A,"[""Postres"", ""Postres y Dulces"", ""D\u00eda de la Madre""]"
Sorbete de limón y mandarina,https://recetas.lidl.es/recetas/sorbete-de-limon-y-mandarina,10,"[""480 g limones"", ""240 g mandarinas"", ""200 g az\u00facar"", ""500 ml agua"", ""2 claras de huevo huevos""]",N/A,N/A,N/A,N/A,"[""Postres"", ""Postres y Dulces"", ""Fruta y Verdura"", ""Vegetariana"", ""Verano""]"
Magdalenas saladas,https://recetas.lidl.es/recetas/magdalenas-saladas,4,"[""2 huevos"", ""80 g harina de trigo"", ""0.5 sobre levadura"", ""4 cucharditas aceite de oliva virgen extra"", ""15 g queso emmental"", ""100 g tomate seco"", ""1 cucharada albahaca"", ""20 g sal""]",N/A,N/A,N/A,N/A,"[""Postres"", ""Pan y Masas"", ""Vegetariana""]"
Hojaldre de manzana,https://recetas.lidl.es/recetas/hojaldre-de-manzana,6,"[""1 paquete hojaldre"", ""4 manzanas"", ""200 g az\u00facar moreno"", ""100 g pasas"", ""1 cucharadita canela molida"", ""1 huevo""]",N/A,N/A,N/A,N/A,"[""Postres"", ""Pan y Masas"", ""Fruta y Verdura"", ""Vegetariana"", ""Cumplea\u00f1os""]"
Tarta de atún,https://recetas.lidl.es/recetas/tarta-de-atun,4,"[""1 l\u00e1mina masa quebrada"", ""3 latas at\u00fan al natural"", ""1 bolsa queso emmental"", ""3 tomates"", ""100 ml leche evaporada"", ""3 cucharadas mostaza"", ""1 cucharadita pimienta""]",N/A,N/A,N/A,N/A,"[""Segundos"", ""Pan y Masas"", ""Pescado y Marisco"", ""Recetas con conservas""]"
Ensalada de pavo con salsa,https://recetas.lidl.es/recetas/ensalada-de-pavo-con-salsa,4,"[""300 g pechuga de pavo"", ""180 g tomates cherry"", ""1 pomelo"", ""4 cucharadas ma\u00edz dulce"", ""100 g brotes de soja"", ""4 cogollos"", ""20 g semillas de sesamo""]",N/A,N/A,N/A,N/A,"[""Primeros"", ""Carne y Aves"", ""Fruta y Verdura"", ""Verano""]"
Quiche de verduras con salsa de naranja,https://recetas.lidl.es/recetas/quiche-de-verduras-con-salsa-de-naranja,8,"[""150 g harina de trigo"", ""100 g queso emmental"", ""90 g mantequilla"", ""0.5 cucharadita levadura"", ""250 g calabazas"", ""1 puerro"", ""250 g champi\u00f1ones"", ""100 ml crema agria"", ""1 cucharada vinagre bals\u00e1mico"", ""1 cucharadita miel"", ""100 g queso fresco"", ""2 huevos"", ""1 naranja"", ""2 ramas albahaca"", ""125 g tomates"", ""1 cebolleta""]",N/A,N/A,N/A,N/A,"[""Primeros"", ""L\u00e1cteos y Huevos"", ""Fruta y Verdura"", ""Vegetariana""]"
Sándwich de lechuga y pollo,https://recetas.lidl.es/recetas/sandwich-de-lechuga-y-pollo,4,"[""8 rebanadas pan de molde integral"", ""200 g pechugas de pollo"", ""1 lechuga romana"", ""1 zanahoria"", ""1 pepino"", ""2 cucharadas tomates cherry"", ""1 cucharada mayonesa"", ""1 cucharada mostaza"", ""1 cucharada k\u00e9tchup"", ""1 cucharada miel"", ""2 cucharadas salsa barbacoa""]",N/A,N/A,N/A,N/A,"[""Primeros"", ""Carne y Aves"", ""Fruta y Verdura"", ""Recetas de bocadillos y tostadas"", ""Verano""]"
Pastel salado de salmón y aguacate,https://recetas.lidl.es/recetas/pastel-salado-de-salmon-y-aguacate,4,"[""6 rebanadas pan de molde"", ""40 g nueces"", ""250 g salm\u00f3n ahumado"", ""60 g pimientos rojos"", ""60 g pimientos verdes"", ""60 g cebolletas"", ""2 aceite de oliva virgen extra"", ""50 g sal"", ""100 g pimienta""]",632 kCal,18.58 g,21.53 g,49.86 g,"[""Aperitivos"", ""Primeros"", ""Pan y Masas"", ""Pescado y Marisco"", ""Fruta y Verdura"", ""Verano""]"
Ensalada crujiente con brotes,https://recetas.lidl.es/recetas/ensalada-crujiente-con-brotes,4,"[""1 bolsa brotes tiernos"", ""2 manzanas granny smith"", ""2 manzanas rojas"", ""1 pera"", ""30 g pistachos"", ""30 g nueces"", ""30 g almendras fritas y saladas"", ""30 g az\u00facar"", ""50 ml agua"", ""4 cucharadas miel""]",N/A,N/A,N/A,N/A,"[""Primeros"", ""Fruta y Verdura"", ""Vegetariana"", ""Verano""]"
Ensalada de espinacas,https://recetas.lidl.es/recetas/ensalada-de-espinacas,4,"[""250 g espinacas"", ""200 g fresas"", ""120 g queso de cabra"", ""50 g anacardos"", ""3 cucharadas aceite de oliva virgen extra"", ""2 cucharadas pimienta""]",N/A,N/A,N/A,N/A,"[""Primeros"", ""L\u00e1cteos y Huevos"", ""Fruta y Verdura"", ""Vegetariana"", ""Verano""]"
Bruschetta de verduras,https://recetas.lidl.es/recetas/bruschetta-de-verduras,4,"[""8 rebanadas pan rustico"", ""1 tomate"", ""1 pimiento verde"", ""1 pimiento amarillo"", ""1 pimiento rojo"", ""1 berenjena"", ""2 dientes ajos"", ""1 cucharada aceite de oliva""]",N/A,N/A,N/A,N/A,"[""Aperitivos"", ""Fruta y Verdura"", ""Vegetariana"", ""Recetas de bocadillos y tostadas""]"
Sopa fría de pepino,https://recetas.lidl.es/recetas/sopa-fria-de-pepino,5,"[""4 pepinos"", ""6 yogur natural"", ""1 lima"", ""12 hojas menta"", ""1 ramillete cebollino"", ""12 hojas sal"", ""250 ml pimienta""]",N/A,N/A,N/A,N/A,"[""Primeros"", ""Sopas y Cremas"", ""Fruta y Verdura"", ""Vegetariana"", ""Verano""]"
Barquitos de cogollos,https://recetas.lidl.es/recetas/barquitos-de-cogollos,4,"[""4 cogollos"", ""2 cucharadas ma\u00edz dulce"", ""1 tomate"", ""60 g aguacates"", ""1 zanahoria"", ""8 aceitunas verdes rellenas de pimiento"", ""1 mitad pepino"", ""4 cucharadas queso fresco"", ""1 cucharada albahaca"", ""1 cucharada menta"", ""1 cucharada zumo de lim\u00f3n"", ""2 cucharadas aceite de oliva virgen extra""]",N/A,N/A,N/A,N/A,"[""Primeros"", ""Fruta y Verdura"", ""Vuelta al cole"", ""Recetas para ni\u00f1os a partir de 3 a\u00f1os""]"
Crema de frutas con yogur,https://recetas.lidl.es/recetas/crema-de-frutas-con-yogur,8,"[""1 mitad papaya"", ""1 mango"", ""2 kiwis"", ""1 manzana golden"", ""1 cucharadita zumo de lim\u00f3n"", ""1 pl\u00e1tano"", ""25 g nueces"", ""2 canela"", ""50 g yogur natural"", ""0.5 cucharadita queso fresco""]",N/A,N/A,N/A,N/A,"[""Postres"", ""L\u00e1cteos y Huevos"", ""Fruta y Verdura"", ""Vuelta al cole""]"
Hamburguesas con verduras,https://recetas.lidl.es/recetas/hamburguesas-con-verduras,6,"[""100 g calabacines"", ""100 g zanahorias"", ""500 g perejil"", ""1 carne de ternera picada"", ""40 g huevo"", ""2 cucharditas copos de avena"", ""3 cucharadas mostaza"", ""240 g sal"", ""1 pimienta"", ""30 g aceite vegetal"", ""6 cebollas"", ""6 cucharditas ensalada de tomate"", ""6 cucharditas lechuga iceberg""]",N/A,N/A,N/A,N/A,"[""Segundos"", ""Carne y Aves"", ""Fruta y Verdura""]"
Pavo salteado con almendras,https://recetas.lidl.es/recetas/pavo-salteado-con-almendras,4,"[""500 g pechugas de pollo"", ""75 g almendras"", ""2 dientes ajos"", ""160 g cebollas"", ""3 cucharadas aceite de oliva"", ""1 cucharada cebollino"", ""1 cucharadita jengibre"", ""200 ml caldo de pollo"", ""200 ml vino blanco""]",N/A,N/A,N/A,N/A,"[""Segundos"", ""Carne y Aves""]"
Trufas de neo con chocolate,https://recetas.lidl.es/recetas/trufas-de-neo-con-chocolate,4,"[""1 paquete galleta de chocolate"", ""120 g crema de queso fresco""]",N/A,N/A,N/A,N/A,"[""Postres"", ""Postres y Dulces"", ""D\u00eda del Padre""]"
Pizzas enrolladas,https://recetas.lidl.es/recetas/pizzas-enrolladas,4,"[""4 tortillas de trigo"", ""1 bote tomate frito"", ""2 bolsas queso emmental"", ""3 mozzarella"", ""8 lonchas jam\u00f3n cocido"", ""1 bolsa albahaca fresca""]",N/A,N/A,N/A,N/A,"[""Segundos"", ""Pan y Masas"", ""D\u00eda del Padre""]"
Champiñones rellenos,https://recetas.lidl.es/recetas/champinones-rellenos,4,"[""12 champi\u00f1ones"", ""300 g carne de cerdo picada"", ""1 rebanada pan de molde"", ""1 leche"", ""1 lata cebolla""]",N/A,N/A,N/A,N/A,"[""Aperitivos"", ""Fruta y Verdura"", ""D\u00eda del Padre""]"
3 Sándwiches veganos,https://recetas.lidl.es/recetas/3-sandwiches-veganos,3,"[""2 rebanadas pan rustico"", ""20 g cebollas rojas"", ""150 g garbanzos"", ""1 cucharadita mostaza en grano"", ""15 g semillas para ensalada"", ""15 ml sirope de agave"", ""5 hojas albahaca""]",636 kCal,73.76 g,19.11 g,28.38 g,"[""Aperitivos"", ""Segundos"", ""Arroz, Legumbres y Cereales"", ""Fruta y Verdura"", ""Vegetariana"", ""Vegana"", ""La Cocina de Lidl"", ""P\u00edcnic"", ""Recetas de bocadillos y tostadas""]"
3 Hummus Veganos,https://recetas.lidl.es/recetas/3-hummus-veganos,8,"[""150 g calabazas"", ""200 g aceite de oliva virgen extra"", ""1 sal"", ""0.5 pimienta""]",446 kCal,28.03 g,18 g,29.45 g,"[""Aperitivos"", ""Arroz, Legumbres y Cereales"", ""Fruta y Verdura"", ""Vegana"", ""La Cocina de Lidl""]"
Charlotte de queso y frutos rojos,https://recetas.lidl.es/recetas/charlotte-de-queso-y-frutos-rojos,6,"[""750 g frutos rojos"", ""200 g crema de queso fresco"", ""100 g nata montada"", ""60 g az\u00facar"", ""2 hojas gelatina"", ""1 lim\u00f3n"", ""200 g galletas de bizcocho"", ""2 cucharadas vino oporto""]",N/A,N/A,N/A,N/A,"[""Postres"", ""Postres y Dulces"", ""Fruta y Verdura"", ""Vegetariana"", ""San Valent\u00edn""]"
Coca de verduras,https://recetas.lidl.es/recetas/coca-de-verduras,4,"[""1 base de pizza"", ""240 g cebollas"", ""1 pimiento rojo"", ""1 berenjena"", ""1 calabac\u00edn"", ""4 rodajas aceite de oliva"", ""1 manojo sal"", ""1 bolsa queso de cabra"", ""50 g albahaca fresca"", ""1 diente queso grana padano""]",N/A,N/A,N/A,N/A,"[""Aperitivos"", ""Pan y Masas"", ""Fruta y Verdura"", ""Vegetariana"", ""San Valent\u00edn""]"
Desayuno en la cama,https://recetas.lidl.es/recetas/desayuno-en-la-cama,6,"[""6 fresas"", ""100 g cobertura de chocolate"", ""100 g cobertura de chocolate blanco"", ""1 sand\u00eda"", ""2 yogur natural"", ""2 cucharadas mermelada de frutos rojos"", ""150 g frutos rojos"", ""2 cucharadas cereales"", ""2 huevos"", ""150 g az\u00facar glas"", ""80 ml leche"", ""125 g mantequilla"", ""185 g harina"", ""8 g levadura"", ""1 vainilla"", ""400 g queso de untar"", ""4 cucharadas mermelada de frutos rojos""]",N/A,N/A,N/A,N/A,"[""Postres"", ""San Valent\u00edn""]"
Pasta con alcachofas y huevo,https://recetas.lidl.es/recetas/pasta-con-alcachofas-y-huevo,4,"[""360 g macarrones"", ""4 huevos"", ""16 alcachofas"", ""1 cebolla"", ""4 dientes ajos"", ""1 cucharada perejil"", ""0.5 vaso aceite de oliva""]",N/A,N/A,N/A,N/A,"[""Primeros"", ""L\u00e1cteos y Huevos"", ""Pasta y Pizza"", ""Fruta y Verdura"", ""Vegetariana""]"
Tortilla rellena de brócoli,https://recetas.lidl.es/recetas/tortilla-rellena-de-brocoli,4,"[""1 huevo"", ""2 claras de huevo huevos"", ""0.5 cucharada perejil"", ""1 queso fresco"", ""1 br\u00f3coli"", ""1 cebolla""]",N/A,N/A,N/A,N/A,"[""Segundos"", ""L\u00e1cteos y Huevos"", ""Fruta y Verdura"", ""Vegetariana""]"
Roscón de Reyes,https://recetas.lidl.es/recetas/roscon-de-reyes,8,"[""500 g harina"", ""30 g levadura"", ""125 g mantequilla"", ""100 ml agua"", ""125 g az\u00facar"", ""2 huevos"", ""50 g pasas"", ""1 cucharada almendras"", ""5 g ralladura de lim\u00f3n""]",N/A,N/A,N/A,N/A,"[""Postres"", ""Postres y Dulces"", ""Navidad""]"
Cupcakes de Navidad,https://recetas.lidl.es/recetas/cupcakes-de-navidad,15,"[""300 g harina"", ""150 g az\u00facar"", ""250 ml leche"", ""1 cucharada cacao en polvo"", ""2 colorante alimentario"", ""1 cucharadita huevos"", ""60 g levadura"", ""120 g limones""]",N/A,N/A,N/A,N/A,"[""Postres"", ""Postres y Dulces"", ""Navidad""]"
Cóctel de brujas,https://recetas.lidl.es/recetas/coctel-de-brujas,4,"[""8 ositos de gominola"", ""450 ml zumo de manzana"", ""750 g manzanas golden"", ""200 g uvas"", ""2 cucharadas miel""]",N/A,N/A,N/A,N/A,"[""Bebidas"", ""Fruta y Verdura"", ""Halloween""]"
Ojos sangrientos,https://recetas.lidl.es/recetas/ojos-sangrientos,6,"[""500 g nata montada"", ""50 g az\u00facar"", ""2 sobres az\u00facar avainillado"", ""3 l\u00e1minas gelatina"", ""200 g frambuesas congeladas"", ""25 g az\u00facar glas"", ""2 agua de rosas"", ""6 ciruelas"", ""0.5 sobre ar\u00e1ndanos rojos""]",N/A,N/A,N/A,N/A,"[""Postres"", ""Fruta y Verdura"", ""Halloween""]"
Helado vegano de coco y galleta,https://recetas.lidl.es/recetas/helado-vegano-de-coco-y-galleta,4,"[""250 g anacardos"", ""500 ml leche de coco"", ""150 ml sirope de agave"", ""50 g cookies"", ""10 g cocos""]",814 kCal,53.23 g,15.61 g,59.45 g,"[""Postres"", ""Postres y Dulces"", ""Sin lactosa"", ""Vegana"", ""La Cocina de Lidl""]"
Momias con sudario,https://recetas.lidl.es/recetas/momias-con-sudario,10,"[""275 g hojaldre"", ""3 salchicha bratwurst"", ""2 bratwurst"", ""3 cucharditas mostaza"", ""60 g mayonesa"", ""100 g nata"", ""1 pizca c\u00farcuma molida"", ""1 pizca curry""]",N/A,N/A,N/A,N/A,"[""Aperitivos"", ""Pan y Masas"", ""Halloween""]"
Papilla de ternera y verduras,https://recetas.lidl.es/recetas/papilla-de-ternera-y-verduras,1,"[""80 g ternera"", ""50 g patatas"", ""50 g calabazas"", ""60 g puerros"", ""1 cucharada aceite de oliva""]",N/A,N/A,N/A,N/A,"[""Segundos"", ""Primeros"", ""Carne y Aves"", ""Fruta y Verdura"", ""Recetas para ni\u00f1os a partir de 6 meses""]"
Tomates rellenos,https://recetas.lidl.es/recetas/tomates-rellenos,4,"[""8 tomates"", ""200 g arroz"", ""1 lata ma\u00edz dulce"", ""200 g garbanzos"", ""1 aguacate"", ""1 cucharada aceite de oliva""]",N/A,N/A,N/A,N/A,"[""Primeros"", ""Fruta y Verdura"", ""Vegetariana"", ""Verano"", ""Recetas con conservas""]"
Espárragos y puerros,https://recetas.lidl.es/recetas/esparragos-y-puerros,4,"[""1050 g puerros"", ""1 manojo esparrago triguero"", ""1 mitad pimiento rojo"", ""1 pimiento verde"", ""1 pepino"", ""4 cucharadas mezcla de frutos secos"", ""2 cucharadas aceite de oliva"", ""1 vinagre""]",N/A,N/A,N/A,N/A,"[""Aperitivos"", ""Fruta y Verdura"", ""Vegetariana"", ""Verano""]"
Merluza al gratén,https://recetas.lidl.es/recetas/merluza-al-graten,4,"[""4 merluza"", ""1 bote alioli"", ""4 tomates"", ""1 cebolla"", ""560 g patatas""]",N/A,N/A,N/A,N/A,"[""Segundos"", ""Pescado y Marisco"", ""Fruta y Verdura""]"
Salmón con rúcula y brócoli,https://recetas.lidl.es/recetas/salmon-con-rucula-y-brocoli,4,"[""4 salm\u00f3n"", ""1 bolsa r\u00facula"", ""16 fresas"", ""1 pi\u00f1ones""]",N/A,N/A,N/A,N/A,"[""Segundos"", ""Pescado y Marisco"", ""Fruta y Verdura"", ""Verano""]"
Tomates rellenos de bacalao,https://recetas.lidl.es/recetas/tomates-rellenos-de-bacalao,4,"[""8 tomates""]",773 kCal,35.72 g,29.91 g,54.88 g,"[""Aperitivos"", ""Primeros"", ""Pescado y Marisco"", ""Fruta y Verdura""]"
Bizcochitos de zanahoria,https://recetas.lidl.es/recetas/bizcochitos-de-zanahoria,6,"[""200 g zanahorias"", ""50 g nueces"", ""2 huevos"", ""100 ml aceite de oliva suave"", ""80 g sal"", ""1 cucharadita az\u00facar moreno"", ""100 g canela"", ""8 g harina de trigo""]",424 kCal,38.14 g,8.1 g,31.94 g,"[""Postres"", ""Postres y Dulces"", ""Vegetariana"", ""Cumplea\u00f1os"", ""P\u00edcnic""]"
Berenjenas rellenas de verduras,https://recetas.lidl.es/recetas/berenjenas-rellenas-de-verduras,4,"[""2 dientes de ajo"", ""80 g cebollas dulces"", ""100 g aceite de oliva virgen extra"", ""110 g pimientos rojos"", ""120 g pimientos verdes"", ""360 g calabacines"", ""80 g berenjenas"", ""400 g taquitos de jam\u00f3n"", ""4 tomate triturado""]",263 kCal,13.63 g,17.94 g,15.13 g,"[""Primeros"", ""L\u00e1cteos y Huevos"", ""Fruta y Verdura"", ""Vegetariana""]"
Mini pizzas de berenjena,https://recetas.lidl.es/recetas/mini-pizzas-de-berenjena,5,"[""2 berenjenas""]",73 kCal,0.97 g,3.31 g,6.14 g,"[""Aperitivos"", ""Primeros"", ""Pan y Masas"", ""Fruta y Verdura"", ""Vegetariana"", ""P\u00edcnic""]"
Croquetas con bechamel de calabacín,https://recetas.lidl.es/recetas/croquetas-con-bechamel-de-calabacin,5,"[""100 g aceite de oliva"", ""1 cebolla"", ""1 calabac\u00edn"", ""160 g harina de trigo"", ""500 ml leche""]",643 kCal,66.62 g,16.15 g,34.62 g,"[""Aperitivos"", ""L\u00e1cteos y Huevos"", ""Fruta y Verdura"", ""Vegetariana"", ""P\u00edcnic""]"
Tarta de pan con canela y limón,https://recetas.lidl.es/recetas/tarta-de-pan-con-canela-y-limon,8,"[""700 ml leche"", ""1 lim\u00f3n"", ""1 cucharadita canela"", ""300 g panes duros"", ""5 huevos"", ""90 g az\u00facar""]",184 kCal,19.82 g,8.36 g,824.5 g,"[""Postres"", ""Postres y Dulces""]"
Calabaza rellena de verduras,https://recetas.lidl.es/recetas/calabaza-rellena-de-verduras,4,"[""1 calabaza"", ""2 aceite de oliva virgen extra"", ""160 g pimientos verdes"", ""5 calabacines"", ""1 champi\u00f1ones"", ""1 cucharada puerro"", ""150 g harina de trigo"", ""150 ml tomate triturado""]",331 kCal,39.36 g,6.63 g,15.99 g,"[""Primeros"", ""Fruta y Verdura"", ""Vegetariana"", ""Vegana""]"
Merluza a la vasca,https://recetas.lidl.es/recetas/merluza-a-la-vasca,4,"[""2 dientes de ajo"", ""1 cebolleta"", ""150 ml aceite de oliva virgen extra"", ""15 g txacoli"", ""150 g harina de trigo"", ""600 g caldo de pescado"", ""400 g guisantes"", ""150 g perejil""]",716 kCal,20.29 g,41.71 g,86.46 g,"[""Segundos"", ""Pescado y Marisco"", ""Fruta y Verdura"", ""Regiones de Espa\u00f1a""]"
Ternera gallega guisada,https://recetas.lidl.es/recetas/ternera-gallega-guisada,4,"[""800 g ternera"", ""1 aceite de oliva virgen extra"", ""1 diente de ajo"", ""150 g cebolla"", ""400 ml tomates"", ""2 tomillo"", ""1 or\u00e9gano"", ""4 caldo de cocido"", ""100 g vino blanco""]",226 kCal,27.93 g,44.31 g,10.39 g,"[""Segundos"", ""Primeros"", ""Carne y Aves"", ""Fruta y Verdura"", ""Regiones de Espa\u00f1a""]"
Salsa chimichurri,https://recetas.lidl.es/recetas/salsa-chimichurri,4,"[""4 dientes de ajo"", ""50 cebolletas"", ""10 pimientos rojos"", ""1 perejil"", ""1 comino"", ""1 tomillo"", ""150 albahaca"", ""75 pimienta""]",N/A,N/A,N/A,N/A,"[""Guarniciones"", ""Salsas""]"
Cóctel Caribeño,https://recetas.lidl.es/recetas/coctel-caribeno,4,"[""1 lima"", ""4 cucharadas az\u00facar moreno"", ""220 g yogur griego"", ""80 g leche de coco"", ""2 tallos menta"", ""150 g caribe pi\u00f1a colada sin alcohol"", ""150 g batido caribe mango""]",167 kCal,31.2 g,3.7 g,3 g,"[""Bebidas"", ""Fruta y Verdura"", ""Vegetariana""]"
Mantecados de cerveza,https://recetas.lidl.es/recetas/mantecados-de-cerveza,20,"[""600 g harina"", ""80 ml cervezas"", ""100 g az\u00facar glas"", ""400 g az\u00facar""]",N/A,N/A,N/A,N/A,"[""Postres"", ""Postres y Dulces"", ""Pan y Masas"", ""Navidad""]"
Pastel de chocolate y cerveza,https://recetas.lidl.es/recetas/pastel-de-chocolate-y-cerveza,8,"[""250 g harina de trigo"", ""250 ml cerveza negra"", ""75 g cacao en polvo"", ""200 g az\u00facar moreno"", ""250 g mantequilla"", ""140 ml nata montada"", ""2.5 cucharditas bicarbonato"", ""1 cucharadita vainilla"", ""2 huevos""]",N/A,N/A,N/A,N/A,"[""Postres"", ""Postres y Dulces"", ""Vegetariana"", ""Cumplea\u00f1os""]"
Sopa japonesa,https://recetas.lidl.es/recetas/sopa-japonesa,4,"[""1 noodles"", ""8 langostinos"", ""30 champi\u00f1ones"", ""1 cebollino"", ""3 ajos"", ""1.5 caldo de verduras"", ""1 harina de tempura"", ""1 aceite asi\u00e1tico"", ""1.5 agua""]",N/A,N/A,N/A,N/A,"[""Primeros"", ""Sopas y Cremas"", ""Recetas del Mundo"", ""Asia""]"
Wok de fideos soba con carne,https://recetas.lidl.es/recetas/wok-de-fideos-soba-con-carne,4,"[""1 noodles"", ""1 wok de carne"", ""1 calabac\u00edn"", ""180 zanahorias"", ""1 br\u00f3coli"", ""2 ajos""]",N/A,N/A,N/A,N/A,"[""Segundos"", ""Carne y Aves"", ""Pasta y Pizza"", ""Recetas del Mundo"", ""Asia""]"
Variado de sushi,https://recetas.lidl.es/recetas/variado-de-sushi,9,"[""250 arroz para sushi"", ""50 vinagre de arroz"", ""300 agua"", ""1 sal"", ""50 az\u00facar"", ""8 zumo de lima"", ""1 langostinos"", ""1 aguacate"", ""1 pepino""]",N/A,N/A,N/A,N/A,"[""Aperitivos"", ""Arroz, Legumbres y Cereales"", ""Pescado y Marisco"", ""Recetas del Mundo"", ""Asia""]"
Rollitos de lomo,https://recetas.lidl.es/recetas/rollitos-de-lomo,4,"[""4 filetes lomos de cerdo"", ""4 lonchas jam\u00f3n cocido"", ""4 lonchas queso"", ""2 huevos""]",N/A,N/A,N/A,N/A,"[""Aperitivos"", ""Carne y Aves""]"
Guisantes salteados con puré de patatas,https://recetas.lidl.es/recetas/guisantes-salteados-con-pure-de-patatas,4,"[""4 patatas"", ""100 ml leche"", ""50 g mantequilla"", ""200 g guisantes"", ""4 aceitunas negras"", ""4 rabanos"", ""20 g tortillas chip""]",315 kCal,32.34 g,5.16 g,18.38 g,"[""Segundos"", ""Primeros"", ""Fruta y Verdura"", ""Vegetariana"", ""Vuelta al cole"", ""Recetas para ni\u00f1os a partir de 2 a\u00f1os""]"
Acapulco,https://recetas.lidl.es/recetas/acapulco,1,"[""100 cl zumo de pi\u00f1a"", ""1 melocot\u00f3n"", ""2 fresas"", ""25 cl leche de coco"", ""1 cubitos de hielo""]",N/A,N/A,N/A,N/A,"[""Bebidas"", ""Fruta y Verdura"", ""Verano""]"
Cóctel de sorbete de melón,https://recetas.lidl.es/recetas/coctel-de-sorbete-de-melon,4,"[""1 mel\u00f3n"", ""1 mitad naranja"", ""8 cl vodka"", ""150 ml sorbetes de lim\u00f3n""]",N/A,N/A,N/A,N/A,"[""Bebidas"", ""Fruta y Verdura"", ""Verano""]"
Cosmopolitan,https://recetas.lidl.es/recetas/cosmopolitan,1,"[""30 ml vodka"", ""15 ml licor de naranja"", ""40 ml zumo de frutos rojos"", ""15 ml zumo de lima"", ""1 rodaja cubitos de hielo""]",N/A,N/A,N/A,N/A,"[""Bebidas"", ""Fruta y Verdura"", ""Verano""]"
Daikiri de melón,https://recetas.lidl.es/recetas/daikiri-de-melon,4,"[""1 kg mel\u00f3n"", ""4 cubitos cubitos de hielo"", ""4 cucharadas az\u00facar"", ""1 lima"", ""2 medidas ron blanco"", ""1 l helado de menta""]",N/A,N/A,N/A,N/A,"[""Bebidas"", ""Fruta y Verdura"", ""Verano""]"
Ensalada de verano,https://recetas.lidl.es/recetas/ensalada-de-verano,4,"[""420 g patatas"", ""2 huevos"", ""150 g tomates cherry"", ""2 latas at\u00fan en aceite"", ""180 g pimientos verdes"", ""1 cebolla roja"", ""2 yogur griego"", ""2 cucharadas mayonesa"", ""1 cucharada az\u00facar"", ""1 cucharada vinagre de manzana""]",N/A,N/A,N/A,N/A,"[""Primeros"", ""Fruta y Verdura"", ""Verano"", ""Recetas con conservas""]"
Gazpacho,https://recetas.lidl.es/recetas/gazpacho,4,"[""1 kg tomate"", ""1 pimiento verde"", ""1 pepino"", ""1 cebolleta"", ""0.5 diente ajo"", ""1 rebanada pan duro"", ""3 cucharadas aceite de oliva virgen extra"", ""3 cucharadas vinagre""]",N/A,N/A,N/A,N/A,"[""Aperitivos"", ""Sopas y Cremas"", ""Vegetariana"", ""Vegana""]"
Bocadillo de verduras y queso,https://recetas.lidl.es/recetas/bocadillo-de-verduras-y-queso,4,"[""4 pan con semillas"", ""4 cebollas dulces"", ""1 berenjena"", ""2 queso fresco""]",N/A,N/A,N/A,N/A,"[""Primeros"", ""Fruta y Verdura"", ""Vegetariana"", ""Recetas de bocadillos y tostadas"", ""Verano""]"
"Smoothie de sandía, fresa y plátano",https://recetas.lidl.es/recetas/smoothie-de-sandia-fresa-y-platano,4,"[""500 g sandias"", ""250 g fresas"", ""2 pl\u00e1tanos"", ""1 lima"", ""4 trozos cubitos de hielo""]",N/A,N/A,N/A,N/A,"[""Desayunos y Meriendas"", ""Bebidas"", ""Fruta y Verdura"", ""Vegana"", ""Verano""]"
Chuletas de cerdo marinadas,https://recetas.lidl.es/recetas/chuletas-de-cerdo-marinadas,4,"[""8 chuletas de cerdo"", ""2 cucharadas mostaza de dijon"", ""6 ajos"", ""1 cucharada romero"", ""4 cucharadas vinagre bals\u00e1mico"", ""8 cucharadas aceite de oliva"", ""1 bolsa sal"", ""1 bolsa pimienta""]",N/A,N/A,N/A,N/A,"[""Segundos"", ""Carne y Aves""]"
Mousse de mango,https://recetas.lidl.es/recetas/mousse-de-mango,4,"[""250 g mangos"", ""2 cucharadas az\u00facar moreno"", ""65 ml agua"", ""150 g queso de untar"", ""145 ml nata montada""]",429 kCal,36 g,5.93 g,30.32 g,"[""Desayunos y Meriendas"", ""Postres"", ""Postres y Dulces""]"
Wrap de curry,https://recetas.lidl.es/recetas/wrap-de-curry,4,"[""500 kit vitasia para wrap de curry rojo"", ""200 salsa de curry"", ""200 curry rojo"", ""100 carne de cerdo"", ""75 pimientos rojos""]",N/A,N/A,N/A,N/A,"[""Primeros"", ""Pan y Masas"", ""Recetas del Mundo"", ""Asia""]"
Galletas navideñas,https://recetas.lidl.es/recetas/galletas-navidenas,6,"[""200 g harina"", ""270 g az\u00facar glas"", ""100 g mantequilla"", ""2 cucharadas agua"", ""1 clara de huevo huevo"", ""1 huevo"", ""1 pizca canela"", ""1 pizca jengibre"", ""1 cucharadita lim\u00f3n""]",N/A,N/A,N/A,N/A,"[""Postres"", ""Postres y Dulces"", ""Navidad""]"
Galletas de Navidad,https://recetas.lidl.es/recetas/galletas-de-navidad,12,"[""400 g harina de trigo"", ""120 g az\u00facar glas"", ""80 g almendras picadas"", ""240 g mantequilla"", ""1 huevo""]",N/A,N/A,N/A,N/A,"[""Postres"", ""Postres y Dulces"", ""Navidad""]"
Gelatina,https://recetas.lidl.es/recetas/gelatina,6,"[""1 paquete gelatina"", ""500 ml agua"", ""500 ml zumo de lim\u00f3n"", ""200 g az\u00facar"", ""1 cucharada colorante alimentario""]",N/A,N/A,N/A,N/A,"[""Postres"", ""Postres y Dulces"", ""Navidad""]"
Ensalada de pollo y mango con vinagreta de arándanos,https://recetas.lidl.es/recetas/ensalada-de-pollo-y-mango-con-vinagreta-de-arandanos,4,"[""300 g pollo"", ""1 bolsa aceite de oliva virgen extra"", ""300 g sal"", ""1 can\u00f3nigos"", ""1 tomates cherry"", ""100 g pepino""]",556 kCal,50.19 g,19.51 g,31.29 g,"[""Primeros"", ""Fruta y Verdura""]"
Lasaña fría con salmón,https://recetas.lidl.es/recetas/lasana-fria-con-salmon,4,"[""4 sal""]",338 kCal,18.78 g,21.96 g,20.3 g,"[""Segundos"", ""Pasta y Pizza"", ""Pescado y Marisco"", ""La Cocina de Lidl""]"
Bolitas de espinacas con gazpacho,https://recetas.lidl.es/recetas/bolitas-de-espinacas-con-gazpacho,4,"[""100 g agua"", ""0.5 sal"", ""1 cucharadita espinacas""]",70 kCal,3.31 g,3.34 g,4.67 g,"[""Aperitivos"", ""Primeros"", ""Sopas y Cremas"", ""Fruta y Verdura"", ""Vegetariana"", ""La Cocina de Lidl""]"
Flan de requesón,https://recetas.lidl.es/recetas/flan-de-requeson,14,"[""310 g reques\u00f3n"", ""340 ml leche evaporada"", ""100 ml leche"", ""180 g az\u00facar"", ""3 huevos"", ""3 yema de huevo huevos""]",N/A,N/A,N/A,N/A,"[""Postres"", ""L\u00e1cteos y Huevos"", ""Vegetariana"", ""Canarias""]"
Desayuno con pancakes,https://recetas.lidl.es/recetas/desayuno-con-pancakes,5,"[""2 pl\u00e1tanos"", ""200 g harina de trigo"", ""8 g levadura"", ""2 cucharadas miel"", ""2 cucharadas aceite de oliva"", ""300 ml leche de almendras"", ""100 g chocolate blanco"", ""2 ar\u00e1ndanos azules""]",543 kCal,70.08 g,10.23 g,21.67 g,"[""Desayunos y Meriendas"", ""Postres"", ""Postres y Dulces"", ""Fruta y Verdura"", ""Vegetariana"", ""Vuelta al cole"", ""Recetas para ni\u00f1os a partir de 3 a\u00f1os""]"
Muñecos de nieve de plátano,https://recetas.lidl.es/recetas/munecos-de-nieve-de-platano,5,"[""2 pl\u00e1tanos"", ""250 g chocolate blanco"", ""80 g colorante amarillo""]",N/A,N/A,N/A,N/A,"[""Postres"", ""Postres y Dulces"", ""Fruta y Verdura"", ""Navidad""]"
Canapés navideños,https://recetas.lidl.es/recetas/canapes-navidenos,5,"[""1 pan de la abuela"", ""1 calabac\u00edn"", ""1 mitad pimiento amarillo"", ""100 g crema de queso fresco""]",N/A,N/A,N/A,N/A,"[""Aperitivos"", ""Fruta y Verdura"", ""Vegetariana"", ""Navidad""]"
Ensalada tenebrosa,https://recetas.lidl.es/recetas/ensalada-tenebrosa,6,"[""1 zanahoria"", ""8 aceitunas negras"", ""1 tortilla de trigo"", ""4 cucharadas aceite de oliva"", ""2 cucharadas vinagre"", ""100 g sal""]",N/A,N/A,N/A,N/A,"[""Primeros"", ""Fruta y Verdura"", ""Halloween""]"
Mousse de chocolate,https://recetas.lidl.es/recetas/mousse-de-chocolate,4,"[""200 g cobertura de chocolate con leche"", ""2 huevos"", ""20 g az\u00facar"", ""200 ml nata montada"", ""4 galletas de avena""]",N/A,N/A,N/A,N/A,"[""Postres"", ""Postres y Dulces"", ""Cumplea\u00f1os""]"
Smoothie de apio,https://recetas.lidl.es/recetas/smoothie-de-apio,2,"[""75 g pi\u00f1as"", ""1 kiwi"", ""1 manzana golden"", ""1 mitad pepino"", ""4 ramas apios"", ""1 zumo de lima"", ""200 g cubitos de hielo""]",N/A,N/A,N/A,N/A,"[""Aperitivos"", ""Bebidas"", ""Fruta y Verdura"", ""Vegana"", ""Verano""]"
Cóctel de sandía amarilla,https://recetas.lidl.es/recetas/coctel-de-sandia-amarilla,4,"[""150 g sandias"", ""1 lima"", ""1 cucharadita az\u00facar moreno"", ""50 ml zumo de pi\u00f1a""]",N/A,N/A,N/A,N/A,"[""Bebidas"", ""Fruta y Verdura"", ""Vegana""]"
Leche de almendras,https://recetas.lidl.es/recetas/leche-de-almendras,2,"[""150 g almendras"", ""50 g pasas"", ""500 ml canela""]",N/A,N/A,N/A,N/A,"[""Postres"", ""L\u00e1cteos y Huevos"", ""Vegetariana""]"
Smoothie de jengibre,https://recetas.lidl.es/recetas/smoothie-de-jengibre,4,"[""4 naranjas"", ""1 lim\u00f3n"", ""15 g jengibre"", ""150 g miel""]",N/A,N/A,N/A,N/A,"[""Postres"", ""Bebidas"", ""Fruta y Verdura"", ""Vegetariana"", ""Verano""]"
Ensalada de aguacate,https://recetas.lidl.es/recetas/ensalada-de-aguacate,4,"[""1 aguacate"", ""6 fresas"", ""60 g brotes tiernos"", ""40 g ar\u00e1ndanos azules""]",N/A,N/A,N/A,N/A,"[""Primeros"", ""Fruta y Verdura"", ""Vegana"", ""Verano""]"
Mini tartaletas de manzana,https://recetas.lidl.es/recetas/mini-tartaletas-de-manzana,12,"[""2 manzanas golden"", ""80 g az\u00facar moreno"", ""1 cucharada miel"", ""40 ml agua"", ""2 yema de huevo huevos"", ""30 g harina de ma\u00edz"", ""400 ml leche"", ""90 g ralladura de lim\u00f3n""]",153 kCal,20.46 g,2.92 g,7.29 g,"[""Desayunos y Meriendas"", ""Postres"", ""Postres y Dulces"", ""Pan y Masas"", ""Fruta y Verdura"", ""La Cocina de Lidl"", ""Vuelta al cole"", ""Recetas para ni\u00f1os a partir de 3 a\u00f1os""]"
Mini rollitos de jamón cocido,https://recetas.lidl.es/recetas/mini-rollitos-de-jamon-cocido,6,"[""20 g nueces"", ""50 g crema de queso fresco"", ""1 rebanada pan de molde"", ""2 lonchas cebollinos""]",N/A,N/A,N/A,N/A,"[""Aperitivos"", ""P\u00edcnic"", ""Recetas con embutidos y quesos"", ""Recetas de bocadillos y tostadas""]"
Ternera rellena y salsa de pimienta,https://recetas.lidl.es/recetas/ternera-rellena-y-salsa-de-pimienta,4,"[""180 g aceite de oliva"", ""4 filetes zanahorias"", ""40 ml ternera"", ""300 ml queso cheddar"", ""1 sal""]",N/A,N/A,N/A,N/A,"[""Segundos"", ""Carne y Aves""]"
Espaguetis al pesto con pollo braseado,https://recetas.lidl.es/recetas/espaguetis-al-pesto-con-pollo-braseado,2,"[""3 cucharadas miel"", ""1 cucharada vinagre bals\u00e1mico"", ""60 g sal"", ""100 g pimienta"", ""4 cucharadas aceite de oliva virgen extra"", ""200 ml cebollas"", ""150 g champi\u00f1ones"", ""200 g pesto""]",N/A,N/A,N/A,N/A,"[""Segundos"", ""Carne y Aves"", ""Pasta y Pizza""]"
Setas de huevo y tomate,https://recetas.lidl.es/recetas/setas-de-huevo-y-tomate,4,"[""2 tomates"", ""4 huevos"", ""1 mitad lechuga iceberg"", ""1 cucharada mayonesa"", ""1 cucharada sal""]",N/A,N/A,N/A,N/A,"[""Primeros"", ""L\u00e1cteos y Huevos"", ""Vuelta al cole"", ""Recetas para ni\u00f1os a partir de 3 a\u00f1os""]"
Minipizzas de verduras,https://recetas.lidl.es/recetas/minipizzas-de-verduras,5,"[""45 g pimientos verdes"", ""65 g aceitunas negras"", ""80 g tomates cherry"", ""1 l\u00e1mina cebollas rojas""]",N/A,N/A,N/A,N/A,"[""Segundos"", ""Primeros"", ""Fruta y Verdura"", ""Pasta y Pizza""]"
"Galletas de avena, zumo y yogur",https://recetas.lidl.es/recetas/galletas-de-avena-zumo-y-yogur,4,"[""125 g copos de avena"", ""45 g harina"", ""40 g az\u00facar moreno"", ""1 cucharadita levadura"", ""1 huevo"", ""1 cucharada miel"", ""65 ml aceite de oliva virgen extra""]",N/A,N/A,N/A,N/A,"[""Desayunos y Meriendas"", ""Postres"", ""Postres y Dulces""]"
Galette de calabacín con queso,https://recetas.lidl.es/recetas/galette-de-calabacin-con-queso,8,"[""250 g harina"", ""110 g sal"", ""55 ml mantequilla"", ""1 agua""]",N/A,N/A,N/A,N/A,"[""Primeros"", ""L\u00e1cteos y Huevos"", ""Fruta y Verdura"", ""Vegetariana""]"
Petit suisse,https://recetas.lidl.es/recetas/petit-suisse,12,"[""265 g fresas"", ""125 ml leche"", ""200 g queso fresco"", ""500 ml nata montada"", ""50 g az\u00facar"", ""12 hojas gelatina""]",N/A,N/A,N/A,N/A,"[""Postres"", ""Postres y Dulces"", ""L\u00e1cteos y Huevos""]"
Vasito 3 chocolates,https://recetas.lidl.es/recetas/vasito-3-chocolates,4,"[""5 galletas"", ""6 hojas gelatina"", ""250 ml nata montada"", ""250 ml leche"", ""50 g chocolate"", ""15 g az\u00facar"", ""50 g chocolate negro"", ""50 g chocolate blanco""]",N/A,N/A,N/A,N/A,"[""Postres"", ""Postres y Dulces""]"
Helado de yogur con melocotón,https://recetas.lidl.es/recetas/helado-de-yogur-con-melocoton,8,"[""500 g melocotones"", ""900 g yogur griego"", ""100 g az\u00facar"", ""50 g miel"", ""1 lim\u00f3n""]",N/A,N/A,N/A,N/A,"[""Postres"", ""Postres y Dulces"", ""L\u00e1cteos y Huevos""]"
Bolitas de atún con forma de araña,https://recetas.lidl.es/recetas/bolitas-de-atun-con-forma-de-arana,4,"[""3 latas at\u00fan al natural"", ""150 g queso de untar"", ""1 huevo"", ""2 cucharadas pan rallado"", ""1 cucharadita or\u00e9gano""]",240 kCal,14 g,17 g,14 g,"[""Aperitivos"", ""Primeros"", ""Fruta y Verdura"", ""Vuelta al cole"", ""Recetas para ni\u00f1os a partir de 3 a\u00f1os"", ""Recetas con conservas""]"
Solomillo de cerdo con compota de manzana,https://recetas.lidl.es/recetas/solomillo-de-cerdo-con-compota-de-manzana,4,"[""4 medallones solomillos de cerdo"", ""1 manzana"", ""2 tomates"", ""1 pu\u00f1ado aceituna negra""]",129 kCal,7.53 g,10.51 g,6.38 g,"[""Segundos"", ""Carne y Aves"", ""Navidad"", ""Vuelta al cole"", ""Recetas para ni\u00f1os a partir de 3 a\u00f1os""]"
Galletas con queso,https://recetas.lidl.es/recetas/galletas-con-queso,8,"[""150 g mantequilla"", ""100 g az\u00facar moreno"", ""1 huevo"", ""150 g harina de trigo"", ""16 quesitos"", ""200 pasas"", ""16 almendras""]",644 kCal,57.96 g,15.65 g,38.86 g,"[""Desayunos y Meriendas"", ""Postres"", ""Postres y Dulces"", ""Cumplea\u00f1os"", ""P\u00edcnic"", ""Vuelta al cole"", ""Recetas para ni\u00f1os a partir de 3 a\u00f1os""]"
"Pizzas de jamón, queso y longaniza",https://recetas.lidl.es/recetas/pizzas-de-jamon-queso-y-longaniza,4,"[""1 base de pizza"", ""100 ml salsa de tomate"", ""50 g mozzarella"", ""70 g queso de cabra (en rulo)"", ""40 g aceitunas negras"", ""1 salchicha de pollo"", ""60 g jam\u00f3n cocido""]",420 kCal,18.58 g,18.24 g,30.31 g,"[""Aperitivos"", ""Segundos"", ""Pasta y Pizza"", ""Cumplea\u00f1os"", ""Vuelta al cole"", ""Recetas con embutidos y quesos"", ""Recetas para ni\u00f1os a partir de 3 a\u00f1os""]"
Tosta de solomillo al roquefort,https://recetas.lidl.es/recetas/tosta-de-solomillo-al-roquefort,4,"[""4 rebanadas hogazas de centeno"", ""1 aceite de oliva virgen extra"", ""1 cebolla"", ""150 g solomillo de cerdo""]",N/A,N/A,N/A,N/A,"[""Segundos"", ""Carne y Aves"", ""Recetas de bocadillos y tostadas""]"
Batido de frutas y palmeritas caseras,https://recetas.lidl.es/recetas/batido-de-frutas-y-palmeritas-caseras,4,"[""2 yogur griego"", ""1 melocot\u00f3n"", ""10 cerezas"", ""1 hojaldre"", ""60 g az\u00facar""]",532 kCal,65.92 g,11.49 g,24.75 g,"[""Desayunos y Meriendas"", ""Fruta y Verdura"", ""Vuelta al cole"", ""Recetas para ni\u00f1os a partir de 3 a\u00f1os""]"
Granizado de fresa,https://recetas.lidl.es/recetas/granizado-de-fresa,4,"[""1 lim\u00f3n"", ""150 g az\u00facar glas"", ""400 g fresas"", ""700 g cubitos de hielo""]",N/A,N/A,N/A,N/A,"[""Postres"", ""Postres y Dulces"", ""Vegetariana"", ""Verano""]"
Polos de frutas,https://recetas.lidl.es/recetas/polos-de-frutas,4,"[""2 kiwis"", ""16 fresas"", ""1 paquete frambuesa"", ""60 g limones"", ""500 ml agua"", ""500 g az\u00facar""]",N/A,N/A,N/A,N/A,"[""Postres"", ""Fruta y Verdura"", ""Verano"", ""Vuelta al cole"", ""Recetas para ni\u00f1os a partir de 3 a\u00f1os""]"
Caracoles de salchicha,https://recetas.lidl.es/recetas/caracoles-de-salchicha,3,"[""2 huevos"", ""2 aceite de oliva"", ""2 rebanadas salchichas de pollo"", ""60 g pan de molde"", ""4 lonchas crema de queso fresco"", ""4 jam\u00f3n cocido""]",N/A,N/A,N/A,N/A,"[""Aperitivos"", ""Primeros"", ""Vuelta al cole"", ""Cumplea\u00f1os"", ""Recetas para ni\u00f1os a partir de 3 a\u00f1os"", ""Recetas de bocadillos y tostadas""]"
Barco pirata,https://recetas.lidl.es/recetas/barco-pirata,4,"[""1 sand\u00eda"", ""1 mitad mel\u00f3n"", ""360 g zanahorias"", ""1 sobre ar\u00e1ndanos azules""]",N/A,N/A,N/A,N/A,"[""Postres"", ""Fruta y Verdura"", ""Verano"", ""Cumplea\u00f1os"", ""Vuelta al cole"", ""Recetas para ni\u00f1os a partir de 3 a\u00f1os""]"
Galletas de avena con plátano,https://recetas.lidl.es/recetas/galletas-de-avena-con-platano,6,"[""1 huevo"", ""2 pl\u00e1tanos"", ""100 g copos de avena"", ""50 g mantequilla"", ""50 g harina de trigo integral"", ""1 cucharada canela"", ""1 cucharada levadura"", ""1 pizca sal""]",N/A,N/A,N/A,N/A,"[""Desayunos y Meriendas"", ""Postres"", ""Fruta y Verdura"", ""Vuelta al cole"", ""Cumplea\u00f1os"", ""Recetas para ni\u00f1os a partir de 3 a\u00f1os""]"
Tartaletas de crema catalana,https://recetas.lidl.es/recetas/tartaletas-de-crema-catalana,6,"[""2 l\u00e1minas masa quebrada"", ""750 ml mantequilla"", ""120 g leche"", ""1 az\u00facar"", ""30 g canela"", ""5 yema de huevo ralladura de lim\u00f3n""]",N/A,N/A,N/A,N/A,"[""Postres"", ""Postres y Dulces""]"
Nido de albóndigas de pollo con manzana,https://recetas.lidl.es/recetas/nido-de-albondigas-de-pollo-con-manzana,4,"[""80 g espaguetis"", ""2 manzanas"", ""1 huevo"", ""1 yogur griego"", ""4 hojas pan rallado"", ""200 g lechuga""]",N/A,N/A,N/A,N/A,"[""Segundos"", ""Primeros"", ""Carne y Aves"", ""Pasta y Pizza"", ""Fruta y Verdura"", ""Vuelta al cole"", ""Recetas para ni\u00f1os a partir de 3 a\u00f1os""]"
Setas de patata con guisantes,https://recetas.lidl.es/recetas/setas-de-patata-con-guisantes,2,"[""2 patatas"", ""2 tomates"", ""250 g guisantes""]",N/A,N/A,N/A,N/A,"[""Primeros"", ""Fruta y Verdura"", ""Vuelta al cole"", ""Recetas para ni\u00f1os a partir de 3 a\u00f1os""]"
Pollo al estilo criollo,https://recetas.lidl.es/recetas/pollo-al-estilo-criollo,3,"[""3 dientes ajos"", ""2 pimienta"", ""1.5 kg sal"", ""1 or\u00e9gano"", ""100 ml zumo de naranja""]",N/A,N/A,N/A,N/A,"[""Segundos"", ""Carne y Aves""]"
Espirales con huevo,https://recetas.lidl.es/recetas/espirales-con-huevo,1,"[""150 g pasta"", ""1 huevo"", ""1 huevo"", ""1 tomate cherry"", ""3 aceitunas negras"", ""200 g pepinos""]",N/A,N/A,N/A,N/A,"[""Segundos"", ""Primeros"", ""L\u00e1cteos y Huevos"", ""Pasta y Pizza"", ""Vuelta al cole"", ""Recetas para ni\u00f1os a partir de 3 a\u00f1os""]"
Huevos a la plancha con forma de peces,https://recetas.lidl.es/recetas/huevos-a-la-plancha-con-forma-de-peces,1,"[""1 pepinos"", ""2 zanahorias"", ""1 lechuga""]",161 kCal,4.3 g,8.55 g,12.15 g,"[""Segundos"", ""L\u00e1cteos y Huevos"", ""Vuelta al cole"", ""Recetas para ni\u00f1os a partir de 3 a\u00f1os""]"
Crema de tomate,https://recetas.lidl.es/recetas/crema-de-tomate,4,"[""5 tomates"", ""1 cebolleta"", ""2 pimientos verdes""]",N/A,N/A,N/A,N/A,"[""Primeros"", ""Sopas y Cremas"", ""Vegetariana"", ""Verano""]"
Marcianitos de kiwi y su nave espacial,https://recetas.lidl.es/recetas/marcianitos-de-kiwi-y-su-nave-espacial,1,"[""1 kiwi"", ""1 palitos de chocolate"", ""1 rodaja crema de queso fresco""]",171 kCal,33.9 g,2.18 g,3 g,"[""Postres"", ""Fruta y Verdura"", ""Cumplea\u00f1os"", ""P\u00edcnic"", ""Vuelta al cole"", ""Recetas para ni\u00f1os a partir de 3 a\u00f1os""]"
Crepes saladas de espinacas,https://recetas.lidl.es/recetas/crepes-saladas-de-espinacas,4,"[""1 huevo"", ""100 g espinacas"", ""100 g harina de trigo"", ""180 ml leche"", ""200 g crema de queso fresco"", ""1 yogur natural"", ""1 cucharadita or\u00e9gano"", ""8 aceitunas negras"", ""20 g ma\u00edz dulce"", ""50 g pimientos rojos""]",380 kCal,27.45 g,14.49 g,23.4 g,"[""Primeros"", ""Fruta y Verdura"", ""Vuelta al cole"", ""Recetas para ni\u00f1os a partir de 3 a\u00f1os""]"
Cupcakes de boniato,https://recetas.lidl.es/recetas/cupcakes-de-boniato,8,"[""2 batatas"", ""125 g harina"", ""5 g levadura"", ""150 g canela"", ""100 ml az\u00facar"", ""2 aceite de oliva"", ""40 ml huevos"", ""1 leche"", ""2 mango"", ""50 g peras""]",N/A,N/A,N/A,N/A,"[""Desayunos y Meriendas"", ""Postres"", ""L\u00e1cteos y Huevos"", ""Fruta y Verdura"", ""Vuelta al cole"", ""Cumplea\u00f1os"", ""Recetas para ni\u00f1os a partir de 3 a\u00f1os""]"
Banana cake sin azúcar,https://recetas.lidl.es/recetas/banana-cake-sin-azucar,8,"[""3 pl\u00e1tanos"", ""80 g pasas"", ""150 ml leche"", ""50 ml aceite de oliva"", ""220 g harina de trigo"", ""1 cucharada sal"", ""1 cucharada canela molida"", ""80 g canela molida"", ""1 bicarbonato"", ""8 levadura"", ""2 nueces""]",310 kCal,42.08 g,5.5 g,13.35 g,"[""Desayunos y Meriendas"", ""Postres"", ""Fruta y Verdura"", ""Cumplea\u00f1os"", ""Vuelta al cole"", ""Recetas para ni\u00f1os a partir de 3 a\u00f1os""]"
Sorbete de pera,https://recetas.lidl.es/recetas/sorbete-de-pera,4,"[""5 peras"", ""2 limas"", ""365 ml agua"", ""365 g az\u00facar"", ""100 g cobertura de chocolate""]",N/A,N/A,N/A,N/A,"[""Postres"", ""Postres y Dulces"", ""Fruta y Verdura"", ""Vegetariana"", ""Verano""]"
Polos de frutos rojos y yogur,https://recetas.lidl.es/recetas/polos-de-frutos-rojos-y-yogur,6,"[""200 g yogur griego"", ""400 g frutos del bosque"", ""1 cucharada zumo de lim\u00f3n"", ""40 g az\u00facar""]",98 kCal,13 g,2 g,4 g,"[""Postres"", ""Postres y Dulces"", ""Fruta y Verdura"", ""Vuelta al cole"", ""Verano"", ""Recetas para ni\u00f1os a partir de 2 a\u00f1os""]"
Barquitos de hummus,https://recetas.lidl.es/recetas/barquitos-de-hummus,4,"[""1 bote garbanzo"", ""1 lim\u00f3n"", ""2 cucharadas tahini"", ""1 diente ajo"", ""1 pimiento rojo"", ""1 pimiento verde"", ""1 pepino""]",224 kCal,29.8 g,9.27 g,10.45 g,"[""Primeros"", ""Arroz, Legumbres y Cereales"", ""Fruta y Verdura"", ""Vuelta al cole"", ""Cumplea\u00f1os"", ""Recetas para ni\u00f1os a partir de 2 a\u00f1os""]"
Barquitos de calabacín y nuggets para llevar,https://recetas.lidl.es/recetas/barquitos-de-calabacin-y-nuggets-para-llevar,2,"[""1 calabac\u00edn"", ""150 g aceite de oliva virgen extra"", ""1 patatas""]",878 kCal,109.98 g,27.97 g,33.4 g,"[""Segundos"", ""Carne y Aves"", ""Fruta y Verdura"", ""Vuelta al cole"", ""P\u00edcnic"", ""Recetas para ni\u00f1os a partir de 3 a\u00f1os""]"
Serpiente de frutas,https://recetas.lidl.es/recetas/serpiente-de-frutas,1,"[""100 g fresas"", ""1 pl\u00e1tano"", ""2 kiwis"", ""3 frambuesas""]",157 kCal,34.4 g,2.2 g,1.4 g,"[""Desayunos y Meriendas"", ""Postres"", ""Fruta y Verdura"", ""Vegetariana"", ""Cumplea\u00f1os"", ""Vuelta al cole"", ""Recetas para ni\u00f1os a partir de 2 a\u00f1os""]"
Langostinos al vino,https://recetas.lidl.es/recetas/langostinos-al-vino,2,"[""400 g langostinos"", ""5 dientes aceite de oliva virgen extra"", ""20 ml ajos""]",N/A,N/A,N/A,N/A,"[""Aperitivos"", ""Pescado y Marisco""]"
Tomates rellenos de caballa y aguacate,https://recetas.lidl.es/recetas/tomates-rellenos-de-caballa-y-aguacate,2,"[""2 tomates"", ""1 lata caballa"", ""1 aguacate""]",173 kCal,6 g,7.8 g,13.2 g,"[""Primeros"", ""Fruta y Verdura"", ""Vuelta al cole"", ""Recetas para ni\u00f1os a partir de 2 a\u00f1os"", ""Recetas con conservas""]"
Ensalada de huevo,https://recetas.lidl.es/recetas/ensalada-de-huevo,2,"[""2 huevos""]",112 kCal,4.7 g,8.6 g,6.6 g,"[""Primeros"", ""L\u00e1cteos y Huevos"", ""Fruta y Verdura"", ""Vuelta al cole"", ""Recetas para ni\u00f1os a partir de 2 a\u00f1os""]"
Pastel de espinacas,https://recetas.lidl.es/recetas/pastel-de-espinacas,6,"[""3 huevos"", ""175 g maicena"", ""8 g levadura"", ""300 g espinacas"", ""125 ml nata"", ""50 g pasas"", ""80 g queso de cabra"", ""200 g patatas"", ""50 ml leche"", ""50 g remolachas""]",267 kCal,32.8 g,11 g,10.3 g,"[""Segundos"", ""Primeros"", ""Fruta y Verdura"", ""Vegetariana"", ""Vuelta al cole"", ""Recetas para ni\u00f1os a partir de 2 a\u00f1os""]"
Chuletas de cerdo con manzana,https://recetas.lidl.es/recetas/chuletas-de-cerdo-con-manzana,4,"[""600 g chuletas de cerdo"", ""2 dientes sal"", ""1 pimienta"", ""220 ml aceite de oliva virgen extra"", ""2 ajos"", ""100 g cebolla roja"", ""300 ml cerveza tostada"", ""20 g manzanas rojas""]",329 kCal,16.91 g,33.07 g,13.82 g,"[""Segundos"", ""Carne y Aves"", ""Fruta y Verdura""]"
Chuletas de cerdo con teriyaki,https://recetas.lidl.es/recetas/chuletas-de-cerdo-con-teriyaki,2,"[""120 ml salsa de soja"", ""0.5 cucharadita ajo granulado"", ""2 cucharadas miel"", ""2 cucharadas harina de ma\u00edz"", ""150 ml agua"", ""1 mitad pi\u00f1a"", ""4 aceite de oliva""]",N/A,N/A,N/A,N/A,"[""Segundos"", ""Carne y Aves""]"
Pescado con guisantes y patata,https://recetas.lidl.es/recetas/pescado-con-guisantes-y-patata,1,"[""1 filete pez"", ""100 g guisantes"", ""2 patatas""]",336 kCal,47.29 g,21.69 g,6.76 g,"[""Segundos"", ""Primeros"", ""Pescado y Marisco"", ""Fruta y Verdura"", ""Vuelta al cole"", ""Recetas para ni\u00f1os a partir de 2 a\u00f1os""]"
Coliflor hervida con verduras,https://recetas.lidl.es/recetas/coliflor-hervida-con-verduras,2,"[""1 coliflor"", ""60 g jud\u00eda verde"", ""1 calabac\u00edn"", ""100 g esparragos trigueros"", ""140 g zanahorias"", ""6 aceitunas negras""]",299 kCal,4.38 g,2.95 g,32.68 g,"[""Primeros"", ""Fruta y Verdura"", ""Vegetariana"", ""Vegana"", ""Vuelta al cole"", ""Recetas para ni\u00f1os a partir de 2 a\u00f1os""]"
Pez de hojaldre y chocolate,https://recetas.lidl.es/recetas/pez-de-hojaldre-y-chocolate,4,"[""2 hojaldre"", ""200 g choconussa"", ""70 g chocolate blanco"", ""1 huevo""]",413 kCal,45.06 g,7.19 g,22.68 g,"[""Postres"", ""Pan y Masas"", ""Cumplea\u00f1os"", ""Vuelta al cole"", ""Recetas para ni\u00f1os a partir de 2 a\u00f1os""]"
Huevos rellenos,https://recetas.lidl.es/recetas/huevos-rellenos,4,"[""8 uds huevos bio"", ""2 uds latas de at\u00fan peque\u00f1as"", ""2 cucharadas mayonesa"", ""6 uds aceitunas negras"", ""1 ud pimiento asado"", ""1 bolsa r\u00facula""]",240 kCal,0.3 g,19.2 g,17.9 g,"[""Aperitivos"", ""Segundos"", ""L\u00e1cteos y Huevos"", ""Vuelta al cole"", ""Recetas para ni\u00f1os a partir de 2 a\u00f1os"", ""Recetas con conservas""]"
Limonada de kiwi,https://recetas.lidl.es/recetas/limonada-de-kiwi,5,"[""5 kiwis"", ""250 ml agua"", ""250 g az\u00facar"", ""720 g limones""]",N/A,N/A,N/A,N/A,"[""Bebidas"", ""Fruta y Verdura"", ""Vegana"", ""Verano""]"
Macedonia de frutas,https://recetas.lidl.es/recetas/macedonia-de-frutas,6,"[""1 sand\u00eda"", ""2 kiwis"", ""2 rodajas pi\u00f1as"", ""1 pl\u00e1tano"", ""40 g ar\u00e1ndanos azules"", ""40 g frambuesas"", ""2 rodajas melones"", ""2 yogur natural"", ""1 cucharadita canela"", ""1 pera"", ""1 cucharada mermelada de fresa""]",109 kCal,21.37 g,2.71 g,1.4 g,"[""Desayunos y Meriendas"", ""Postres"", ""Fruta y Verdura"", ""Vegetariana"", ""Vegana"", ""Vuelta al cole"", ""Cumplea\u00f1os"", ""Recetas para ni\u00f1os a partir de 2 a\u00f1os""]"
Pizza para tu peque,https://recetas.lidl.es/recetas/pizza-para-tu-peque,4,"[""300 g harina"", ""12.5 g levadura fresca"", ""5 cucharadas aceite de oliva virgen extra"", ""150 ml agua""]",N/A,N/A,N/A,N/A,"[""Primeros"", ""Pasta y Pizza"", ""Vuelta al cole"", ""Recetas para ni\u00f1os a partir de 2 a\u00f1os""]"
Batido de fresa con yogur y avena,https://recetas.lidl.es/recetas/batido-de-fresa-con-yogur-y-avena,2,"[""250 g fresas"", ""125 g yogur natural"", ""100 ml leche"", ""110 g copos de avena"", ""1 pu\u00f1ado frambuesa""]",N/A,N/A,N/A,N/A,"[""Desayunos y Meriendas"", ""Postres"", ""Fruta y Verdura"", ""Vuelta al cole"", ""Cumplea\u00f1os"", ""Recetas para ni\u00f1os a partir de 2 a\u00f1os""]"
Pastel de zanahoria,https://recetas.lidl.es/recetas/pastel-de-zanahoria,12,"[""350 g zanahorias"", ""3 huevos"", ""90 g az\u00facar"", ""170 ml aceite de girasol"", ""100 ml leche"", ""120 g az\u00facar moreno"", ""1 sobre levadura"", ""1 sobre az\u00facar avainillado"", ""2 cucharditas canela"", ""1 cucharadita nuez moscada"", ""350 g harina de fuerza""]",N/A,N/A,N/A,N/A,"[""Postres"", ""Postres y Dulces"", ""Fruta y Verdura""]"
Muffins caseros de boniato y dátiles,https://recetas.lidl.es/recetas/muffins-caseros-de-boniato-y-datiles,6,"[""300 g batatas"", ""120 g d\u00e1tiles"", ""4 huevos"", ""120 ml aceite de oliva virgen extra"", ""90 ml leche"", ""280 g harina"", ""1 sobre levadura"", ""1 cucharadita canela"", ""2.5 g jengibre"", ""1 clavo de olor molido""]",N/A,N/A,N/A,N/A,"[""Desayunos y Meriendas"", ""Postres"", ""Postres y Dulces"", ""Fruta y Verdura"", ""Vegetariana"", ""Vuelta al cole"", ""Recetas para ni\u00f1os a partir de 2 a\u00f1os""]"
Gazpacho de ciruela roja,https://recetas.lidl.es/recetas/gazpacho-de-ciruela-roja,4,"[""1 kg ciruela roja"", ""1 cebolleta"", ""1 pimiento verde"", ""1 pepino"", ""1 diente ajo"", ""4 rebanadas pan de molde"", ""1 aceite de oliva virgen extra"", ""3 vinagre de manzana""]",N/A,N/A,N/A,N/A,"[""Primeros"", ""Sopas y Cremas"", ""Vegetariana"", ""Verano""]"
Cóctel Mimosa,https://recetas.lidl.es/recetas/coctel-mimosa,20,"[""350 g frambuesas"", ""100 ml agua"", ""4 limas"", ""1 l miel""]",N/A,N/A,N/A,N/A,"[""Bebidas"", ""Fruta y Verdura"", ""Vegetariana""]"
Buñuelos de cuaresma rellenos de nata,https://recetas.lidl.es/recetas/bunuelos-de-cuaresma-rellenos-de-nata,4,"[""280 ml leche"", ""90 g mantequilla"", ""40 g az\u00facar"", ""1 lim\u00f3n"", ""1 canela"", ""200 g harina"", ""1 sobre levadura"", ""3 sal""]",N/A,N/A,N/A,N/A,"[""Postres"", ""Postres y Dulces"", ""Pascua""]"
Rollitos de tortilla,https://recetas.lidl.es/recetas/rollitos-de-tortilla,2,"[""4 huevos"", ""20 g sal"", ""8 rodajas pimienta"", ""8 aceite de oliva""]",N/A,N/A,N/A,N/A,"[""Segundos"", ""L\u00e1cteos y Huevos"", ""Vegetariana""]"
Crema de guisantes,https://recetas.lidl.es/recetas/crema-de-guisantes,2,"[""1 aceite de oliva"", ""2 dientes cebolla"", ""500 g ajos"", ""5 hojas guisantes"", ""400 ml menta"", ""1 caldo de pollo""]",N/A,N/A,N/A,N/A,"[""Primeros"", ""Sopas y Cremas"", ""Verano""]"
"Vasitos de melocotón, trufa y crumble de café",https://recetas.lidl.es/recetas/vasitos-de-melocoton-trufa-y-crumble-de-cafe,4,"[""240 g melocotones en almibar""]",994 kCal,79.66 g,11.34 g,69.68 g,"[""Postres"", ""Postres y Dulces"", ""Navidad"", ""Recetas con conservas""]"
Solomillo Wellington,https://recetas.lidl.es/recetas/solomillo-wellington,5,"[""1 aceite de oliva"", ""250 g solomillo de cerdo"", ""1 l\u00e1mina sal"", ""100 g pimienta"", ""6 lonchas champi\u00f1ones"", ""1 hojaldre""]",N/A,N/A,N/A,N/A,"[""Segundos"", ""Carne y Aves"", ""Pan y Masas""]"
Brochetas de langostinos con fondue,https://recetas.lidl.es/recetas/brochetas-de-langostinos-con-fondue,5,"[""200 ml vino blanco"", ""225 g queso grana padano"", ""225 g queso provolone""]",N/A,N/A,N/A,N/A,"[""Aperitivos"", ""Pescado y Marisco""]"
Croquetas de champiñones,https://recetas.lidl.es/recetas/croquetas-de-champinones,8,"[""1 cebolla"", ""10 champi\u00f1ones"", ""500 ml leche"", ""80 g harina"", ""80 g mantequilla"", ""70 g pan rallado"", ""2 huevos"", ""1 aceite de oliva virgen extra"", ""1 sal""]",328 kCal,18.5 g,6.21 g,25.51 g,"[""Aperitivos"", ""Primeros"", ""Fruta y Verdura"", ""Vegetariana"", ""Cumplea\u00f1os"", ""Vuelta al cole"", ""Recetas para ni\u00f1os a partir de 2 a\u00f1os""]"
Espaguetis de calabacín,https://recetas.lidl.es/recetas/espaguetis-de-calabacin,4,"[""2 calabacines"", ""4 zanahorias"", ""100 g remolachas"", ""2 lonchas queso cheddar""]",136 kCal,6.65 g,4.81 g,10.02 g,"[""Segundos"", ""Fruta y Verdura"", ""Vegetariana"", ""Vuelta al cole"", ""Recetas para ni\u00f1os a partir de 2 a\u00f1os""]"
Ensalada de frutas para el Baby Led Weaning,https://recetas.lidl.es/recetas/ensalada-de-frutas-para-el-baby-led-weaning,2,"[""5 cerezas"", ""1 pl\u00e1tano"", ""1 manzana"", ""1 trozo mel\u00f3n"", ""1 albaricoque"", ""1 melocot\u00f3n"", ""5 uvas""]",61 kCal,13.8 g,0.8 g,0.2 g,"[""Desayunos y Meriendas"", ""Postres"", ""Fruta y Verdura"", ""Vuelta al cole"", ""Recetas para ni\u00f1os a partir de 6 meses""]"
Huevo revuelto con puré de calabaza y zanahoria,https://recetas.lidl.es/recetas/huevo-revuelto-con-pure-de-calabaza-y-zanahoria,1,"[""1 huevo"", ""40 g calabazas"", ""50 g zanahorias"", ""50 g patatas"", ""20 g jud\u00eda verde""]",216 kCal,14.3 g,7 g,13.5 g,"[""Segundos"", ""Primeros"", ""L\u00e1cteos y Huevos"", ""Fruta y Verdura"", ""Vuelta al cole"", ""Recetas para ni\u00f1os a partir de 6 meses""]"
Papilla de merluza y verduras,https://recetas.lidl.es/recetas/papilla-de-merluza-y-verduras,1,"[""80 g merluza"", ""40 g zanahorias"", ""40 g jud\u00eda verde"", ""60 g patatas"", ""1 cucharada agua""]",N/A,N/A,N/A,N/A,"[""Segundos"", ""Primeros"", ""Sopas y Cremas"", ""Pescado y Marisco"", ""Fruta y Verdura"", ""Vuelta al cole"", ""Recetas para ni\u00f1os a partir de 6 meses""]"
Puré de judías verdes y patatas,https://recetas.lidl.es/recetas/pure-de-judias-verdes-y-patatas,2,"[""100 g jud\u00eda verde"", ""1 patata"", ""88 g puerros"", ""1 zanahoria""]",N/A,N/A,N/A,N/A,"[""Primeros"", ""Sopas y Cremas"", ""Fruta y Verdura"", ""Vuelta al cole"", ""Recetas para ni\u00f1os a partir de 6 meses""]"
Papilla de sandía y mango,https://recetas.lidl.es/recetas/papilla-de-sandia-y-mango,1,"[""1 mango"", ""1 pl\u00e1tano"", ""1 naranja"", ""1 rodaja sand\u00eda""]",N/A,N/A,N/A,N/A,"[""Desayunos y Meriendas"", ""Postres"", ""Fruta y Verdura"", ""Vuelta al cole"", ""Recetas para ni\u00f1os a partir de 6 meses""]"
Puré de calabacín,https://recetas.lidl.es/recetas/pure-de-calabacin,1,"[""125 g calabacines"", ""1 cucharada aceite de oliva"", ""1 patata""]",N/A,N/A,N/A,N/A,"[""Primeros"", ""Sopas y Cremas"", ""Fruta y Verdura"", ""Vuelta al cole"", ""Recetas para ni\u00f1os a partir de 6 meses""]"
Papilla de avena y manzana,https://recetas.lidl.es/recetas/papilla-de-avena-y-manzana,1,"[""1 manzana""]",261 kCal,50.5 g,7.4 g,2.76 g,"[""Desayunos y Meriendas"", ""Postres"", ""Fruta y Verdura"", ""Vuelta al cole"", ""Recetas para ni\u00f1os a partir de 6 meses""]"
"Papilla de uva, pera y manzana",https://recetas.lidl.es/recetas/papilla-de-uva-pera-y-manzana,1,"[""60 g peras"", ""100 g manzanas"", ""10 uvas""]",N/A,N/A,N/A,N/A,"[""Desayunos y Meriendas"", ""Postres"", ""Fruta y Verdura"", ""Vuelta al cole"", ""Recetas para ni\u00f1os a partir de 6 meses""]"
Minihamburguesas de salmón,https://recetas.lidl.es/recetas/minihamburguesas-de-salmon,6,"[""300 g salm\u00f3n"", ""50 g puerros"", ""1 huevo""]",174 kCal,5 g,12 g,11 g,"[""Primeros"", ""Pescado y Marisco"", ""Vuelta al cole"", ""Recetas para ni\u00f1os a partir de 12 meses""]"
Guiso de pollo con zanahoria y patata,https://recetas.lidl.es/recetas/guiso-de-pollo-con-zanahoria-y-patata,4,"[""200 g pechugas de pollo"", ""200 g zanahorias"", ""400 g patatas"", ""100 g cebollas"", ""100 g guisantes"", ""2 cucharadas tomate frito"", ""1 hoja laurel""]",230 kCal,23.3 g,12.1 g,10 g,"[""Segundos"", ""Carne y Aves"", ""Vuelta al cole"", ""Recetas para ni\u00f1os a partir de 12 meses""]"
Crema de brócoli y calabacín,https://recetas.lidl.es/recetas/crema-de-brocoli-y-calabacin,4,"[""200 g br\u00f3coli"", ""100 g calabacines"", ""300 g patatas"", ""50 ml leche evaporada""]",92 kCal,12 g,3 g,3 g,"[""Primeros"", ""Sopas y Cremas"", ""Fruta y Verdura"", ""Vegetariana"", ""Vuelta al cole"", ""Recetas para ni\u00f1os a partir de 12 meses""]"
Quinoa fría con verduras,https://recetas.lidl.es/recetas/quinoa-fria-con-verduras,4,"[""100 g quinoa"", ""100 calabacines"", ""1 cebolla"", ""1 zanahoria"", ""1 pimiento verde"", ""100 g champi\u00f1ones""]",158 kCal,18.5 g,5.5 g,7.1 g,"[""Primeros"", ""Fruta y Verdura"", ""Vegetariana"", ""Vuelta al cole"", ""Recetas para ni\u00f1os a partir de 12 meses""]"
Tallarines con verduras,https://recetas.lidl.es/recetas/tallarines-con-verduras,2,"[""80 g espaguetis"", ""100 g pimientos verdes"", ""100 g cebollas"", ""60 g champi\u00f1ones"", ""4 rodajas zanahorias"", ""4 aceitunas negras""]",217 kCal,33.5 g,7 g,6.1 g,"[""Segundos"", ""Primeros"", ""Pasta y Pizza"", ""Fruta y Verdura"", ""Vegetariana"", ""Vuelta al cole"", ""Recetas para ni\u00f1os a partir de 12 meses""]"
Croquetas de quinoa y pollo,https://recetas.lidl.es/recetas/croquetas-de-quinoa-y-pollo,6,"[""300 g quinoa"", ""100 g cebollas"", ""150 g pollo"", ""100 g jud\u00eda verde""]",248 kCal,26.08 g,22.99 g,10.01 g,"[""Primeros"", ""Carne y Aves"", ""Fruta y Verdura"", ""Vuelta al cole"", ""Cumplea\u00f1os"", ""Recetas para ni\u00f1os a partir de 12 meses""]"
Guisantes con huevo,https://recetas.lidl.es/recetas/guisantes-con-huevo,2,"[""120 g guisantes"", ""2 huevos"", ""2 aceitunas negras""]",256 kCal,7.92 g,10.92 g,19.95 g,"[""Primeros"", ""L\u00e1cteos y Huevos"", ""Fruta y Verdura"", ""Vegetariana"", ""Vuelta al cole"", ""Recetas para ni\u00f1os a partir de 12 meses""]"
Menestra de verduras,https://recetas.lidl.es/recetas/menestra-de-verduras,1,"[""1 ramillete coliflor"", ""1 patata"", ""2 esparragos trigueros"", ""1 tomate cherry"", ""40 g calabacines"", ""40 g zanahorias""]",226 kCal,27.7 g,5.32 g,10.45 g,"[""Primeros"", ""Fruta y Verdura"", ""Vegetariana"", ""Vegana"", ""Vuelta al cole"", ""Recetas para ni\u00f1os a partir de 12 meses""]"
Tortitas de avena con frutas,https://recetas.lidl.es/recetas/tortitas-de-avena-con-frutas,4,"[""40 g copos de avena"", ""1 pl\u00e1tano"", ""2 huevos"", ""1 aceite de oliva"", ""1 kiwi"", ""50 g mango""]",246 kCal,24.03 g,5.76 g,14.15 g,"[""Desayunos y Meriendas"", ""Postres"", ""Fruta y Verdura"", ""Vegetariana"", ""Vuelta al cole"", ""Cumplea\u00f1os"", ""Recetas para ni\u00f1os a partir de 12 meses""]"
Empanadillas caseras de verduras y pollo,https://recetas.lidl.es/recetas/empanadillas-caseras-de-verduras-y-pollo,4,"[""275 g harina"", ""80 ml agua"", ""80 ml aceite de oliva"", ""2 huevos"", ""1 sal"", ""1 calabac\u00edn"", ""2 cebolla"", ""1 zanahorias"", ""1 pechuga de pollo"", ""50 g pimiento rojo""]",545 kCal,51.96 g,25.56 g,26.23 g,"[""Aperitivos"", ""Segundos"", ""Carne y Aves"", ""Fruta y Verdura"", ""Vuelta al cole"", ""P\u00edcnic"", ""Recetas para ni\u00f1os a partir de 12 meses""]"
Sándwich vegetal infantil,https://recetas.lidl.es/recetas/sandwich-vegetal-infantil,2,"[""8 rebanadas pan de molde integral"", ""100 g queso de untar"", ""8 nueces"", ""2 aceitunas negras"", ""3 tomates cherry"", ""1 calabac\u00edn"", ""40 g ma\u00edz dulce"", ""40 g calabazas""]",429 kCal,40.72 g,17.35 g,21.82 g,"[""Desayunos y Meriendas"", ""Fruta y Verdura"", ""Cumplea\u00f1os"", ""Vuelta al cole"", ""Recetas para ni\u00f1os a partir de 12 meses"", ""Recetas de bocadillos y tostadas""]"
Helado casero de plátano y cacao,https://recetas.lidl.es/recetas/helado-casero-de-platano-y-cacao,8,"[""4 pl\u00e1tanos"", ""0.5 yogur natural"", ""2 cucharadas cacao en polvo"", ""150 g nueces"", ""2 huevos"", ""80 g pasas"", ""1 lim\u00f3n"", ""50 g copos de avena"", ""70 g cobertura de chocolate con leche"", ""70 g cobertura de chocolate blanco"", ""8 cucurucho""]",354 kCal,36.67 g,8.13 g,19.49 g,"[""Postres"", ""Postres y Dulces"", ""Vuelta al cole"", ""Recetas para ni\u00f1os a partir de 12 meses""]"
Crema de verduras,https://recetas.lidl.es/recetas/crema-de-verduras,4,"[""1 puerro"", ""1 aceite de oliva virgen extra"", ""1 calabac\u00edn"", ""300 ml patata"", ""4 caldo de pollo""]",N/A,N/A,N/A,N/A,"[""Primeros"", ""Sopas y Cremas"", ""Vegetariana"", ""Vuelta al cole"", ""Recetas para ni\u00f1os a partir de 12 meses""]"
Helado casero de fruta y yogur,https://recetas.lidl.es/recetas/helado-casero-de-fruta-y-yogur,2,"[""300 g frutas"", ""250 g yogur griego""]",N/A,N/A,N/A,N/A,"[""Postres"", ""L\u00e1cteos y Huevos"", ""Fruta y Verdura"", ""Verano"", ""Vuelta al cole"", ""Recetas para ni\u00f1os a partir de 12 meses""]"
Hojaldres de calabaza para halloween,https://recetas.lidl.es/recetas/hojaldres-de-calabaza-para-halloween,10,"[""1 l\u00e1mina hojaldre"", ""1 huevo"", ""600 g calabazas"", ""150 g agua"", ""80 g sirope de agave"", ""1 chorrito zumo de lim\u00f3n"", ""9 l\u00e1minas gelatina""]",N/A,N/A,N/A,N/A,"[""Desayunos y Meriendas"", ""Postres"", ""Pan y Masas"", ""Fruta y Verdura"", ""Halloween"", ""Vuelta al cole"", ""Recetas para ni\u00f1os a partir de 12 meses""]"
Hamburguesas de lentejas,https://recetas.lidl.es/recetas/hamburguesas-de-lentejas,4,"[""200 lentejas"", ""50 g arroz"", ""1 zanahoria"", ""1 cebolla"", ""40 g pan rallado"", ""1 pimiento rojo"", ""1 calabac\u00edn"", ""50 g queso de cabra"", ""8 aceitunas negras"", ""50 g remolachas""]",254 kCal,28.31 g,9.52 g,11.35 g,"[""Segundos"", ""Arroz, Legumbres y Cereales"", ""Fruta y Verdura"", ""Vuelta al cole"", ""Recetas para ni\u00f1os a partir de 12 meses""]"
Nuggets de pollo caseros,https://recetas.lidl.es/recetas/nuggets-de-pollo-caseros,8,"[""400 g pechugas de pollo"", ""150 g queso"", ""2 huevos"", ""60 g harina"", ""60 g pan rallado"", ""2 aguacates"", ""1 lim\u00f3n"", ""60 g cilantro fresco"", ""4 aceite de oliva""]",350 kCal,13.44 g,13.27 g,27.49 g,"[""Segundos"", ""Primeros"", ""Carne y Aves"", ""Fruta y Verdura"", ""Vuelta al cole"", ""Recetas para ni\u00f1os a partir de 12 meses""]"
Ensaladilla de batata,https://recetas.lidl.es/recetas/ensaladilla-de-batata,4,"[""4 huevos"", ""500 g batatas"", ""50 g sal"", ""50 g pimientos rojos"", ""2 pimientos verdes"", ""90 g aguacates"", ""100 g at\u00fan"", ""150 g aceitunas verdes rellenas de pimiento"", ""3 cucharadas pimienta"", ""70 g mayonesa""]",644 kCal,26.07 g,18.93 g,51.57 g,"[""Aperitivos"", ""Primeros"", ""Fruta y Verdura"", ""Canarias"", ""Regiones de Espa\u00f1a""]"
Tarta de manzana sin gluten,https://recetas.lidl.es/recetas/tarta-de-manzana-sin-gluten,10,"[""4 manzanas golden"", ""250 g yogur griego"", ""125 ml leche"", ""4 huevos"", ""3 cucharadas az\u00facar"", ""120 g harina de ma\u00edz""]",N/A,N/A,N/A,N/A,"[""Postres"", ""Postres y Dulces"", ""Fruta y Verdura"", ""Sin gluten""]"
Tarta de manzana con nueces y pasas,https://recetas.lidl.es/recetas/tarta-de-manzana-con-nueces-y-pasas,8,"[""3 huevos"", ""100 g mantequilla"", ""60 ml leche"", ""8 g canela molida"", ""220 g levadura"", ""20 g harina"", ""20 g pasas"", ""2 nueces"", ""120 g manzanas rojas""]",N/A,N/A,N/A,N/A,"[""Postres"", ""Postres y Dulces"", ""Fruta y Verdura"", ""Cumplea\u00f1os""]"
Canelones de berenjena,https://recetas.lidl.es/recetas/canelones-de-berenjena,2,"[""1 aceite de oliva"", ""1 cebolla"", ""1 pimiento verde"", ""1 pimiento rojo"", ""4 cucharadas calabac\u00edn"", ""1 salsa de tomate""]",N/A,N/A,N/A,N/A,"[""Primeros"", ""Fruta y Verdura"", ""Vegetariana""]"
Mousse de limón,https://recetas.lidl.es/recetas/mousse-de-limon,4,"[""600 g limones"", ""4 hojas gelatina"", ""200 ml agua"", ""280 g az\u00facar"", ""3 claras de huevo menta""]",N/A,N/A,N/A,N/A,"[""Postres"", ""Postres y Dulces""]"
Pincho de pulpo,https://recetas.lidl.es/recetas/pincho-de-pulpo,5,"[""1 pimiento seco"", ""3 rebanadas panes"", ""0.5 cabeza ajo"", ""1 tomate"", ""1 remolacha"", ""35 g almendras tostadas"", ""1 vinagre bals\u00e1mico"", ""1 sal"", ""1 aceite de oliva""]",N/A,N/A,N/A,N/A,"[""Aperitivos"", ""Pescado y Marisco""]"
Risotto de manzana y gorgonzola,https://recetas.lidl.es/recetas/risotto-de-manzana-y-gorgonzola,4,"[""35 g mantequilla"", ""1 cebolla roja"", ""1 manzana granny smith"", ""800 ml caldo de verduras"", ""240 g arroz"", ""20 ml leche evaporada"", ""80 g queso grana padano""]",N/A,N/A,N/A,N/A,"[""Primeros"", ""L\u00e1cteos y Huevos"", ""Arroz, Legumbres y Cereales""]"
Tarta de mandarina,https://recetas.lidl.es/recetas/tarta-de-mandarina,8,"[""3 huevos"", ""220 g az\u00facar"", ""125 ml aceite de oliva"", ""1 yogur natural"", ""1 zumo de mandarina"", ""1 ralladura de mandarina"", ""250 g harina de trigo"", ""5 g levadura""]",N/A,N/A,N/A,N/A,"[""Postres"", ""Postres y Dulces"", ""Cumplea\u00f1os""]"
Nuggets de verduras con salsa de manzana,https://recetas.lidl.es/recetas/nuggets-de-verduras-con-salsa-de-manzana,4,"[""65 g berenjenas"", ""180 g zanahorias"", ""200 g br\u00f3coli"", ""2 huevos"", ""250 g pan rallado""]",N/A,N/A,N/A,N/A,"[""Aperitivos"", ""Fruta y Verdura"", ""Vegetariana""]"
Gazpacho de melon,https://recetas.lidl.es/recetas/gazpacho-de-melon,4,"[""900 g melones"", ""0.5 ud pimiento verde"", ""120 g pepinos"", ""1 ud cebolla"", ""79.97 g picos de pan"", ""1 diente ajo"", ""50 ml aceite de oliva"", ""40 g vinagre de manzana""]",314 kCal,38.9 g,7.7 g,15 g,"[""Primeros"", ""Sopas y Cremas"", ""Verano""]"
Ensalada de nectarina,https://recetas.lidl.es/recetas/ensalada-de-nectarina,4,"[""1 lechuga"", ""2 nectarinas"", ""2 tomates"", ""100 g queso fresco"", ""6 lonchas jam\u00f3n serrano""]",N/A,N/A,N/A,N/A,"[""Primeros"", ""Fruta y Verdura"", ""Verano""]"
Pizza de sandía y frutas,https://recetas.lidl.es/recetas/pizza-de-sandia-y-frutas,8,"[""1 pl\u00e1tano"", ""1 kiwi"", ""1 melocot\u00f3n"", ""1 rodaja sand\u00eda"", ""1 yogur griego""]",N/A,N/A,N/A,N/A,"[""Postres"", ""Fruta y Verdura"", ""Vegetariana"", ""Verano""]"
Cuscús de coliflor,https://recetas.lidl.es/recetas/cuscus-de-coliflor,5,"[""1 coliflor"", ""1 mitad pepino"", ""1 cebolla roja"", ""1 pimiento amarillo"", ""2 tomates"", ""4 cucharadas zumo de lima""]",N/A,N/A,N/A,N/A,"[""Primeros"", ""Fruta y Verdura"", ""Vegana"", ""Verano""]"
Quiche multicolor de verduras,https://recetas.lidl.es/recetas/quiche-multicolor-de-verduras,8,"[""1 l\u00e1mina mantequilla"", ""2 masa quebrada"", ""500 g berenjenas"", ""360 g calabacines"", ""1 zanahorias"", ""160 g huevo"", ""130 ml queso emmental""]",N/A,N/A,N/A,N/A,"[""Primeros"", ""Pan y Masas"", ""Vegetariana""]"
Licuados nutritivos y refrescantes,https://recetas.lidl.es/recetas/licuados-nutritivos-y-refrescantes,8,"[""2 manzanas pink lady"", ""200 g apios"", ""15 g jengibre"", ""100 g espinacas""]",N/A,N/A,N/A,N/A,"[""Aperitivos"", ""Fruta y Verdura"", ""Vegana"", ""Verano""]"
Brochetas de verduras y piña,https://recetas.lidl.es/recetas/brochetas-de-verduras-y-pina,8,"[""1 berenjena"", ""1 huevo"", ""1 rodaja avena"", ""8 rodajas pi\u00f1a"", ""8 calabacines""]",N/A,N/A,N/A,N/A,"[""Aperitivos"", ""Fruta y Verdura"", ""Vegetariana""]"
Carpaccio de aguacate,https://recetas.lidl.es/recetas/carpaccio-de-aguacate,4,"[""15 g hierbabuena"", ""240 g avellanas"", ""30 g aceite de oliva virgen extra"", ""4 aguacates""]",N/A,N/A,N/A,N/A,"[""Primeros"", ""Fruta y Verdura"", ""Vegetariana"", ""Verano""]"
Hojaldre con frutas,https://recetas.lidl.es/recetas/hojaldre-con-frutas,8,"[""1 l\u00e1mina hojaldre"", ""1 huevo"", ""1 kiwi"", ""5 fresas"", ""1 mitad manzana"", ""3 natillas""]",N/A,N/A,N/A,N/A,"[""Postres"", ""Pan y Masas"", ""Fruta y Verdura"", ""Vegetariana"", ""Verano""]"
Champiñones rellenos de caprese de frambuesas,https://recetas.lidl.es/recetas/champinones-rellenos-de-caprese-de-frambuesas,9,"[""9 champi\u00f1\u00f3n portobello"", ""1 mozzarella"", ""9 frambuesas"", ""100 ml aceite de oliva"", ""40 g sal""]",N/A,N/A,N/A,N/A,"[""Aperitivos"", ""Fruta y Verdura"", ""Vegetariana""]"
Espaguetis de verduras con pesto de aguacate,https://recetas.lidl.es/recetas/espaguetis-de-verduras-con-pesto-de-aguacate,2,"[""15 g albahaca"", ""1 diente ajo"", ""100 g pi\u00f1ones"", ""1 aguacate"", ""1 mitad lima"", ""200 g tomates"", ""1 calabac\u00edn"", ""180 g zanahorias"", ""50 g sal""]",N/A,N/A,N/A,N/A,"[""Primeros"", ""Fruta y Verdura"", ""Vegetariana""]"
Fruit pops,https://recetas.lidl.es/recetas/fruit-pops,6,"[""4 fresas"", ""1 manzana"", ""1 kiwi"", ""1 naranja""]",N/A,N/A,N/A,N/A,"[""Postres"", ""Fruta y Verdura"", ""Vegetariana"", ""Verano""]"
Chips de verduras con dip de mango,https://recetas.lidl.es/recetas/chips-de-verduras-con-dip-de-mango,2,"[""1 remolacha"", ""1 berenjena"", ""1 zanahoria"", ""1 patata""]",N/A,N/A,N/A,N/A,"[""Aperitivos"", ""Fruta y Verdura"", ""Vegana""]"
"Tarta de espinacas, setas y naranja",https://recetas.lidl.es/recetas/tarta-de-espinacas-setas-y-naranja,8,"[""120 g champi\u00f1ones"", ""120 g champi\u00f1\u00f3n portobello"", ""1 cebolla"", ""200 g aceite de oliva"", ""200 ml espinacas"", ""1 l\u00e1mina vinagre bals\u00e1mico""]",N/A,N/A,N/A,N/A,"[""Primeros"", ""Pan y Masas"", ""Fruta y Verdura"", ""Vegetariana""]"
Crema de remolacha,https://recetas.lidl.es/recetas/crema-de-remolacha,2,"[""1 zanahoria"", ""1 manzana"", ""60 g cebollas"", ""3 remolachas""]",N/A,N/A,N/A,N/A,"[""Primeros"", ""Sopas y Cremas"", ""Fruta y Verdura"", ""Vegetariana""]"
Empanadillas de ternera y uva roja,https://recetas.lidl.es/recetas/empanadillas-de-ternera-y-uva-roja,4,"[""175 g uvas rojas"", ""1 diente aceite de oliva"", ""1 ajo"", ""1 cebolla"", ""250 g pimiento verde"", ""225 g carne de ternera picada"", ""12 obleas salsa de soja"", ""1 tomate frito"", ""1 sal""]",N/A,N/A,N/A,N/A,"[""Aperitivos"", ""Carne y Aves"", ""Pan y Masas""]"
Chupitos de plátano,https://recetas.lidl.es/recetas/chupitos-de-platano,4,"[""4 pl\u00e1tanos"", ""200 ml agua"", ""100 g zumo de lim\u00f3n"", ""100 g cacahuetes"", ""1 cobertura de chocolate""]",N/A,N/A,N/A,N/A,"[""Postres"", ""Fruta y Verdura"", ""Vegetariana""]"
Cóctel de piña colada,https://recetas.lidl.es/recetas/coctel-de-pina-colada,4,"[""1 mitad coco"", ""150 ml agua"", ""60 ml cubitos de hielo"", ""230 ml ron blanco""]",N/A,N/A,N/A,N/A,"[""Bebidas"", ""Fruta y Verdura"", ""Vegana"", ""Verano""]"
Cake pops de panettone,https://recetas.lidl.es/recetas/cake-pops-de-panettone,5,"[""2 panettone"", ""30 g mascarpones"", ""10 ml leche"", ""150 g chocolate blanco""]",N/A,N/A,N/A,N/A,"[""Postres"", ""Postres y Dulces"", ""Cumplea\u00f1os""]"
Bombones de paté con mermelada de fresa,https://recetas.lidl.es/recetas/bombones-de-pate-con-mermelada-de-fresa,10,"[""150 g mezcla de frutos secos"", ""1 cucharada miel"", ""10 ml agua"", ""220 g pat\u00e9 de perdiz"", ""1 mermelada de fresa""]",N/A,N/A,N/A,N/A,"[""Aperitivos"", ""Carne y Aves"", ""Cumplea\u00f1os""]"
Gnocchis al horno con salsa de queso,https://recetas.lidl.es/recetas/gnocchis-al-horno-con-salsa-de-queso,4,"[""2 cucharditas ajo granulado"", ""5 g perejil"", ""100 g queso grana padano"", ""500 g gnocchis"", ""60 g aceite de oliva"", ""150 g sal"", ""50 ml cebollas""]",N/A,N/A,N/A,N/A,"[""Primeros"", ""Pasta y Pizza""]"
"Sándwich de manzana, brie y rúcula",https://recetas.lidl.es/recetas/sandwich-de-manzana-brie-y-rucula,2,"[""1 manzana roja"", ""60 g queso brie""]",N/A,N/A,N/A,N/A,"[""Aperitivos"", ""Fruta y Verdura"", ""Vegetariana"", ""Recetas de bocadillos y tostadas""]"
Bizcocho marmolado,https://recetas.lidl.es/recetas/bizcocho-marmolado,6,"[""3 huevos"", ""1 yogur natural"", ""5 ml extracto de vainilla"", ""50 ml aceite de oliva"", ""200 g harina de ma\u00edz"", ""15 g levadura"", ""3 cucharadas ralladura de lim\u00f3n""]",N/A,N/A,N/A,N/A,"[""Postres"", ""Postres y Dulces"", ""Sin gluten"", ""Cumplea\u00f1os""]"
Bruschettas de pavo al ajillo con verduras,https://recetas.lidl.es/recetas/bruschettas-de-pavo-al-ajillo-con-verduras,4,"[""1 tomate"", ""60 g albahaca fresca"", ""4 ma\u00edz dulce"", ""60 g sal""]",N/A,N/A,N/A,N/A,"[""Segundos"", ""Carne y Aves""]"
Nidos de bacon con ensalada,https://recetas.lidl.es/recetas/nidos-de-bacon-con-ensalada,4,"[""220 g bacon"", ""90 g aceite de oliva virgen extra"", ""60 g legumbres ecol\u00f3gicas""]",N/A,N/A,N/A,N/A,"[""Primeros"", ""Carne y Aves""]"
Muffins de arándanos y yogur,https://recetas.lidl.es/recetas/muffins-de-arandanos-y-yogur,6,"[""30 g nueces"", ""2 huevos"", ""1 yogur natural"", ""60 ml aceite de oliva"", ""100 g az\u00facar moreno"", ""200 g harina"", ""15 g levadura""]",N/A,N/A,N/A,N/A,"[""Postres"", ""Postres y Dulces""]"
Blinis con jamón y brotes tiernos,https://recetas.lidl.es/recetas/blinis-con-jamon-y-brotes-tiernos,6,"[""1 huevo"", ""180 ml leche"", ""35 ml aceite de oliva"", ""120 g harina"", ""6 g levadura""]",N/A,N/A,N/A,N/A,"[""Aperitivos""]"
Pan de ajo y queso,https://recetas.lidl.es/recetas/pan-de-ajo-y-queso,5,"[""1 pan de la abuela"", ""150 g mozzarella"", ""2 dientes ajos"", ""5 g perejil"", ""80 ml aceite de oliva virgen extra""]",416 kCal,46.25 g,12.14 g,20.28 g,"[""Aperitivos"", ""Pan y Masas"", ""Vegetariana"", ""P\u00edcnic"", ""Recetas de bocadillos y tostadas""]"
Rollitos de surimi,https://recetas.lidl.es/recetas/rollitos-de-surimi,4,"[""60 g conservas de pi\u00f1a"", ""65 g gambas"", ""80 g surimi""]",N/A,N/A,N/A,N/A,"[""Aperitivos"", ""Pan y Masas"", ""Pescado y Marisco""]"
Parfait de yogur,https://recetas.lidl.es/recetas/parfait-de-yogur,1,"[""1 melocot\u00f3n"", ""70 g sandias"", ""2 cucharadas muesli de frutas"", ""1 skyr""]",N/A,N/A,N/A,N/A,"[""Postres"", ""Postres y Dulces"", ""Vegetariana""]"
Solomillo con puré,https://recetas.lidl.es/recetas/solomillo-con-pure,1,"[""165 ml vino tinto"", ""1 cucharada az\u00facar moreno"", ""0.5 cucharada harina de ma\u00edz"", ""85 ml caldo de pollo"", ""1 patata"", ""80 g guisantes"", ""20 ml leche"", ""10 g mantequilla"", ""1 sal""]",N/A,N/A,N/A,N/A,"[""Segundos"", ""Carne y Aves""]"
Agua de melón,https://recetas.lidl.es/recetas/agua-de-melon,2,"[""1 mitad mel\u00f3n"", ""5 g jengibre"", ""1 lim\u00f3n"", ""250 ml agua""]",N/A,N/A,N/A,N/A,"[""Postres"", ""Bebidas"", ""Fruta y Verdura"", ""Vegana""]"
Galletas con mermelada,https://recetas.lidl.es/recetas/galletas-con-mermelada,10,"[""100 g mantequilla"", ""80 g az\u00facar"", ""150 g harina"", ""3 g levadura"", ""75 g almendras trituradas"", ""1 sal""]",N/A,N/A,N/A,N/A,"[""Postres"", ""Postres y Dulces""]"
Croquetas de surimi,https://recetas.lidl.es/recetas/croquetas-de-surimi,5,"[""60 g cebollas rojas"", ""400 g crema de queso fresco"", ""125 g surimi"", ""2 harina"", ""100 g huevos"", ""3 cucharadas pan rallado"", ""1 cucharada aceite de oliva"", ""1 mitad mayonesa""]",N/A,N/A,N/A,N/A,"[""Aperitivos"", ""Pescado y Marisco""]"
Triángulos rellenos de queso y bacon,https://recetas.lidl.es/recetas/triangulos-rellenos-de-queso-y-bacon,3,"[""80 g bacon"", ""50 g champi\u00f1ones"", ""100 g aceite de oliva virgen extra"", ""6 rebanadas queso emmental"", ""1 pan de molde""]",N/A,N/A,N/A,N/A,"[""Segundos"", ""L\u00e1cteos y Huevos"", ""Carne y Aves""]"
Canapés de berenjena,https://recetas.lidl.es/recetas/canapes-de-berenjena,8,"[""2 barras de pan"", ""1 berenjena"", ""100 g aceite de oliva"", ""150 g sal""]",N/A,N/A,N/A,N/A,"[""Aperitivos"", ""Fruta y Verdura"", ""Vegetariana"", ""Recetas de bocadillos y tostadas"", ""Cumplea\u00f1os""]"
Bagels de pollo cocido,https://recetas.lidl.es/recetas/bagels-de-pollo-cocido,8,"[""410 g harina de fuerza"", ""15 g az\u00facar"", ""5 g levadura"", ""8 g sal"", ""240 ml agua"", ""4 s\u00e9samo""]",N/A,N/A,N/A,N/A,"[""Segundos"", ""Carne y Aves"", ""Recetas de bocadillos y tostadas""]"
Rollitos de queso y jamón,https://recetas.lidl.es/recetas/rollitos-de-queso-y-jamon,6,"[""1 tomate"", ""1 aguacate"", ""6 lonchas jam\u00f3n cocido"", ""6 lonchas queso edam""]",N/A,N/A,N/A,N/A,"[""Aperitivos""]"
Wraps de verduras,https://recetas.lidl.es/recetas/wraps-de-verduras,8,"[""75 g mayonesa"", ""10 g albahaca fresca"", ""1 cucharada mostaza"", ""100 g queso fresco""]",N/A,N/A,N/A,N/A,"[""Aperitivos"", ""Pan y Masas"", ""Fruta y Verdura"", ""Vegetariana""]"
Bolitas de galletas Neo,https://recetas.lidl.es/recetas/bolitas-de-galletas-neo,8,"[""20 galletas de chocolate"", ""175 g crema de queso fresco"", ""100 g chocolate blanco""]",N/A,N/A,N/A,N/A,"[""Postres"", ""Postres y Dulces"", ""Vegetariana"", ""Cumplea\u00f1os""]"
Crêpes de queso y salmón,https://recetas.lidl.es/recetas/crepes-de-queso-y-salmon,4,"[""3 huevos"", ""250 ml leche"", ""10 ml aceite de oliva virgen extra"", ""130 g harina de trigo""]",N/A,N/A,N/A,N/A,"[""Segundos"", ""L\u00e1cteos y Huevos"", ""Pan y Masas"", ""Pescado y Marisco""]"
Saquitos de queso y bacon,https://recetas.lidl.es/recetas/saquitos-de-queso-y-bacon,10,"[""140 g panceta de cerdo"", ""180 g queso de cabra"", ""5 l\u00e1minas masa filo""]",N/A,N/A,N/A,N/A,"[""Aperitivos"", ""Pan y Masas""]"
Pizza de pan de molde,https://recetas.lidl.es/recetas/pizza-de-pan-de-molde,12,"[""1 mitad pimiento rojo"", ""1 pimiento verde"", ""1 cebolla"", ""4 huevos"", ""16 rebanadas pan de molde"", ""150 g salsa de tomate"", ""20 g queso cheddar""]",N/A,N/A,N/A,N/A,"[""Segundos"", ""Pan y Masas"", ""Pasta y Pizza"", ""Cumplea\u00f1os""]"
Dumplings con jengibre,https://recetas.lidl.es/recetas/dumplings-con-jengibre,8,"[""10 g jengibre"", ""1 rama apio"", ""90 g pepinos"", ""250 g carne de ternera picada"", ""16 obleas sal"", ""65 ml pimienta"", ""30 g empanadillas""]",N/A,N/A,N/A,N/A,"[""Segundos"", ""Primeros"", ""Carne y Aves""]"
Tarta tren de chocolate con frutas,https://recetas.lidl.es/recetas/tarta-tren-de-chocolate-con-frutas,8,"[""250 g galletas de chocolate"", ""3 huevos"", ""2 cucharditas az\u00facar"", ""10 ml aceite de oliva"", ""1 sobre levadura"", ""150 ml leche"", ""200 ml nata montada"", ""230 g cobertura de chocolate con leche"", ""20 g mantequilla"", ""12 galletas de chocolate"", ""1 canutillo de chocolate"", ""10 ar\u00e1ndanos azules""]",N/A,N/A,N/A,N/A,"[""Postres"", ""Postres y Dulces"", ""Cumplea\u00f1os""]"
Tartaletas de pomelo y mascarpone,https://recetas.lidl.es/recetas/tartaletas-de-pomelo-y-mascarpone,4,"[""1 l\u00e1mina masa quebrada"", ""400 g aceite de oliva"", ""1 cucharada mascarpones"", ""1 miel""]",N/A,N/A,N/A,N/A,"[""Postres"", ""Postres y Dulces"", ""Fruta y Verdura""]"
Pan relleno de camembert,https://recetas.lidl.es/recetas/pan-relleno-de-camembert,8,"[""1 pan de la abuela"", ""140 g camembert"", ""1 diente ajo"", ""5 g perejil"", ""50 g mantequilla"", ""50 g taquitos de jam\u00f3n""]",N/A,N/A,N/A,N/A,"[""Segundos"", ""L\u00e1cteos y Huevos"", ""Recetas de bocadillos y tostadas""]"
Panecillos rellenos de chorizo,https://recetas.lidl.es/recetas/panecillos-rellenos-de-chorizo,4,"[""4 panecillos"", ""130 g chorizo"", ""2 huevos"", ""60 g puerros"", ""150 ml leche"", ""50 g sal""]",N/A,N/A,N/A,N/A,"[""Aperitivos"", ""Carne y Aves"", ""Recetas de bocadillos y tostadas""]"
Brocheta de solomillo de ternera y piña,https://recetas.lidl.es/recetas/brocheta-de-solomillo-de-ternera-y-pina,12,"[""3 rodajas conservas de pi\u00f1a"", ""245 g solomillos de ternera"", ""3 cucharadas salsa de soja""]",N/A,N/A,N/A,N/A,"[""Aperitivos"", ""Carne y Aves""]"
Cupcakes de plátano,https://recetas.lidl.es/recetas/cupcakes-de-platano,12,"[""125 g mantequilla"", ""170 g az\u00facar"", ""2 huevos"", ""2 pl\u00e1tanos"", ""170 g harina"", ""30 g cacao en polvo"", ""8 g levadura"", ""1 cucharadita sal""]",N/A,N/A,N/A,N/A,"[""Postres"", ""Postres y Dulces"", ""Cumplea\u00f1os""]"
Tostada integral de guacamole y salmón,https://recetas.lidl.es/recetas/tostada-integral-de-guacamole-y-salmon,6,"[""240 g aguacates"", ""1 mitad cebolla roja"", ""1 tomate"", ""1 mitad lima"", ""1 sal""]",N/A,N/A,N/A,N/A,"[""Aperitivos"", ""Fruta y Verdura"", ""Pescado y Marisco"", ""Recetas de bocadillos y tostadas""]"
Pops de pollo,https://recetas.lidl.es/recetas/pops-de-pollo,6,"[""100 g harina de trigo"", ""50 g harina de ma\u00edz"", ""200 ml leche desnatada"", ""250 g carne de pollo picada"", ""1 huevo"", ""125 g queso en polvo""]",N/A,N/A,N/A,N/A,"[""Aperitivos"", ""Carne y Aves""]"
Flores de masa quebrada y manzana,https://recetas.lidl.es/recetas/flores-de-masa-quebrada-y-manzana,6,"[""1 l\u00e1mina masa quebrada"", ""3 manzanas"", ""1 zumo de lim\u00f3n""]",N/A,N/A,N/A,N/A,"[""Postres"", ""Pan y Masas"", ""Vegetariana""]"
Fingers de provolone,https://recetas.lidl.es/recetas/fingers-de-provolone,2,"[""150 g queso provolone"", ""2 cucharditas pan rallado"", ""0.5 cucharadita perejil"", ""1 pimienta"", ""1 cucharadita harina""]",N/A,N/A,N/A,N/A,"[""Aperitivos"", ""L\u00e1cteos y Huevos"", ""Vegetariana""]"
Espirales de patata,https://recetas.lidl.es/recetas/espirales-de-patata,2,"[""50 g queso parmesano"", ""1 cucharadita piment\u00f3n"", ""1 cucharadita ajo granulado"", ""0.5 cucharadita comino"", ""1 cucharadita perejil"", ""1 cucharadita or\u00e9gano"", ""1 cucharadita pimienta"", ""1 cucharadita sal"", ""280 g patatas""]",N/A,N/A,N/A,N/A,"[""Aperitivos"", ""Fruta y Verdura"", ""Vegetariana""]"
Bolitas de pizza,https://recetas.lidl.es/recetas/bolitas-de-pizza,12,"[""1 ajo"", ""1 cebolla"", ""300 g aceite de oliva"", ""2 cucharadas tomate triturado""]",N/A,N/A,N/A,N/A,"[""Primeros"", ""Pan y Masas""]"
Barbacoa de pescado,https://recetas.lidl.es/recetas/barbacoa-de-pescado,4,"[""25 salsa de soja"", ""1 lima"", ""0.25 apio"", ""300 salm\u00f3n""]",372 kCal,7.76 g,31.12 g,24.64 g,"[""Segundos"", ""Pescado y Marisco"", ""Fruta y Verdura"", ""Barbacoa""]"
Yogur arcoíris,https://recetas.lidl.es/recetas/yogur-arcoiris,2,"[""1 kiwi"", ""1 pl\u00e1tano"", ""1 mango"", ""2 yogur griego""]",N/A,N/A,N/A,N/A,"[""Desayunos y Meriendas"", ""Postres"", ""Fruta y Verdura"", ""Vuelta al cole""]"
Smoothie de piña y coco,https://recetas.lidl.es/recetas/smoothie-de-pina-y-coco,4,"[""1 mitad pi\u00f1a"", ""100 g coco rallado"", ""65 g miel"", ""500 ml avena"", ""200 g leche""]",N/A,N/A,N/A,N/A,"[""Postres"", ""Bebidas"", ""Fruta y Verdura"", ""Vegetariana"", ""Verano""]"
Smoothie de jengibre y papaya,https://recetas.lidl.es/recetas/smoothie-de-jengibre-y-papaya,2,"[""1 papaya"", ""10 g jengibre"", ""80 g frambuesas"", ""1 yogur griego"", ""150 g cubitos de hielo""]",N/A,N/A,N/A,N/A,"[""Desayunos y Meriendas"", ""Bebidas"", ""Fruta y Verdura"", ""Vegetariana"", ""Verano""]"
Tarta red velvet,https://recetas.lidl.es/recetas/tarta-red-velvet,8,"[""150 g mantequilla"", ""200 g az\u00facar"", ""3 huevos"", ""265 ml leche"", ""5 ml colorante rojo"", ""290 g extracto de vainilla"", ""20 g sal"", ""8 g harina""]",N/A,N/A,N/A,N/A,"[""Postres"", ""Postres y Dulces"", ""San Valent\u00edn""]"
Cesta de San Valentín,https://recetas.lidl.es/recetas/cesta-de-san-valentin,2,"[""4 magdalenas"", ""200 g crema de queso fresco"", ""5 ml extracto de vainilla""]",N/A,N/A,N/A,N/A,"[""Postres"", ""Postres y Dulces"", ""San Valent\u00edn""]"
Corazones de pollo,https://recetas.lidl.es/recetas/corazones-de-pollo,2,"[""1 diente ajo"", ""1 cebolla"", ""150 g aceite de oliva"", ""1 cucharadita tomate frito"", ""0.5 cucharadita piment\u00f3n"", ""1 cucharadita comino"", ""8 obleas sal"", ""1 pimienta"", ""200 g empanadillas""]",N/A,N/A,N/A,N/A,"[""Segundos"", ""Carne y Aves"", ""Pan y Masas"", ""San Valent\u00edn""]"
Bizcocho bigote,https://recetas.lidl.es/recetas/bizcocho-bigote,8,"[""3 huevos"", ""110 g az\u00facar"", ""100 g cobertura de chocolate"", ""150 g mantequilla"", ""200 g harina"", ""1 sobre levadura"", ""20 ml leche""]",N/A,N/A,N/A,N/A,"[""Postres"", ""Postres y Dulces"", ""D\u00eda del Padre""]"
Risotto de setas,https://recetas.lidl.es/recetas/risotto-de-setas,6,"[""1 ud cebolla dulce"", ""15 ml aceite de oliva virgen extra"", ""150 g Setas ostra"", ""150 g portobello"", ""400 g sal"", ""100 ml pimienta negra"", ""1400 ml arroz"", ""70 g Vino blanco Conde Noble"", ""80 g caldo de pollo""]",438.5 kCal,58 g,12 g,18 g,"[""Segundos"", ""Arroz, Legumbres y Cereales""]"
Desayuno para papá,https://recetas.lidl.es/recetas/desayuno-para-papa,1,"[""1 croissant"", ""2 lonchas jam\u00f3n cocido"", ""1 loncha queso"", ""2 naranjas"", ""1 manzana pink lady"", ""1 c\u00e1psula leche condensada""]",N/A,N/A,N/A,N/A,"[""Desayunos y Meriendas"", ""Fruta y Verdura"", ""D\u00eda del Padre"", ""Recetas de bocadillos y tostadas""]"
Marshmallows de naranja y lima,https://recetas.lidl.es/recetas/marshmallows-de-naranja-y-lima,6,"[""180 ml agua"", ""280 g az\u00facar"", ""2 claras de huevo huevos"", ""8 hojas gelatina"", ""140 ml zumo de naranja"", ""20 g harina de ma\u00edz"", ""100 g ralladura de lima""]",N/A,N/A,N/A,N/A,"[""Postres"", ""Postres y Dulces"", ""D\u00eda de la Madre""]"
Desayuno para mamá,https://recetas.lidl.es/recetas/desayuno-para-mama,1,"[""100 g mantequilla"", ""75 g cobertura de chocolate"", ""1 huevo"", ""105 g az\u00facar"", ""50 g harina""]",N/A,N/A,N/A,N/A,"[""Desayunos y Meriendas"", ""Fruta y Verdura"", ""Vegetariana"", ""D\u00eda de la Madre""]"
Tarta arcoíris,https://recetas.lidl.es/recetas/tarta-arcoiris,12,"[""6 huevos"", ""350 g az\u00facar"", ""350 ml aceite de oliva suave"", ""400 g harina de trigo"", ""1 sobre levadura""]",N/A,N/A,N/A,N/A,"[""Postres"", ""Postres y Dulces"", ""Cumplea\u00f1os""]"
Caracolas de hojaldre y chocolate,https://recetas.lidl.es/recetas/caracolas-de-hojaldre-y-chocolate,12,"[""2 l\u00e1minas de hojaldre"", ""150 g choconussa"", ""120 g almendras trituradas"", ""1 huevo""]",N/A,N/A,N/A,N/A,"[""Postres"", ""Postres y Dulces"", ""Cumplea\u00f1os""]"
Piruletas de pizza,https://recetas.lidl.es/recetas/piruletas-de-pizza,12,"[""1 pechuga de pollo"", ""1 sal"", ""85 g pimienta"", ""160 g aceite de oliva""]",N/A,N/A,N/A,N/A,"[""Aperitivos"", ""Pan y Masas"", ""Pasta y Pizza"", ""Cumplea\u00f1os""]"
Casita de galleta,https://recetas.lidl.es/recetas/casita-de-galleta,4,"[""1 clara de huevo huevo"", ""75 g az\u00facar glas"", ""1 casita de galleta favorina""]",N/A,N/A,N/A,N/A,"[""Postres"", ""Postres y Dulces"", ""Navidad""]"
Batido multifrutas y galletas,https://recetas.lidl.es/recetas/batido-multifrutas-y-galletas,2,"[""1 pl\u00e1tano"", ""1 melocot\u00f3n"", ""1 manzana"", ""25 g nueces"", ""25 ml leche desnatada"", ""250 ml zumo de naranja"", ""1 caf\u00e9""]",N/A,N/A,N/A,N/A,"[""Desayunos y Meriendas"", ""L\u00e1cteos y Huevos"", ""Bebidas"", ""Vegetariana""]"
Tostada nórdica con zumo de mandarina y café,https://recetas.lidl.es/recetas/tostada-nordica-con-zumo-de-mandarina-y-cafe,1,"[""1 mitad pepino"", ""2 hogazas de centeno"", ""50 g queso de untar""]",N/A,N/A,N/A,N/A,"[""Desayunos y Meriendas"", ""Pescado y Marisco"", ""Recetas de bocadillos y tostadas""]"
Ensalada de frutas,https://recetas.lidl.es/recetas/ensalada-de-frutas,1,"[""1 mitad manzana"", ""1 melocot\u00f3n"", ""75 g sandias"", ""1 ar\u00e1ndanos azules"", ""2 barras naranja""]",N/A,N/A,N/A,N/A,"[""Desayunos y Meriendas"", ""Postres"", ""Fruta y Verdura""]"
Batido depurativo y yogur,https://recetas.lidl.es/recetas/batido-depurativo-y-yogur,1,"[""1 manzana"", ""120 g melones"", ""1 kiwi"", ""150 ml agua"", ""2 barritas de muesli"", ""1 skyr"", ""1 pl\u00e1tano""]",N/A,N/A,N/A,N/A,"[""Desayunos y Meriendas"", ""Fruta y Verdura"", ""Vegetariana""]"
"Tostada con queso, mango y fresa",https://recetas.lidl.es/recetas/tostada-con-queso-mango-y-fresa,1,"[""1 mitad pan de la abuela""]",N/A,N/A,N/A,N/A,"[""Desayunos y Meriendas"", ""L\u00e1cteos y Huevos"", ""Vegetariana"", ""Recetas de bocadillos y tostadas""]"
Smoothie bowl de piña y nectarina con café,https://recetas.lidl.es/recetas/smoothie-bowl-de-pina-y-nectarina-con-cafe,1,"[""100 g pi\u00f1as"", ""1 pl\u00e1tano"", ""1 nectarina"", ""1 yogur griego""]",N/A,N/A,N/A,N/A,"[""Desayunos y Meriendas"", ""Fruta y Verdura"", ""Vegetariana""]"
Desayuno mediterráneo,https://recetas.lidl.es/recetas/desayuno-mediterraneo,1,"[""1 tomate"", ""1 sal"", ""40 g aceite de oliva virgen extra"", ""2 panecillo""]",N/A,N/A,N/A,N/A,"[""Desayunos y Meriendas"", ""Fruta y Verdura"", ""Recetas de bocadillos y tostadas""]"
Batido antioxidante y galletas de avena,https://recetas.lidl.es/recetas/batido-antioxidante-y-galletas-de-avena,1,"[""200 ml agua"", ""1 bolsa t\u00e9 verde"", ""65 g frambuesas"", ""50 g moras"", ""1 cucharada az\u00facar moreno"", ""1 yogur natural"", ""5 galletas de avena""]",N/A,N/A,N/A,N/A,"[""Desayunos y Meriendas"", ""Fruta y Verdura"", ""Vegetariana""]"
Tosta de aguacate y fresas,https://recetas.lidl.es/recetas/tosta-de-aguacate-y-fresas,1,"[""3 fresas"", ""1 aguacate"", ""2 rebanadas pan alem\u00e1n"", ""15 g queso fresco"", ""1 avellanas tostadas""]",N/A,N/A,N/A,N/A,"[""Desayunos y Meriendas"", ""Fruta y Verdura"", ""Vegetariana"", ""Recetas de bocadillos y tostadas""]"
Sándwich ligero y té con leche,https://recetas.lidl.es/recetas/sandwich-ligero-y-te-con-leche,2,"[""1 aguacate"", ""1 mitad aceite de oliva"", ""4 sal"", ""2 lonchas mango""]",N/A,N/A,N/A,N/A,"[""Desayunos y Meriendas"", ""Fruta y Verdura"", ""Recetas de bocadillos y tostadas""]"
Batido energético y tostadas,https://recetas.lidl.es/recetas/batido-energetico-y-tostadas,2,"[""2 pl\u00e1tanos"", ""8 fresas"", ""300 ml leche desnatada"", ""1 pan con semillas""]",N/A,N/A,N/A,N/A,"[""Desayunos y Meriendas"", ""Bebidas"", ""Fruta y Verdura"", ""Vegetariana""]"
Tostada de pera,https://recetas.lidl.es/recetas/tostada-de-pera,1,"[""1 pera"", ""2 rebanadas pan de molde integral""]",N/A,N/A,N/A,N/A,"[""Desayunos y Meriendas"", ""Fruta y Verdura"", ""Vegetariana"", ""Recetas de bocadillos y tostadas""]"
Bowl de mandarina con infusión de canela y manzana,https://recetas.lidl.es/recetas/bowl-de-mandarina-con-infusion-de-canela-y-manzana,1,"[""1 mandarina"", ""1 yogur griego"", ""10 g copos de trigo con chocolate""]",N/A,N/A,N/A,N/A,"[""Desayunos y Meriendas"", ""Fruta y Verdura"", ""Vegetariana""]"
Sándwich dulce y café americano,https://recetas.lidl.es/recetas/sandwich-dulce-y-cafe-americano,1,"[""1 pl\u00e1tano"", ""2 cucharadas az\u00facar moreno"", ""2 rebanadas pan de molde con cereaes"", ""1 c\u00e1psula mermelada de fresa""]",N/A,N/A,N/A,N/A,"[""Desayunos y Meriendas"", ""Postres y Dulces"", ""Vegetariana"", ""Recetas de bocadillos y tostadas""]"
"Batido vitamina C, capuccino y galletas",https://recetas.lidl.es/recetas/batido-vitamina-c-capuccino-y-galletas,2,"[""1 mango"", ""1 zanahoria"", ""2 naranjas""]",N/A,N/A,N/A,N/A,"[""Desayunos y Meriendas"", ""Fruta y Verdura"", ""Vegetariana""]"
Tostada caprese,https://recetas.lidl.es/recetas/tostada-caprese,1,"[""1 panecillo"", ""10 g can\u00f3nigos"", ""2 aceite de oliva virgen extra"", ""2 hojas sal""]",N/A,N/A,N/A,N/A,"[""Desayunos y Meriendas"", ""Fruta y Verdura"", ""Vegetariana"", ""Recetas de bocadillos y tostadas""]"
Bowl de chocolate e infusión de guinda,https://recetas.lidl.es/recetas/bowl-de-chocolate-e-infusion-de-guinda,1,"[""100 g cobertura de chocolate"", ""125 g yogur natural"", ""15 g muesli de frutas"", ""1 frutos del bosque""]",N/A,N/A,N/A,N/A,"[""Desayunos y Meriendas"", ""L\u00e1cteos y Huevos"", ""Vegetariana""]"
Pechugas de pollo en salsa,https://recetas.lidl.es/recetas/pechugas-de-pollo-en-salsa,4,"[""165 g sal"", ""75 g pimienta"", ""100 ml aceite de oliva virgen extra"", ""85 g champi\u00f1ones"", ""2 cucharadas taquitos de jam\u00f3n"", ""400 ml vino blanco"", ""800 g almendras""]",679 kCal,15.15 g,78.45 g,32.33 g,"[""Segundos"", ""Carne y Aves""]"
Mejillones a la marinera con tomate,https://recetas.lidl.es/recetas/mejillones-a-la-marinera-con-tomate,4,"[""2 dientes ajos"", ""1 cebolleta"", ""2 tomates"", ""50 ml aceite de oliva virgen extra"", ""300 g sal""]",129 kCal,6.32 g,8.35 g,6.64 g,"[""Primeros"", ""Pescado y Marisco""]"
Bizcocho de calabaza,https://recetas.lidl.es/recetas/bizcocho-de-calabaza,12,"[""400 g calabazas""]",174 kCal,46.12 g,10.58 g,22.55 g,"[""Postres"", ""Postres y Dulces""]"
Tostadas de uvas con queso,https://recetas.lidl.es/recetas/tostadas-de-uvas-con-queso,4,"[""200 g uvas negras"", ""60 g miel"", ""20 ml agua"", ""100 g queso de cabra"", ""2 panes con nueces""]",245 kCal,30.69 g,8.72 g,7.89 g,"[""Aperitivos"", ""Fruta y Verdura"", ""Vegetariana"", ""Recetas de bocadillos y tostadas""]"
Carne guisada,https://recetas.lidl.es/recetas/carne-guisada,4,"[""400 g ternera"", ""1 sal"", ""180 g pimienta"", ""200 g or\u00e9gano"", ""3 cucharadas aceite de oliva virgen extra"", ""330 ml cebolla dulce"", ""400 ml zanahorias"", ""1 patatas""]",436 kCal,20.92 g,31.13 g,21.41 g,"[""Segundos"", ""Carne y Aves""]"
Tarta de plátano,https://recetas.lidl.es/recetas/tarta-de-platano,10,"[""300 ml leche"", ""52 galletas de bizcocho"", ""250 g skyr"", ""350 g queso de untar"", ""50 g sirope de agave"", ""400 g confitura de frutos del bosque"", ""2 pl\u00e1tanos"", ""300 ml limones"", ""250 g pistachos"", ""350 g leche"", ""50 g skyr"", ""400 g queso de untar""]",277 kCal,34.31 g,7.97 g,12.62 g,"[""Postres"", ""Postres y Dulces"", ""Fruta y Verdura"", ""Vegetariana""]"
Berenjenas con miel,https://recetas.lidl.es/recetas/berenjenas-con-miel,4,"[""400 g berenjenas"", ""150 g agua"", ""150 g sal"", ""2 copos de avena"", ""80 g mix de semillas"", ""45 ml huevos"", ""1 cucharadita aceite de oliva virgen extra""]",488 kCal,44.84 g,21.38 g,26.42 g,"[""Aperitivos"", ""Fruta y Verdura"", ""Vegetariana""]"
Sorbete de yogur y kiwi,https://recetas.lidl.es/recetas/sorbete-de-yogur-y-kiwi,4,"[""400 g kiwis"", ""30 g az\u00facar moreno"", ""40 ml agua"", ""300 ml helados de vainilla"", ""375 g yogur griego"", ""20 g miel""]",361 kCal,44.69 g,7.02 g,18.06 g,"[""Postres"", ""Postres y Dulces"", ""L\u00e1cteos y Huevos"", ""Verano""]"
Smoothie de nectarina,https://recetas.lidl.es/recetas/smoothie-de-nectarina,4,"[""500 g nectarinas"", ""2 pl\u00e1tanos"", ""100 g frambuesas"", ""1 mitad lima"", ""1 yogur griego"", ""200 ml zumo de mandarina""]",N/A,N/A,N/A,N/A,"[""Postres"", ""Bebidas"", ""Fruta y Verdura"", ""Vegetariana"", ""Verano""]"
Tartaletas de tomates cherry confitados,https://recetas.lidl.es/recetas/tartaletas-de-tomates-cherry-confitados,4,"[""360 filetes tomates cherry"", ""1 diente ajo"", ""100 g or\u00e9gano"", ""100 g aceite de oliva virgen extra"", ""1 queso de cabra"", ""250 ml mozzarella"", ""1 l\u00e1mina huevo""]",N/A,N/A,N/A,N/A,"[""Aperitivos"", ""Pan y Masas"", ""Vegetariana""]"
Cóctel de melocotón sin alcohol,https://recetas.lidl.es/recetas/coctel-de-melocoton-sin-alcohol,5,"[""2 melocotones"", ""1 manzana"", ""50 g ar\u00e1ndanos azules"", ""1 lim\u00f3n"", ""330 ml zumo"", ""500 ml gaseosa""]",N/A,N/A,N/A,N/A,"[""Bebidas"", ""Fruta y Verdura"", ""Vegana"", ""Verano""]"
Gazpacho de sandía,https://recetas.lidl.es/recetas/gazpacho-de-sandia,6,"[""800 g sandias"", ""1 ud pepino"", ""1 ud pimiento verde"", ""2 uds tomates"", ""1 diente ajo"", ""50 g barras de pan"", ""50 ml aceite de oliva virgen extra"", ""30 ml vinagre de vino blanco""]",145 kCal,17.4 g,1.77 g,7.9 g,"[""Primeros"", ""Sopas y Cremas"", ""Vegetariana"", ""Vegana"", ""Verano""]"
Rollitos de calabacín,https://recetas.lidl.es/recetas/rollitos-de-calabacin,2,"[""500 g calabacines"", ""50 g aceite de oliva virgen extra"", ""60 g salm\u00f3n"", ""140 g langostinos"", ""1 conservas de pi\u00f1a"", ""1 aguacate"", ""1 mitad tomate"", ""125 g cebolleta"", ""20 g yogur griego""]",N/A,N/A,N/A,N/A,"[""Aperitivos"", ""Fruta y Verdura""]"
Bundt cake de cerezas,https://recetas.lidl.es/recetas/bundt-cake-de-cerezas,8,"[""110 g mantequilla"", ""100 g az\u00facar moreno"", ""2 huevos"", ""1 yogur griego"", ""1 lim\u00f3n"", ""1 naranja"", ""120 g harina"", ""8 g levadura"", ""120 g sal""]",N/A,N/A,N/A,N/A,"[""Postres"", ""Postres y Dulces"", ""Cumplea\u00f1os""]"
Sopa de melón,https://recetas.lidl.es/recetas/sopa-de-melon,5,"[""1 aguacate"", ""1 pepino"", ""1 mitad mel\u00f3n"", ""300 ml leche desnatada"", ""1 lim\u00f3n"", ""30 ml sal""]",N/A,N/A,N/A,N/A,"[""Primeros"", ""Sopas y Cremas"", ""Verano""]"
Tartar de sandía,https://recetas.lidl.es/recetas/tartar-de-sandia,2,"[""150 g calabazas"", ""15 ml aceite de oliva virgen extra"", ""300 g sal"", ""80 ml sandias"", ""1 salsa de soja"", ""240 g lima"", ""1 aguacates""]",N/A,N/A,N/A,N/A,"[""Primeros"", ""Fruta y Verdura"", ""Vegana"", ""Verano""]"
Causa limeña,https://recetas.lidl.es/recetas/causa-limena,6,"[""750 g patatas"", ""2 g curry"", ""1 lima"", ""20 ml aceite de oliva virgen extra"", ""60 g sal"", ""100 g pimienta"", ""1 cebollas rojas"", ""180 g salsa light para ensalada""]",N/A,N/A,N/A,N/A,"[""Aperitivos"", ""Fruta y Verdura""]"
Buddha bowl con pepino y remolacha,https://recetas.lidl.es/recetas/buddha-bowl-con-pepino-y-remolacha,2,"[""400 ml agua"", ""200 g sal"", ""270 g arroz"", ""1 zanahorias"", ""1 aceite de oliva virgen extra"", ""60 g remolacha"", ""40 g pepino""]",N/A,N/A,N/A,N/A,"[""Primeros"", ""Fruta y Verdura"", ""Vegetariana""]"
Porridge de melón,https://recetas.lidl.es/recetas/porridge-de-melon,2,"[""175 g melones"", ""70 g agua"", ""20 g copos de avena"", ""130 ml ch\u00eda""]",N/A,N/A,N/A,N/A,"[""Desayunos y Meriendas"", ""Fruta y Verdura"", ""Vegana""]"
Salteado de shimeji,https://recetas.lidl.es/recetas/salteado-de-shimeji,2,"[""3 dientes ajos"", ""200 g esparragos trigueros"", ""300 g aceite de oliva virgen extra"", ""1 champi\u00f1ones""]",N/A,N/A,N/A,N/A,"[""Primeros"", ""Fruta y Verdura"", ""Vegetariana""]"
Smoothie de kale,https://recetas.lidl.es/recetas/smoothie-de-kale,4,"[""2 naranjas"", ""1 mango"", ""1 manzana pink lady"", ""200 g kale"", ""3 cucharadas sirope de agave"", ""100 ml cubitos de hielo""]",N/A,N/A,N/A,N/A,"[""Desayunos y Meriendas"", ""Bebidas"", ""Fruta y Verdura"", ""Vegetariana""]"
Manzanas asadas,https://recetas.lidl.es/recetas/manzanas-asadas,4,"[""4 manzanas golden"", ""3 zumo de lim\u00f3n"", ""80 g albaricoque deshidratados"", ""40 g pasas""]",N/A,N/A,N/A,N/A,"[""Postres"", ""Postres y Dulces"", ""Fruta y Verdura"", ""Vegetariana""]"
Banana split,https://recetas.lidl.es/recetas/banana-split,2,"[""150 g fresas"", ""80 ml agua"", ""60 g miel"", ""2 pl\u00e1tanos"", ""2 skyr"", ""70 g frambuesas"", ""35 g pasas""]",N/A,N/A,N/A,N/A,"[""Postres"", ""Postres y Dulces"", ""Fruta y Verdura"", ""Vegetariana""]"
Salsa Agridulce,https://recetas.lidl.es/recetas/salsa-agridulce,6,"[""100 vino de jerez"", ""100 vinagre de vino blanco"", ""20 salsa de soja"", ""3 az\u00facar"", ""40 tomate triturado"", ""350 agua"", ""2 harina de ma\u00edz""]",N/A,N/A,N/A,N/A,"[""Guarniciones"", ""Salsas""]"
Bacalao à Bràs,https://recetas.lidl.es/recetas/bacalao-a-bras,4,"[""280 patatas"", ""2 aceite de oliva virgen extra"", ""1 ajos"", ""500 cebolla dulce"", ""120 filetes de bacalao"", ""4 aceitunas negras""]",N/A,N/A,N/A,N/A,"[""Segundos"", ""Pescado y Marisco"", ""Recetas del Mundo""]"
Salsa bechamel vegana,https://recetas.lidl.es/recetas/salsa-bechamel-vegana,6,"[""800 leche de almendras"", ""80 aceite de oliva virgen extra"", ""80 harina de trigo""]",N/A,N/A,N/A,N/A,"[""Guarniciones"", ""Vegana"", ""Salsas""]"
Salsa mayonesa vegana,https://recetas.lidl.es/recetas/salsa-mayonesa-vegana,10,"[""100 bebida de soja"", ""200 aceite de girasol"", ""1 lim\u00f3n""]",N/A,N/A,N/A,N/A,"[""Guarniciones"", ""Vegana"", ""Salsas""]"
Salsa mayonesa,https://recetas.lidl.es/recetas/salsa-mayonesa,10,"[""2 huevos"", ""80 limones"", ""220 sal""]",N/A,N/A,N/A,N/A,"[""Guarniciones"", ""Salsas""]"
Salsa guacamole,https://recetas.lidl.es/recetas/salsa-guacamole,4,"[""4 aguacates"", ""1 lima"", ""2 tomates"", ""60 cebolletas""]",N/A,N/A,N/A,N/A,"[""Guarniciones"", ""Salsas""]"
Suprema de merluza en salsa con gambas,https://recetas.lidl.es/recetas/suprema-de-merluza-en-salsa-con-gambas,4,"[""300 g filetes de merluza"", ""2 dientes sal"", ""150 g agua"", ""300 ml ajos"", ""15 g gambas"", ""100 g aceite de oliva virgen extra""]",176 kCal,4.47 g,22.16 g,7.5 g,"[""Segundos"", ""Pescado y Marisco"", ""Navidad""]"
Salsa de tomate,https://recetas.lidl.es/recetas/salsa-de-tomate,4,"[""500 tomates"", ""1 agua"", ""25 ajo"", ""120 aceite de oliva virgen extra"", ""20 cebollas"", ""1 az\u00facar""]",N/A,N/A,N/A,N/A,"[""Guarniciones"", ""Vegana"", ""Salsas""]"
Perlas de foie y turrón al Brandy,https://recetas.lidl.es/recetas/perlas-de-foie-y-turron-al-brandy,6,"[""150 g turrones duros"", ""200 g foie gras"", ""100 g mantequilla"", ""10 ml aceite de oliva virgen extra"", ""4 hojas gelatina"", ""400 ml brandy""]",564 kCal,12.7 g,8.58 g,36.35 g,"[""Aperitivos"", ""Carne y Aves"", ""Navidad""]"
Pesto de albahaca y nueces,https://recetas.lidl.es/recetas/pesto-de-albahaca-y-nueces,4,"[""2 ajos"", ""15 albahaca"", ""50 nueces"", ""30 queso grana padano"", ""100 aceite de oliva""]",N/A,N/A,N/A,N/A,"[""Guarniciones"", ""Salsas""]"
Mousse de pato con confitura de higos,https://recetas.lidl.es/recetas/mousse-de-pato-con-confitura-de-higos,4,"[""50 g mantequilla"", ""100 g harina"", ""2 g sal"", ""1 huevo""]",671 kCal,58 g,12.83 g,43.63 g,"[""Aperitivos"", ""Sopas y Cremas"", ""Navidad""]"
Salsa de mostaza y miel,https://recetas.lidl.es/recetas/salsa-de-mostaza-y-miel,6,"[""1 lim\u00f3n"", ""130 miel"", ""60 mostaza francesa"", ""150 aceite de oliva suave""]",N/A,N/A,N/A,N/A,"[""Guarniciones"", ""Salsas""]"
Salsa de almendras,https://recetas.lidl.es/recetas/salsa-de-almendras,4,"[""50 panes"", ""120 aceite de oliva suave"", ""2 almendras"", ""1 dientes de ajo"", ""150 piment\u00f3n"", ""400 vino blanco""]",N/A,N/A,N/A,N/A,"[""Guarniciones"", ""Salsas""]"
Salsa alioli,https://recetas.lidl.es/recetas/salsa-alioli,6,"[""8 ajos"", ""400 aceite de oliva virgen extra""]",N/A,N/A,N/A,N/A,"[""Guarniciones"", ""Vegana"", ""Salsas""]"
Salsa boloñesa,https://recetas.lidl.es/recetas/salsa-bolonesa,4,"[""400 tomates"", ""1 ajo"", ""1 cebolla dulce"", ""1 zanahoria"", ""500 aceite de oliva virgen extra"", ""250 carne picada mixta"", ""1 vino tinto"", ""250 apio""]",N/A,N/A,N/A,N/A,"[""Guarniciones"", ""Salsas""]"
Salsa bechamel,https://recetas.lidl.es/recetas/salsa-bechamel,6,"[""800 leche"", ""80 mantequilla"", ""80 harina de trigo""]",N/A,N/A,N/A,N/A,"[""Guarniciones"", ""Salsas""]"
Salsa teriyaki,https://recetas.lidl.es/recetas/salsa-teriyaki,6,"[""70 vino tinto"", ""300 salsa de soja"", ""150 vinagre de manzana"", ""10 jengibre"", ""1 ajo granulado"", ""4 miel"", ""30 harina de ma\u00edz""]",N/A,N/A,N/A,N/A,"[""Guarniciones"", ""Salsas""]"
Salsa de yogur,https://recetas.lidl.es/recetas/salsa-de-yogur,5,"[""4 yogur griego"", ""1 ajo"", ""1 lim\u00f3n""]",N/A,N/A,N/A,N/A,"[""Guarniciones"", ""Salsas""]"
Salsa barbacoa,https://recetas.lidl.es/recetas/salsa-barbacoa,4,"[""2 ajos"", ""1 cebolla dulce"", ""400 aceite de oliva virgen extra"", ""2 tomate triturado"", ""3 mostaza"", ""60 miel"", ""45 vinagre bals\u00e1mico"", ""1 limones""]",N/A,N/A,N/A,N/A,"[""Guarniciones"", ""Salsas""]"
Natillas de chocolate de Halloween,https://recetas.lidl.es/recetas/natillas-de-chocolate-de-halloween,6,"[""6 mandarinas"", ""250 ml leche"", ""90 g cobertura de chocolate con leche"", ""3 huevos"", ""16 g az\u00facar avainillado"", ""8 g harina de ma\u00edz""]",220 kCal,38.22 g,4.33 g,6.03 g,"[""Postres"", ""Postres y Dulces"", ""Halloween""]"
Salsa roquefort,https://recetas.lidl.es/recetas/salsa-roquefort,4,"[""10 mantequilla"", ""150 queso roquefort"", ""70 brandy"", ""300 nata""]",N/A,N/A,N/A,N/A,"[""Guarniciones"", ""Vegetariana"", ""Salsas""]"
Salsa americana,https://recetas.lidl.es/recetas/salsa-americana,6,"[""2 ajos"", ""1 cebolla dulce"", ""2 zanahorias"", ""100 aceite de oliva virgen extra"", ""100 vino blanco"", ""250 brandy"", ""500 tomate triturado"", ""30 caldo de pescado""]",N/A,N/A,N/A,N/A,"[""Guarniciones"", ""Salsas""]"
Salsa rosa,https://recetas.lidl.es/recetas/salsa-rosa,6,"[""1 huevo"", ""200 limones"", ""80 aceite de girasol"", ""15 k\u00e9tchup"", ""3 brandy""]",N/A,N/A,N/A,N/A,"[""Guarniciones"", ""Salsas""]"
Salsa cheddar,https://recetas.lidl.es/recetas/salsa-cheddar,4,"[""200 queso cheddar"", ""500 leche"", ""50 mantequilla"", ""50 harina de trigo""]",N/A,N/A,N/A,N/A,"[""Guarniciones"", ""Salsas""]"
Empanadillas de calabaza,https://recetas.lidl.es/recetas/empanadillas-de-calabaza,4,"[""300 g calabazas"", ""1 mitad agua"", ""125 g sal"", ""1 mitad cebolla dulce"", ""2 uds calabacines"", ""1 berenjena""]",660 kCal,73.43 g,11.38 g,35.6 g,"[""Aperitivos"", ""Pan y Masas"", ""Fruta y Verdura"", ""Halloween""]"
"Pizza de Come, Reza, Ama",https://recetas.lidl.es/recetas/pizza-de-come-reza-ama,2,"[""2 dientes ajos"", ""1 cebolla"", ""300 g aceite de oliva"", ""1 tomate frito"", ""125 g sal""]",N/A,N/A,N/A,N/A,"[""Primeros"", ""Pasta y Pizza"", ""Vegetariana""]"
Chips de piel de patata,https://recetas.lidl.es/recetas/chips-de-piel-de-patata,4,"[""350 g piel de patata"", ""1 diente ajo"", ""1 mitad or\u00e9gano""]",124 kCal,13.98 g,6.83 g,5.21 g,"[""Aperitivos"", ""Fruta y Verdura"", ""Vegetariana"", ""Recetas de aprovechamiento""]"
Budín de pan,https://recetas.lidl.es/recetas/budin-de-pan,10,"[""200 ml agua"", ""4 cucharadas az\u00facar moreno""]",199 kCal,30.08 g,8.61 g,4.8 g,"[""Postres"", ""Postres y Dulces"", ""Recetas de aprovechamiento""]"
Canapés de salmón y delicias del mar,https://recetas.lidl.es/recetas/canapes-de-salmon-y-delicias-del-mar,5,"[""50 g puerros"", ""15 ml aceite de oliva"", ""200 g delicias del mar con gambas ocean sea"", ""200 g aguacates"", ""300 g salm\u00f3n ahumado"", ""20 g salsa de eneldo"", ""4 rebanadas pan de molde"", ""3 g pimienta""]",698 kCal,71 g,23.5 g,31.4 g,"[""Aperitivos"", ""Pescado y Marisco"", ""Navidad""]"
Veggie pizza,https://recetas.lidl.es/recetas/veggie-pizza,2,"[""100 g quinoa"", ""3 g agua""]",N/A,N/A,N/A,N/A,"[""Segundos"", ""Primeros"", ""Fruta y Verdura"", ""Vegetariana""]"
Ensalada de mozzarella,https://recetas.lidl.es/recetas/ensalada-de-mozzarella,4,"[""1 calabac\u00edn"", ""3 aceite de oliva virgen extra"", ""150 g sal"", ""8 g mozzarella"", ""1 cucharadita salm\u00f3n ahumado"", ""60 g can\u00f3nigos""]",N/A,N/A,N/A,N/A,"[""Primeros"", ""L\u00e1cteos y Huevos"", ""Pescado y Marisco"", ""Fruta y Verdura""]"
Ensalada de farfalle,https://recetas.lidl.es/recetas/ensalada-de-farfalle,2,"[""300 g agua"", ""60 g sal"", ""1 farfalle"", ""1 aceite de oliva virgen extra"", ""35 g cebollas rojas"", ""40 g manzana golden""]",N/A,N/A,N/A,N/A,"[""Primeros"", ""Pasta y Pizza"", ""Fruta y Verdura"", ""Vegetariana""]"
Calabaza al horno con pesto,https://recetas.lidl.es/recetas/calabaza-al-horno-con-pesto,2,"[""1 mitad calabaza""]",N/A,N/A,N/A,N/A,"[""Aperitivos"", ""Fruta y Verdura"", ""Vegetariana""]"
Tacos de champiñones,https://recetas.lidl.es/recetas/tacos-de-champinones,2,"[""1 aguacate"", ""1 sal"", ""1 pepino"", ""60 g mango"", ""1 cebollas rojas"", ""6 lima"", ""300 g champi\u00f1\u00f3n portobello"", ""0.5 aceite de oliva virgen extra"", ""4 gambas""]",N/A,N/A,N/A,N/A,"[""Segundos"", ""Primeros"", ""Pescado y Marisco"", ""Fruta y Verdura""]"
Smoothie de verduras,https://recetas.lidl.es/recetas/smoothie-de-verduras,4,"[""1 pepino"", ""100 g apios"", ""1 aguacate"", ""1 yogur natural"", ""200 g cubitos de hielo""]",N/A,N/A,N/A,N/A,"[""Bebidas"", ""Fruta y Verdura"", ""Vegetariana"", ""Verano""]"
Pollo en salsa de naranja,https://recetas.lidl.es/recetas/pollo-en-salsa-de-naranja,4,"[""60 g aceite de oliva"", ""180 g cebollas"", ""1 cucharada zanahorias"", ""2 harina"", ""4 zumo de naranja"", ""1 sal""]",N/A,N/A,N/A,N/A,"[""Segundos"", ""Carne y Aves""]"
Redondo de cerdo asado,https://recetas.lidl.es/recetas/redondo-de-cerdo-asado,5,"[""1 redondo de cerdo relleno de jam\u00f3n y queso"", ""150 g sal"", ""180 g pimienta"", ""100 ml aceite de oliva""]",N/A,N/A,N/A,N/A,"[""Segundos"", ""Carne y Aves""]"
Ensalada de pera y rúcula,https://recetas.lidl.es/recetas/ensalada-de-pera-y-rucula,2,"[""3 peras"", ""1 lima"", ""50 g coliflor"", ""30 g r\u00facula"", ""60 g jam\u00f3n serrano"", ""100 g yogur griego""]",N/A,N/A,N/A,N/A,"[""Primeros"", ""Fruta y Verdura""]"
Arroz integral con alcachofas,https://recetas.lidl.es/recetas/arroz-integral-con-alcachofas,2,"[""2 alcachofas"", ""1 lim\u00f3n"", ""60 g aceite de oliva virgen extra"", ""1 bolsa cebollas rojas"", ""150 g pimiento tricolor"", ""320 ml arroz integral"", ""8 caldo de pescado""]",N/A,N/A,N/A,N/A,"[""Primeros"", ""Arroz, Legumbres y Cereales"", ""Fruta y Verdura""]"
Berenjena rellena de quinoa,https://recetas.lidl.es/recetas/berenjena-rellena-de-quinoa,4,"[""2 berenjenas"", ""45 g aceite de oliva"", ""75 g pimientos verdes"", ""150 g calabazas"", ""380 ml quinoa"", ""150 g agua"", ""60 g sal""]",N/A,N/A,N/A,N/A,"[""Primeros"", ""Fruta y Verdura"", ""Vegetariana""]"
Coulant de chocolate blanco,https://recetas.lidl.es/recetas/coulant-de-chocolate-blanco,4,"[""125 ml nata montada"", ""100 g chocolate blanco"", ""25 g margarina""]",N/A,N/A,N/A,N/A,"[""Postres"", ""Postres y Dulces"", ""Vegetariana"", ""Cumplea\u00f1os""]"
Brochetas de longaniza,https://recetas.lidl.es/recetas/brochetas-de-longaniza,4,"[""8 salchichas"", ""1 mitad pimiento rojo"", ""60 g cebollas rojas"", ""125 g calabacines"", ""100 g calabazas""]",N/A,N/A,N/A,N/A,"[""Segundos"", ""Carne y Aves""]"
Croque Madame,https://recetas.lidl.es/recetas/croque-madame,2,"[""4 rebanadas hogazas de centeno"", ""8 lonchas jam\u00f3n cocido"", ""2 lonchas queso tierno"", ""4 cucharadas bechamel"", ""2 queso grana padano"", ""200 g aceite de oliva virgen extra""]",N/A,N/A,N/A,N/A,"[""Segundos"", ""L\u00e1cteos y Huevos"", ""Recetas de bocadillos y tostadas""]"
Palmeritas de hojaldre saladas,https://recetas.lidl.es/recetas/palmeritas-de-hojaldre-saladas,10,"[""50 g anchoas en aceite"", ""100 g aceitunas negras"", ""25 g alcaparras"", ""60 g pimientos del piquillo"", ""1 hojaldre"", ""1 mayonesa""]",123 kCal,4.5 g,4.52 g,9.45 g,"[""Aperitivos"", ""Pan y Masas"", ""Fruta y Verdura"", ""P\u00edcnic"", ""Recetas con conservas""]"
Hojaldres rellenos de calabaza y pera,https://recetas.lidl.es/recetas/hojaldres-rellenos-de-calabaza-y-pera,6,"[""200 g calabazas"", ""300 ml leche de coco"", ""30 g d\u00e1tiles"", ""1 pera"", ""2 l\u00e1minas hojaldre vegano chef select""]",189 kCal,21.72 g,2.4 g,9.65 g,"[""Aperitivos"", ""Pan y Masas"", ""Fruta y Verdura"", ""Vegetariana"", ""Vegana"", ""P\u00edcnic""]"
Macarrones boloñesa de lentejas,https://recetas.lidl.es/recetas/macarrones-bolonesa-de-lentejas,4,"[""1 cebolla dulce"", ""1 aceite de oliva virgen extra"", ""2 ramas sal"", ""400 g zanahoria"", ""600 g apios"", ""400 g lentejas"", ""100 g tomate triturado""]",737 kCal,105.37 g,30.32 g,18.75 g,"[""Segundos"", ""Primeros"", ""Arroz, Legumbres y Cereales"", ""Pasta y Pizza"", ""Vegetariana"", ""Vegana"", ""La Cocina de Lidl""]"
Rollitos de atún,https://recetas.lidl.es/recetas/rollitos-de-atun,4,"[""8 rebanadas pan de molde"", ""8 lonchas queso emmental"", ""2 tomates"", ""80 g pimientos verdes"", ""240 g at\u00fan en aceite"", ""2 huevos""]",754 kCal,50.87 g,39.8 g,43.32 g,"[""Aperitivos"", ""Primeros"", ""Pan y Masas"", ""Pescado y Marisco"", ""Fruta y Verdura"", ""P\u00edcnic"", ""Recetas con conservas""]"
"Smoothie de plátano, avena y café",https://recetas.lidl.es/recetas/smoothie-de-platano-avena-y-cafe,4,"[""3 pl\u00e1tanos"", ""60 g copos de avena"", ""400 ml leche semidesnatada"", ""1 cucharada caf\u00e9 soluble"", ""2 cucharadas miel""]",240 kCal,44.72 g,7.07 g,4.07 g,"[""Postres"", ""Postres y Dulces"", ""Bebidas"", ""Vegetariana"", ""Verano""]"
Estofado de ternera al vino tinto,https://recetas.lidl.es/recetas/estofado-de-ternera-al-vino-tinto,4,"[""600 g ternera"", ""2 dientes sal"", ""1 pimienta"", ""1 harina de trigo"", ""250 ml aceite de oliva virgen extra"", ""400 ml ajos"", ""1 cebolla dulce""]",637 kCal,24.06 g,53.33 g,30.34 g,"[""Segundos"", ""Carne y Aves""]"
Papas aliñás con manzana y yogur,https://recetas.lidl.es/recetas/papas-alinas-con-manzana-y-yogur,4,"[""4 patatas"", ""2 ramas agua"", ""2 g sal"", ""15 g piel de manzana"", ""2 apios"", ""1 tomillo""]",415 kCal,53.57 g,18.06 g,12.47 g,"[""Aperitivos"", ""Primeros"", ""Pescado y Marisco"", ""Fruta y Verdura"", ""Verano"", ""La Cocina de Lidl"", ""Recetas con conservas""]"
Curry de pollo y calabaza,https://recetas.lidl.es/recetas/curry-de-pollo-y-calabaza,2,"[""400 g solomillos de pollo"", ""100 g aceite de coco"", ""2 dientes cebollas"", ""200 g ajos"", ""300 g champi\u00f1ones"", ""200 ml calabazas""]",815 kCal,47.94 g,42.71 g,48.73 g,"[""Segundos"", ""Carne y Aves"", ""Fruta y Verdura"", ""La Cocina de Lidl""]"
Solomillo de cerdo con habas y salsa de manzana,https://recetas.lidl.es/recetas/solomillo-de-cerdo-con-habas-y-salsa-de-manzana,4,"[""1 aceite de oliva virgen extra""]",672 kCal,32.59 g,51.16 g,36.82 g,"[""Segundos"", ""Carne y Aves"", ""Fruta y Verdura""]"
Plato combinado de verduras,https://recetas.lidl.es/recetas/plato-combinado-de-verduras,2,"[""180 g zanahorias"", ""350 g calabazas"", ""2 patatas"", ""400 g sal"", ""200 g pimienta"", ""400 ml hierbas arom\u00e1ticas"", ""200 g aceite de oliva virgen extra"", ""1 br\u00f3coli""]",1317 kCal,72.28 g,30.53 g,95.88 g,"[""Segundos"", ""Primeros"", ""Fruta y Verdura"", ""Vegetariana"", ""Vegana"", ""La Cocina de Lidl""]"
Patatas rellenas de carne picada con salsa de yogur,https://recetas.lidl.es/recetas/patatas-rellenas-de-carne-picada-con-salsa-de-yogur,4,"[""4 patatas""]",329 kCal,15.7 g,16.31 g,21.35 g,"[""Segundos"", ""Primeros"", ""Carne y Aves"", ""Fruta y Verdura"", ""Verano"", ""P\u00edcnic"", ""La Cocina de Lidl""]"
Vasitos de leche de almendra y granada,https://recetas.lidl.es/recetas/vasitos-de-leche-de-almendra-y-granada,4,"[""60 g lino"", ""200 ml leche de almendras"", ""2 yogur natural"", ""120 ml agua"", ""4 cucharadas az\u00facar moreno"", ""200 g uvas rojas"", ""400 g granadas"", ""60 g almendras tostadas""]",565 kCal,74.19 g,12.91 g,23.16 g,"[""Postres"", ""Postres y Dulces"", ""Fruta y Verdura"", ""Vegetariana""]"
Hummus de tronco de brócoli,https://recetas.lidl.es/recetas/hummus-de-tronco-de-brocoli,4,"[""400 g br\u00f3coli"", ""1 diente agua"", ""45 g cubitos de hielo"", ""100 ml ajo""]",453 kCal,5.9 g,7.24 g,42.94 g,"[""Aperitivos"", ""Fruta y Verdura"", ""Vegetariana"", ""Vegana"", ""Verano"", ""Recetas de aprovechamiento""]"
Galletas sin gluten con bebida de coco,https://recetas.lidl.es/recetas/galletas-sin-gluten-con-bebida-de-coco,5,"[""300 g avellanas tostadas"", ""2 cucharadas az\u00facar moreno"", ""5 g levadura"", ""1 huevo"", ""50 g mantequilla"", ""100 ml leche de coco"", ""80 g chocolate negro""]",618 kCal,23.32 g,9.93 g,53.76 g,"[""Postres"", ""Postres y Dulces"", ""Sin gluten"", ""Vegetariana"", ""Cumplea\u00f1os""]"
Alubias blancas a la vinagreta,https://recetas.lidl.es/recetas/alubias-blancas-a-la-vinagreta,4,"[""2 huevos"", ""210 g pimientos rojos"", ""400 g alubias blancas"", ""60 ml sal"", ""30 ml aceite de oliva virgen extra""]",289 kCal,14.1 g,10.39 g,19.6 g,"[""Aperitivos"", ""Primeros"", ""Arroz, Legumbres y Cereales"", ""Fruta y Verdura"", ""Vegetariana""]"
Tostas de salmón,https://recetas.lidl.es/recetas/tostas-de-salmon,4,"[""4 tostas ecol\u00f3gicas"", ""80 g queso fresco"", ""200 g tomates"", ""240 g aguacates"", ""200 g salm\u00f3n ahumado""]",301 kCal,8.27 g,16.25 g,21.3 g,"[""Aperitivos"", ""Pescado y Marisco"", ""Fruta y Verdura"", ""Verano"", ""Recetas de bocadillos y tostadas""]"
Tarta de limón sin horno,https://recetas.lidl.es/recetas/tarta-de-limon-sin-horno,4,"[""112 g copos de avena"", ""22 g nueces"", ""22 g pistachos"", ""1 cucharadita canela"", ""60 g sirope de agave""]",458 kCal,41.16 g,9.43 g,8.98 g,"[""Postres"", ""Postres y Dulces"", ""Fruta y Verdura"", ""Vegetariana"", ""Vegana"", ""Verano""]"
Ensalada con frutas de temporada,https://recetas.lidl.es/recetas/ensalada-con-frutas-de-temporada,4,"[""300 g sandias"", ""1 zanahoria"", ""250 g nectarinas"", ""175 g ciruelas amarillas"", ""1 bolsa can\u00f3nigos"", ""1 queso grana padano"", ""70 ml lima""]",295 kCal,17.12 g,6.62 g,21.27 g,"[""Aperitivos"", ""Primeros"", ""Fruta y Verdura"", ""Vegetariana"", ""Verano"", ""P\u00edcnic""]"
Huevos rellenos de aguacate y salmón,https://recetas.lidl.es/recetas/huevos-rellenos-de-aguacate-y-salmon,4,"[""4 agua"", ""1 sal"", ""150 g huevos"", ""1 tomate"", ""1 salm\u00f3n ahumado"", ""80 g yogur natural""]",279 kCal,4.05 g,18.19 g,20.39 g,"[""Aperitivos"", ""Primeros"", ""L\u00e1cteos y Huevos"", ""Pescado y Marisco"", ""Fruta y Verdura"", ""Verano""]"
Daiquiri de frutos rojos,https://recetas.lidl.es/recetas/daiquiri-de-frutos-rojos,4,"[""100 ml cubitos de hielo"", ""2 cucharadas ron blanco"", ""100 ml az\u00facar"", ""100 ml zumo de lim\u00f3n""]",109 kCal,9.23 g,0.55 g,0.32 g,"[""Bebidas"", ""Fruta y Verdura"", ""Verano""]"
Milhojas de nata y crema de avellanas,https://recetas.lidl.es/recetas/milhojas-de-nata-y-crema-de-avellanas,4,"[""300 ml leche"", ""2 huevos"", ""20 g harina de ma\u00edz"", ""3 cucharadas az\u00facar"", ""150 g choconussa""]",719 kCal,75.89 g,10.52 g,40.84 g,"[""Postres"", ""Postres y Dulces"", ""Fruta y Verdura"", ""Vegetariana""]"
Batido de sandía,https://recetas.lidl.es/recetas/batido-de-sandia,4,"[""650 g sandias"", ""1 yogur griego"", ""250 ml leche de coco""]",142 kCal,24.05 g,2.32 g,3.81 g,"[""Postres"", ""Bebidas"", ""Fruta y Verdura"", ""Vegetariana"", ""Verano""]"
Trufas  de naranja,https://recetas.lidl.es/recetas/trufas-de-naranja,4,"[""500 g anacardos"", ""120 g d\u00e1tiles"", ""1 naranja"", ""80 ml aceite de coco""]",1300 kCal,77.24 g,28.3 g,94.46 g,"[""Postres"", ""Postres y Dulces"", ""Vegetariana"", ""Vegana"", ""P\u00edcnic""]"
Carpaccio de calabacín,https://recetas.lidl.es/recetas/carpaccio-de-calabacin,4,"[""100 g calabacines"", ""180 g tomates cherry"", ""65 ml can\u00f3nigos"", ""1 sal""]",229 kCal,3.77 g,4.36 g,21.05 g,"[""Aperitivos"", ""Primeros"", ""Fruta y Verdura"", ""Vegetariana"", ""Verano""]"
Empanada de pollo con verduras,https://recetas.lidl.es/recetas/empanada-de-pollo-con-verduras,8,"[""1 cebolla"", ""200 g calabacines"", ""100 g champi\u00f1\u00f3n portobello"", ""230 g aceite de oliva virgen extra"", ""30 ml pechugas de pollo"", ""100 ml salsa de soja"", ""2 l\u00e1minas bechamel"", ""1 masa quebrada""]",142 kCal,4.6 g,15.36 g,6.73 g,"[""Segundos"", ""Primeros"", ""Carne y Aves"", ""Pan y Masas"", ""Fruta y Verdura"", ""P\u00edcnic""]"
Helado de plátano,https://recetas.lidl.es/recetas/helado-de-platano,6,"[""60 g pasas"", ""300 g queso de untar"", ""3 huevos"", ""300 g pl\u00e1tanos"", ""250 ml leche""]",239 kCal,28.5 g,9.18 g,9.11 g,"[""Postres"", ""Postres y Dulces"", ""Fruta y Verdura"", ""Vegetariana"", ""Verano""]"
Gazpacho de remolacha,https://recetas.lidl.es/recetas/gazpacho-de-remolacha,8,"[""500 g tomates"", ""250 g remolachas"", ""1 pimiento verde"", ""1 cebolleta"", ""1 pepino"", ""1 diente de ajo"", ""60 ml vinagre de manzana"", ""150 ml agua""]",79 kCal,6.84 g,2.38 g,3.99 g,"[""Primeros"", ""Sopas y Cremas"", ""Fruta y Verdura"", ""Vegetariana"", ""Verano""]"
Rollitos de pavo y verduras,https://recetas.lidl.es/recetas/rollitos-de-pavo-y-verduras,4,"[""2 yogur griego"", ""40 g limas"", ""4 g hierbas arom\u00e1ticas"", ""4 tortillas de trigo"", ""80 g espinacas"", ""200 g pechuga de pavo"", ""1 pepino"", ""1 zanahoria""]",251 kCal,28.28 g,14.29 g,8.7 g,"[""Aperitivos"", ""Primeros"", ""Carne y Aves"", ""Fruta y Verdura"", ""P\u00edcnic"", ""Verano"", ""Recetas de bocadillos y tostadas""]"
Tortilla de garbanzos con bechamel vegana,https://recetas.lidl.es/recetas/tortilla-de-garbanzos-con-bechamel-vegana,6,"[""1 pimiento verde"", ""150 g berenjenas"", ""1 puerro"", ""80 g tomates cherry"", ""30 ml aceite de oliva suave"", ""50 g harina de trigo"", ""400 ml bebida de arroz"", ""2 sal""]",337 kCal,45.16 g,7.77 g,17.64 g,"[""Segundos"", ""Primeros"", ""Fruta y Verdura"", ""Vegetariana"", ""Vegana""]"
Clafoutis de cereza,https://recetas.lidl.es/recetas/clafoutis-de-cereza,8,"[""3 huevos"", ""3 az\u00facar moreno"", ""150 harina de trigo"", ""65 mantequilla"", ""250 leche"", ""500 cerezas""]",245 kCal,26.76 g,6.11 g,12.44 g,"[""Postres"", ""Postres y Dulces"", ""Fruta y Verdura"", ""Vegetariana"", ""Francia"", ""Cumplea\u00f1os""]"
Granizado multifrutas con helado de yogur,https://recetas.lidl.es/recetas/granizado-multifrutas-con-helado-de-yogur,10,"[""3 cucharadas miel"", ""500 g naranjas"", ""1 mango"", ""160 g kiwis"", ""400 g sandias"", ""250 g cubitos de hielo"", ""20 g helado de yogur"", ""10 g avellanas tostadas""]",144 kCal,22.86 g,1.72 g,4.73 g,"[""Postres"", ""Postres y Dulces"", ""Fruta y Verdura"", ""Vegetariana"", ""Verano""]"
Coca de San Juan,https://recetas.lidl.es/recetas/coca-de-san-juan,12,"[""275 g harina de fuerza"", ""2 cucharadas sal"", ""1 cucharada az\u00facar"", ""2 miel"", ""50 ml naranjas"", ""100 ml anises"", ""2 leche"", ""40 g huevos"", ""15 g mantequilla"", ""275 g levadura fresca"", ""2 cucharadas harina de fuerza"", ""1 cucharada az\u00facar"", ""50 ml miel"", ""100 ml anises"", ""40 g leche"", ""15 g mantequilla""]",185 kCal,19.33 g,5.63 g,6.85 g,"[""Postres"", ""Postres y Dulces"", ""Vegetariana"", ""Regiones de Espa\u00f1a"", ""Verano""]"
Macedonia,https://recetas.lidl.es/recetas/macedonia,4,"[""1 pera"", ""160 g nectarinas"", ""140 g kiwis"", ""150 g cerezas"", ""100 g ar\u00e1ndanos azules"", ""600 g naranjas"", ""1 lima""]",144 kCal,28.02 g,2.51 g,0.83 g,"[""Postres"", ""Postres y Dulces"", ""Fruta y Verdura"", ""Vegetariana"", ""Vegana"", ""Verano""]"
Tataki de atún con salmorejo,https://recetas.lidl.es/recetas/tataki-de-atun-con-salmorejo,4,"[""400 g tomates"", ""50 g panes duros"", ""1 diente ajo"", ""50 ml sal""]",350 kCal,14.1 g,21.26 g,22.55 g,"[""Segundos"", ""Pescado y Marisco"", ""Fruta y Verdura""]"
Tartaletas de cacao con frambuesas,https://recetas.lidl.es/recetas/tartaletas-de-cacao-con-frambuesas,4,"[""300 g almendras"", ""120 g d\u00e1tiles"", ""80 ml aceite de coco""]",1326 kCal,100.83 g,31.55 g,89.73 g,"[""Postres"", ""Postres y Dulces"", ""Fruta y Verdura"", ""Vegetariana"", ""Vegana"", ""P\u00edcnic""]"
Verduras al horno,https://recetas.lidl.es/recetas/verduras-al-horno,6,"[""170 g calabacines"", ""150 g berenjenas"", ""250 g zanahorias"", ""200 g br\u00f3coli"", ""200 g remolachas""]",183 kCal,11.66 g,8.23 g,10.4 g,"[""Aperitivos"", ""Primeros"", ""Fruta y Verdura"", ""Vegetariana"", ""Vegana""]"
Patatas especiadas al horno con guacamole,https://recetas.lidl.es/recetas/patatas-especiadas-al-horno-con-guacamole,4,"[""600 g patatas""]",225 kCal,11.94 g,3.24 g,17.24 g,"[""Aperitivos"", ""Primeros"", ""Fruta y Verdura"", ""Vegetariana"", ""Vegana"", ""Verano"", ""P\u00edcnic""]"
Brownie sin gluten,https://recetas.lidl.es/recetas/brownie-sin-gluten,5,"[""85 g agua"", ""200 g mantequilla"", ""150 g chocolate negro"", ""4 d\u00e1tiles"", ""35 g huevos"", ""85 g harina de ma\u00edz"", ""200 g mezcla de frutos secos"", ""150 g mantequilla"", ""35 g chocolate negro""]",573 kCal,30.85 g,8.44 g,43.47 g,"[""Desayunos y Meriendas"", ""Postres"", ""Postres y Dulces"", ""Sin gluten"", ""Cumplea\u00f1os""]"
Mousse de fresa,https://recetas.lidl.es/recetas/mousse-de-fresa,6,"[""500 g fresas"", ""3 cucharadas miel"", ""250 ml agua"", ""200 g queso de untar"", ""200 ml nata montada""]",294 kCal,19.85 g,4.39 g,21.59 g,"[""Postres"", ""Postres y Dulces"", ""Fruta y Verdura"", ""Vegetariana""]"
Butifarra a la brasa con alioli,https://recetas.lidl.es/recetas/butifarra-a-la-brasa-con-alioli,4,"[""5 dientes ajos""]",441 kCal,3.65 g,7.06 g,44.16 g,"[""Segundos"", ""Carne y Aves""]"
Aperitivo israelí,https://recetas.lidl.es/recetas/aperitivo-israeli,6,"[""110 g cebollas"", ""300 g berenjenas"", ""1 cucharadita aceite de oliva"", ""1 cucharadita sal"", ""2 g pimienta"", ""50 g curry"", ""50 g comino"", ""1 l\u00e1mina hierbabuena"", ""1 queso feta""]",288 kCal,19.9 g,8.54 g,18.76 g,"[""Aperitivos"", ""Pan y Masas"", ""Fruta y Verdura"", ""Vegetariana"", ""Oriente"", ""Recetas del Mundo""]"
Pimientos rellenos de carne,https://recetas.lidl.es/recetas/pimientos-rellenos-de-carne,4,"[""2 dientes ajos"", ""1 cebolla dulce"", ""400 g aceite de oliva"", ""100 ml carne picada mixta"", ""300 ml vino tinto"", ""300 g tomate frito""]",625 kCal,33.9 g,24 g,41.5 g,"[""Aperitivos"", ""Primeros"", ""Carne y Aves"", ""Fruta y Verdura"", ""La Cocina de Lidl""]"
Hojaldre con pimientos asados,https://recetas.lidl.es/recetas/hojaldre-con-pimientos-asados,6,"[""1 l\u00e1mina de hojaldre"", ""3 dientes ajos"", ""400 g aceite de oliva virgen extra"", ""100 g pimientos del piquillo"", ""40 ml queso de cabra""]",298 kCal,21.94 g,7.22 g,16.11 g,"[""Aperitivos"", ""Pan y Masas"", ""Fruta y Verdura"", ""Vegetariana"", ""P\u00edcnic"", ""Recetas de bocadillos y tostadas"", ""Recetas con conservas""]"
Tarta de queso al horno,https://recetas.lidl.es/recetas/tarta-de-queso-al-horno,8,"[""100 g galletas"", ""50 g mantequilla"", ""400 g mascarpones"", ""250 ml leche"", ""4 cucharadas az\u00facar moreno"", ""90 g harina de trigo""]",550 kCal,42.36 g,6.16 g,39.62 g,"[""Postres"", ""Postres y Dulces"", ""Vegetariana"", ""Cumplea\u00f1os""]"
Pastelitos de verdura,https://recetas.lidl.es/recetas/pastelitos-de-verdura,6,"[""150 g zanahorias"", ""1 pimiento rojo"", ""15 ml aceite de oliva suave"", ""150 g espinacas"", ""100 g queso emmental"", ""3 huevos"", ""80 ml leche"", ""200 g harina de trigo"", ""15 g levadura""]",424 kCal,57.25 g,18.16 g,13.13 g,"[""Aperitivos"", ""Fruta y Verdura"", ""Vegetariana"", ""P\u00edcnic""]"
Ensalada de cogollos,https://recetas.lidl.es/recetas/ensalada-de-cogollos,2,"[""1 zanahoria"", ""1 cebolleta"", ""1 aguacate"", ""1 tomate"", ""1 cogollo"", ""1 sal"", ""1 lima""]",652 kCal,24.87 g,16.71 g,52.47 g,"[""Aperitivos"", ""Fruta y Verdura"", ""Vegetariana"", ""Verano"", ""P\u00edcnic""]"
Pollo al vino Montilla-Moriles,https://recetas.lidl.es/recetas/pollo-al-vino-montilla-moriles,4,"[""3 dientes ajos"", ""1 cebolla dulce"", ""2 aceite de oliva"", ""1100 g hojas de laurel"", ""100 g muslos de pollo"", ""75 g sal"", ""300 ml pimienta"", ""100 ml almendras"", ""200 ml taquitos de jam\u00f3n""]",537 kCal,3.95 g,37.85 g,35.22 g,"[""Segundos"", ""Carne y Aves"", ""Sin gluten""]"
Pinchos de embutidos ibéricos,https://recetas.lidl.es/recetas/pinchos-de-embutidos-ibericos,10,"[""2 panecillos integrales"", ""150 g queso fresco"", ""50 g salchichas"", ""2 panecillos"", ""50 g lomos de cerdo"", ""30 g queso de oveja"", ""75 g tomates cherry"", ""1 barra de pan"", ""20 g perejil"", ""150 g can\u00f3nigos"", ""50 g queso tierno""]",N/A,N/A,N/A,N/A,"[""Aperitivos"", ""Recetas de bocadillos y tostadas"", ""Recetas con embutidos y quesos""]"
Fingers de queso y bacon,https://recetas.lidl.es/recetas/fingers-de-queso-y-bacon,4,"[""4 filetes mozzarella"", ""4 lonchas lomos de cerdo""]",N/A,N/A,N/A,N/A,"[""Aperitivos"", ""L\u00e1cteos y Huevos"", ""Carne y Aves""]"
Huevos benedictinos,https://recetas.lidl.es/recetas/huevos-benedictinos,2,"[""3 cucharadas sal"", ""4 vinagre"", ""1 cucharada huevos"", ""55 g mostaza"", ""1 mantequilla"", ""4 l\u00e1minas panecillo"", ""60 ml brotes tiernos""]",N/A,N/A,N/A,N/A,"[""Primeros"", ""L\u00e1cteos y Huevos"", ""Pescado y Marisco""]"
Flan de queso sin lactosa,https://recetas.lidl.es/recetas/flan-de-queso-sin-lactosa,2,"[""15 ml agua"", ""60 g miel"", ""1 cucharadita canela molida""]",N/A,N/A,N/A,N/A,"[""Postres"", ""Postres y Dulces"", ""Sin lactosa""]"
Tarta de pera,https://recetas.lidl.es/recetas/tarta-de-pera,8,"[""1 l\u00e1mina mantequilla"", ""350 g masa quebrada"", ""3 crema de queso fresco"", ""235 ml huevos"", ""25 g leche evaporada""]",N/A,N/A,N/A,N/A,"[""Postres"", ""Pan y Masas"", ""Postres y Dulces"", ""Vegetariana""]"
Milhojas de chocolate,https://recetas.lidl.es/recetas/milhojas-de-chocolate,2,"[""220 g cobertura de chocolate con leche"", ""1 hojaldre"", ""200 g huevo""]",N/A,N/A,N/A,N/A,"[""Postres"", ""Postres y Dulces"", ""Fruta y Verdura"", ""Vegetariana"", ""San Valent\u00edn""]"
Huevos de Pascua,https://recetas.lidl.es/recetas/huevos-de-pascua,4,"[""180 g sobaos la cestera"", ""75 g queso fresco"", ""25 g az\u00facar glas"", ""200 g chocolate blanco""]",N/A,N/A,N/A,N/A,"[""Postres"", ""Postres y Dulces"", ""Pascua""]"
Tarta de fresas y chocolate,https://recetas.lidl.es/recetas/tarta-de-fresas-y-chocolate,8,"[""1 l\u00e1mina mantequilla"", ""3 hojaldre"", ""200 g huevos"", ""130 g crema de queso fresco"", ""30 g choconussa"", ""1 sobre harina"", ""200 ml az\u00facar avainillado"", ""5 leche de almendras"", ""1 sobre fresas"", ""250 ml cobertura de gelatina""]",N/A,N/A,N/A,N/A,"[""Postres"", ""Postres y Dulces"", ""Pan y Masas"", ""Cumplea\u00f1os""]"
Desayuno sorpresa con frutas,https://recetas.lidl.es/recetas/desayuno-sorpresa-con-frutas,1,"[""2 rebanadas hogaza campe\u00f3n del mundo"", ""90 g queso de untar"", ""40 g jam\u00f3n cocido""]",N/A,N/A,N/A,N/A,"[""Desayunos y Meriendas"", ""Fruta y Verdura"", ""D\u00eda del Padre"", ""Recetas de bocadillos y tostadas""]"
Huevos rellenos de bacalao con bechamel sin gluten,https://recetas.lidl.es/recetas/huevos-rellenos-de-bacalao-con-bechamel-sin-gluten,4,"[""4 sal"", ""2 huevos"", ""125 g tomates"", ""250 g calabacines"", ""80 g aceite de oliva virgen extra""]",550 kCal,12.81 g,60.8 g,27.54 g,"[""Aperitivos"", ""L\u00e1cteos y Huevos"", ""Sin gluten""]"
Leche frita al horno sin lactosa,https://recetas.lidl.es/recetas/leche-frita-al-horno-sin-lactosa,5,"[""500 ml leche sin lactosa"", ""1 cucharadita canela"", ""1 lim\u00f3n"", ""25 g harina de ma\u00edz"", ""3 huevos""]",137 kCal,15.77 g,6.92 g,5.26 g,"[""Postres"", ""Postres y Dulces"", ""Sin lactosa""]"
Pan de leche sin lactosa,https://recetas.lidl.es/recetas/pan-de-leche-sin-lactosa,10,"[""250 g harina de fuerza"", ""2 g sal"", ""35 ml aceite de girasol"", ""15 g miel"", ""175 ml leche semidesnatada"", ""5 g levadura fresca"", ""1 huevo""]",142 kCal,20.06 g,4.28 g,4.96 g,"[""Postres"", ""Postres y Dulces"", ""Sin lactosa""]"
Bizcocho vegano,https://recetas.lidl.es/recetas/bizcocho-vegano,10,"[""3 pl\u00e1tanos"", ""300 ml bebida de avellana"", ""170 ml aceite de oliva"", ""450 g harina de trigo"", ""45 g az\u00facar moreno"", ""1 sobre levadura"", ""1 lim\u00f3n"", ""150 g mezcla de frutos secos""]",808 kCal,56.31 g,7.66 g,28.6 g,"[""Postres"", ""Postres y Dulces"", ""Vegana""]"
Magdalenas sin gluten,https://recetas.lidl.es/recetas/magdalenas-sin-gluten,6,"[""3 huevos"", ""2 cucharadas az\u00facar moreno"", ""1 naranja"", ""120 ml aceite de oliva suave"", ""90 g almendras fritas y saladas"", ""90 g harina de ma\u00edz"", ""1 cucharadita canela"", ""1 sobre levadura"", ""100 g chocolate negro""]",N/A,N/A,N/A,N/A,"[""Postres"", ""Postres y Dulces"", ""Sin gluten""]"
Dulces vegetarianos de coco,https://recetas.lidl.es/recetas/dulces-vegetarianos-de-coco,10,"[""15 g ch\u00eda"", ""150 ml leche de coco"", ""150 g copos de avena"", ""125 g postre de tofu"", ""30 g d\u00e1tiles"", ""10 g miel""]",N/A,N/A,N/A,N/A,"[""Postres"", ""Postres y Dulces"", ""Fruta y Verdura"", ""Vegetariana""]"
Pizza de coliflor sin lactosa,https://recetas.lidl.es/recetas/pizza-de-coliflor-sin-lactosa,2,"[""1 mitad coliflor"", ""1 agua"", ""2 cucharadas huevo""]",N/A,N/A,N/A,N/A,"[""Segundos"", ""Primeros"", ""Fruta y Verdura"", ""Pasta y Pizza"", ""Sin lactosa""]"
Galletas sin gluten,https://recetas.lidl.es/recetas/galletas-sin-gluten,6,"[""50 g mantequilla"", ""200 g harina de ma\u00edz"", ""110 ml leche condensada"", ""1 huevo"", ""1 naranja""]",N/A,N/A,N/A,N/A,"[""Postres"", ""Postres y Dulces"", ""Sin gluten""]"
Tarta de piña sin lactosa,https://recetas.lidl.es/recetas/tarta-de-pina-sin-lactosa,8,"[""30 g cacahuetes"", ""100 g copos de avena"", ""100 g miel""]",N/A,N/A,N/A,N/A,"[""Postres"", ""Postres y Dulces"", ""Sin lactosa""]"
Barritas de avena con frutas,https://recetas.lidl.es/recetas/barritas-de-avena-con-frutas,6,"[""150 g anacardos y ar\u00e1ndanos"", ""1 pl\u00e1tano"", ""2 cucharadas miel"", ""2 aceite de oliva suave"", ""300 g copos de avena"", ""100 g quinoa"", ""80 g pipas de calabaza""]",563 kCal,69.98 g,16.22 g,23.58 g,"[""Postres"", ""Postres y Dulces"", ""Vegetariana""]"
Estofado de cerdo con verduras,https://recetas.lidl.es/recetas/estofado-de-cerdo-con-verduras,4,"[""550 g estofado de cerdo a tacos"", ""1 sal"", ""2 aceite de oliva virgen extra"", ""1 diente de ajo"", ""300 g cebollas dulces"", ""100 g zanahoria"", ""150 g patatas"", ""1 cucharadita guisantes"", ""100 ml tomates"", ""20 ml piment\u00f3n"", ""500 ml pimienta"", ""1 vino blanco""]",416 kCal,28.65 g,34.45 g,15.68 g,"[""Segundos"", ""Carne y Aves"", ""Fruta y Verdura""]"
Mejillones al vapor con salsa de piquillos,https://recetas.lidl.es/recetas/mejillones-al-vapor-con-salsa-de-piquillos,4,"[""110 g cebolla caramelizada"", ""220 g pimientos del piquillo"", ""50 ml nata""]",381 kCal,15.79 g,38.88 g,13.37 g,"[""Aperitivos"", ""Pescado y Marisco"", ""Navidad"", ""La Cocina de Lidl""]"
Magdalenas de turrón,https://recetas.lidl.es/recetas/magdalenas-de-turron,6,"[""3 huevos"", ""3 cucharadas miel"", ""1 yogur natural"", ""150 g mantequilla"", ""450 g harina de trigo"", ""10 g levadura"", ""125 g turrones blandos""]",710 kCal,82.08 g,16.37 g,36.31 g,"[""Desayunos y Meriendas"", ""Postres"", ""Postres y Dulces"", ""La Cocina de Lidl"", ""Navidad""]"
Roscón de reyes y emplatados,https://recetas.lidl.es/recetas/roscon-de-reyes-y-emplatados,1,"[""2 bolsas caprichos de queso azul"", ""2 bolsas caprichos de espinacas pasas y pi\u00f1ones"", ""2 botes aceite de girasol"", ""2 botes esparragos"", ""1 pepperoncinis rellenos de queso bonito y anchoa"", ""1 aceite de oliva virgen extra"", ""1 sal"", ""1 bolsa pimienta"", ""1 jugos de esp\u00e1rragos""]",N/A,N/A,N/A,N/A,"[""Segundos"", ""Postres"", ""Primeros"", ""Postres y Dulces"", ""La Cocina de Lidl"", ""Navidad""]"
Calamares rellenos con salsa de cebolla,https://recetas.lidl.es/recetas/calamares-rellenos-con-salsa-de-cebolla,4,"[""500 g calamares patag\u00f3nico"", ""1 aceite de oliva virgen extra"", ""1 cebolla dulce"", ""100 g pimiento verde"", ""120 ml tomate triturado""]",362 kCal,20.59 g,20.85 g,20.53 g,"[""Segundos"", ""Primeros"", ""Pescado y Marisco"", ""Fruta y Verdura"", ""La Cocina de Lidl""]"
Crema de coliflor,https://recetas.lidl.es/recetas/crema-de-coliflor,4,"[""1 cebolla dulce"", ""1 aceite de oliva virgen extra"", ""400 ml coliflor"", ""200 ml agua""]",289 kCal,7.98 g,2.68 g,6.19 g,"[""Primeros"", ""Sopas y Cremas"", ""Fruta y Verdura"", ""Vegetariana"", ""Vegana"", ""La Cocina de Lidl""]"
Potaje de garbanzos,https://recetas.lidl.es/recetas/potaje-de-garbanzos,4,"[""2 dientes ajos"", ""2 rebanadas barras de pan"", ""1 cucharadita aceite de oliva suave"", ""0.5 cucharadita perejil""]",244 kCal,36.96 g,8.68 g,5.97 g,"[""Primeros"", ""Arroz, Legumbres y Cereales"", ""Fruta y Verdura"", ""Vegetariana"", ""Vegana"", ""La Cocina de Lidl""]"
Solomillo de cerdo con salsa de zanahoria y naranja,https://recetas.lidl.es/recetas/solomillo-de-cerdo-con-salsa-de-zanahoria-y-naranja,4,"[""1 aceite de oliva virgen extra"", ""1 solomillo de cerdo"", ""2 sal"", ""2 molino de especias"", ""200 ml cebolla dulce"", ""100 ml zanahorias"", ""1 naranjas""]",406 kCal,16.38 g,35.55 g,19.65 g,"[""Segundos"", ""Carne y Aves"", ""Fruta y Verdura"", ""La Cocina de Lidl""]"
Patatas rellenas con picada vegana y puré gratinado,https://recetas.lidl.es/recetas/patatas-rellenas-con-picada-vegana-y-pure-gratinado,4,"[""4 patatas""]",N/A,N/A,N/A,N/A,"[""Segundos"", ""Primeros"", ""Fruta y Verdura"", ""Vegetariana"", ""Vegana"", ""La Cocina de Lidl""]"
Corazón de milhojas de nata y frutas,https://recetas.lidl.es/recetas/corazon-de-milhojas-de-nata-y-frutas,4,"[""2 l\u00e1minas hojaldre""]",945 kCal,78.53 g,11.44 g,63.75 g,"[""Postres"", ""Postres y Dulces"", ""Pan y Masas"", ""Fruta y Verdura"", ""La Cocina de Lidl"", ""San Valent\u00edn""]"
Crêpes de espinacas con verduras,https://recetas.lidl.es/recetas/crepes-de-espinacas-con-verduras,4,"[""400 g harina de trigo"", ""5 g levadura"", ""600 ml bebida de avena"", ""60 ml aceite de oliva suave"", ""150 g sal""]",344 kCal,94.11 g,15.68 g,94.11 g,"[""Primeros"", ""Fruta y Verdura"", ""Vegetariana"", ""Vegana"", ""La Cocina de Lidl""]"
Tartaleta de frutas,https://recetas.lidl.es/recetas/tartaleta-de-frutas,8,"[""500 ml leche"", ""2 yema de huevo huevos"", ""30 g harina de ma\u00edz"", ""50 g az\u00facar"", ""1 lim\u00f3n""]",620 kCal,34.1 g,4.83 g,9.44 g,"[""Postres"", ""Postres y Dulces"", ""L\u00e1cteos y Huevos"", ""Fruta y Verdura"", ""La Cocina de Lidl"", ""P\u00edcnic"", ""D\u00eda del Padre"", ""Cumplea\u00f1os"", ""D\u00eda de la Madre""]"
Salmón con salsa de ajo y espinacas,https://recetas.lidl.es/recetas/salmon-con-salsa-de-ajo-y-espinacas,4,"[""2 dientes de ajo"", ""1 cebolla"", ""200 g aceite de oliva virgen extra"", ""150 g tomates"", ""100 ml espinacas"", ""150 ml caldo de pescado""]",429 kCal,7.62 g,32.46 g,58.31 g,"[""Segundos"", ""Pescado y Marisco"", ""Fruta y Verdura"", ""La Cocina de Lidl""]"
2 recetas de sándwich,https://recetas.lidl.es/recetas/2-recetas-de-sandwich,4,"[""150 g tomates"", ""1 aguacate"", ""60 g sal"", ""4 rebanadas pimienta"", ""100 g untables vegetales de verduras asadas""]",485 kCal,49.15 g,28.32 g,30.3 g,"[""Aperitivos"", ""Desayunos y Meriendas"", ""Carne y Aves"", ""Fruta y Verdura"", ""La Cocina de Lidl""]"
Quiche de cebolla y tomate,https://recetas.lidl.es/recetas/quiche-de-cebolla-y-tomate,4,"[""4 huevos"", ""200 ml nata"", ""150 g quesos gruy\u00e8re"", ""1 albahaca"", ""1 pimienta"", ""1 sal""]",673 kCal,37.14 g,25.52 g,45.24 g,"[""Primeros"", ""Pan y Masas"", ""Fruta y Verdura"", ""La Cocina de Lidl"", ""P\u00edcnic""]"
Secreto de cerdo con verduras,https://recetas.lidl.es/recetas/secreto-de-cerdo-con-verduras,4,"[""1 secreto de cerdo""]",508 kCal,44.71 g,39.36 g,17.87 g,"[""Segundos"", ""Carne y Aves"", ""Fruta y Verdura"", ""La Cocina de Lidl""]"
Canelones de aguacate con tartar de lubina,https://recetas.lidl.es/recetas/canelones-de-aguacate-con-tartar-de-lubina,4,"[""1 aguacate"", ""50 ml zumo de lim\u00f3n""]",669 kCal,28.95 g,44.21 g,44.48 g,"[""Segundos"", ""Primeros"", ""Pescado y Marisco"", ""La Cocina de Lidl""]"
Burger con queso vegano,https://recetas.lidl.es/recetas/burger-con-queso-vegano,2,"[""100 g calabazas"", ""200 g patatas"", ""1 cucharadita sal"", ""0.5 cucharadita aceite de oliva virgen extra"", ""30 ml ajo granulado""]",767 kCal,61.61 g,29.29 g,40.56 g,"[""Segundos"", ""Fruta y Verdura"", ""Vegetariana"", ""Vegana""]"
Pollo al horno con salsa de especias,https://recetas.lidl.es/recetas/pollo-al-horno-con-salsa-de-especias,4,"[""400 g pechugas de pollo"", ""40 g br\u00f3coli"", ""40 g coliflor"", ""40 g zanahorias"", ""120 g champi\u00f1ones"", ""100 ml aceite de oliva virgen extra""]",299 kCal,11.02 g,32.68 g,12.49 g,"[""Segundos"", ""Primeros"", ""Carne y Aves"", ""Fruta y Verdura""]"
Cherrys confitados sobre tostas,https://recetas.lidl.es/recetas/cherrys-confitados-sobre-tostas,8,"[""400 g tomates cherry"", ""1 diente de ajo"", ""1 cucharadita tomillo"", ""1 cucharadita albahaca"", ""1 cucharadita or\u00e9gano"", ""100 ml aceite de oliva suave""]",278 kCal,29.68 g,8.82 g,13.32 g,"[""Aperitivos"", ""Primeros"", ""Fruta y Verdura"", ""Recetas de bocadillos y tostadas"", ""Navidad""]"
Huevo en flor con foie y trufa,https://recetas.lidl.es/recetas/huevo-en-flor-con-foie-y-trufa,4,"[""150 g cebollas"", ""110 g aceite de oliva"", ""10 g champi\u00f1ones"", ""100 ml boletus caramelizadas"", ""300 ml harina de trigo""]",408 kCal,15.21 g,15.35 g,32.01 g,"[""Aperitivos"", ""L\u00e1cteos y Huevos"", ""Navidad""]"
Carabineros con salsa de cítricos,https://recetas.lidl.es/recetas/carabineros-con-salsa-de-citricos,4,"[""160 g crema de queso fresco"", ""70 ml leche evaporada"", ""1 naranja""]",607 kCal,22.92 g,90.46 g,17.09 g,"[""Aperitivos"", ""Pescado y Marisco"", ""Navidad""]"
Sorbete de naranja y vainilla con chocolate,https://recetas.lidl.es/recetas/sorbete-de-naranja-y-vainilla-con-chocolate,4,"[""125 g turr\u00f3n crujiente de chocolate"", ""25 ml leche"", ""80 g chocolate negro 70% con naranja""]",703 kCal,88.86 g,9.96 g,34.61 g,"[""Postres"", ""Postres y Dulces"", ""Navidad""]"
Bacalao confitado con salsa de espárragos,https://recetas.lidl.es/recetas/bacalao-confitado-con-salsa-de-esparragos,4,"[""1 cebolleta"", ""2 aceite de oliva"", ""400 g patatas"", ""300 ml esparragos""]",1424 kCal,43.47 g,30.59 g,126.63 g,"[""Segundos"", ""Pescado y Marisco"", ""Fruta y Verdura"", ""Navidad""]"
Cheesecake de turrón con piña y chocolate,https://recetas.lidl.es/recetas/cheesecake-de-turron-con-pina-y-chocolate,12,"[""200 g turrones blandos"", ""150 ml leche"", ""400 g queso de untar"", ""100 g az\u00facar moreno"", ""2 cucharadas harina de trigo"", ""3 huevos"", ""150 ml nata montada""]",407 kCal,26.65 g,8.26 g,25.15 g,"[""Postres"", ""Postres y Dulces"", ""Navidad""]"
Redondo de vacuno al chocolate,https://recetas.lidl.es/recetas/redondo-de-vacuno-al-chocolate,4,"[""1 redondo de vacuno relleno de pasas orejones pi\u00f1ones y ciruelas""]",762 kCal,54.61 g,56.57 g,38.44 g,"[""Segundos"", ""Carne y Aves"", ""Navidad""]"
Tataki de atún con ajoblanco,https://recetas.lidl.es/recetas/tataki-de-atun-con-ajoblanco,4,"[""1 medio diente de ajo"", ""50 g almendras"", ""1 rebanada pan de molde"", ""200 ml agua"", ""100 ml sal del himalaya""]",570 kCal,19.85 g,18.62 g,45.4 g,"[""Segundos"", ""Pescado y Marisco"", ""Navidad""]"
Crujientes de queso azul y salsa de higos,https://recetas.lidl.es/recetas/crujientes-de-queso-azul-y-salsa-de-higos,4,"[""130 ml agua"", ""25 ml aceite de girasol"", ""15 g harina de trigo""]",327 kCal,18.55 g,7.26 g,24.69 g,"[""Aperitivos"", ""L\u00e1cteos y Huevos"", ""Vegetariana"", ""Navidad""]"
Empanadillas de manzana,https://recetas.lidl.es/recetas/empanadillas-de-manzana,4,"[""400 g manzanas golden"", ""45 g d\u00e1tiles"", ""45 g orejones deshidratados"", ""30 g leche condensada"", ""1 cucharadita canela molida"", ""1 l\u00e1mina masa quebrada"", ""1 huevo""]",217 kCal,45.74 g,4.45 g,5.09 g,"[""Postres"", ""Postres y Dulces""]"
Ensalada templada de setas y langostinos,https://recetas.lidl.es/recetas/ensalada-templada-de-setas-y-langostinos,4,"[""200 g champi\u00f1ones"", ""200 g champi\u00f1ones"", ""250 g langostinos"", ""20 ml aceite de oliva virgen extra"", ""1 manzana roja"", ""1 ensalada gourmet"", ""50 g queso grana padano"", ""30 g cacahuetes con miel""]",251 kCal,17.98 g,20.99 g,11.74 g,"[""Aperitivos"", ""Primeros"", ""Fruta y Verdura""]"
Boniato con salsa de queso fresco,https://recetas.lidl.es/recetas/boniato-con-salsa-de-queso-fresco,4,"[""650 g batatas"", ""30 g aceite de oliva virgen extra"", ""50 g harina de ma\u00edz"", ""50 g queso manchego""]",558 kCal,49.41 g,10.71 g,35.25 g,"[""Aperitivos"", ""Fruta y Verdura"", ""Vegetariana""]"
Cupcakes terroríficos,https://recetas.lidl.es/recetas/cupcakes-terrorificos,6,"[""2 huevos"", ""100 g az\u00facar moreno"", ""50 ml aceite de oliva suave"", ""80 ml leche"", ""180 g harina de trigo integral"", ""5 g levadura"", ""2 g canela"", ""2 g jengibre"", ""200 g calabazas""]",221 kCal,71.79 g,10.13 g,23.71 g,"[""Postres"", ""Postres y Dulces"", ""Halloween""]"
Trucha rellena al horno,https://recetas.lidl.es/recetas/trucha-rellena-al-horno,4,"[""660 g filetes de trucha"", ""100 g sal"", ""2 pimienta"", ""20 g tomillo""]",130 kCal,9.77 g,37.48 g,9.25 g,"[""Segundos"", ""Pescado y Marisco""]"
Pudding de aprovechamiento,https://recetas.lidl.es/recetas/pudding-de-aprovechamiento,10,"[""80 g az\u00facar moreno"", ""50 ml limones"", ""2 cucharadas agua""]",247 kCal,27.87 g,6.62 g,12.3 g,"[""Desayunos y Meriendas"", ""Postres"", ""Postres y Dulces"", ""Recetas de aprovechamiento""]"
Pasta rellena con dos salsas,https://recetas.lidl.es/recetas/pasta-rellena-con-dos-salsas,4,"[""400 g aceite de oliva virgen extra"", ""200 ml champi\u00f1ones"", ""200 ml queso fresco""]",716 kCal,78.25 g,23.72 g,30.03 g,"[""Segundos"", ""Pasta y Pizza""]"
Hamburguesas de pollo y brócoli,https://recetas.lidl.es/recetas/hamburguesas-de-pollo-y-brocoli,4,"[""250 g br\u00f3coli"", ""250 g pechugas de pollo"", ""70 g sal"", ""1 ajo granulado""]",716 kCal,22.76 g,23.72 g,58.64 g,"[""Segundos"", ""Carne y Aves"", ""Fruta y Verdura""]"
Batido de frutas rojas,https://recetas.lidl.es/recetas/batido-de-frutas-rojas,4,"[""350 g melocotones"", ""110 g frambuesas"", ""1 yogur de manzana y pera"", ""1 yogur natural"", ""170 ml bebida de arroz"", ""100 g naranjas""]",161 kCal,8.47 g,1.64 g,3.82 g,"[""Desayunos y Meriendas"", ""Postres"", ""Postres y Dulces"", ""Bebidas"", ""Vegetariana""]"
Escalopines en salsa de queso,https://recetas.lidl.es/recetas/escalopines-en-salsa-de-queso,4,"[""80 g queso de cabra"", ""100 g queso brie"", ""50 g queso gorgonzola"", ""100 g queso de untar"", ""300 ml leche evaporada""]",750 kCal,10.74 g,20.07 g,67.77 g,"[""Segundos"", ""Carne y Aves""]"
Melón con jamón y salsa de yogur,https://recetas.lidl.es/recetas/melon-con-jamon-y-salsa-de-yogur,4,"[""1 yogur griego"", ""80 g mostaza"", ""100 g limas""]",169 kCal,9.21 g,12.62 g,9.28 g,"[""Aperitivos"", ""Fruta y Verdura"", ""Recetas con embutidos y quesos""]"
Calamares a la mediterránea,https://recetas.lidl.es/recetas/calamares-a-la-mediterranea,4,"[""2 ajos"", ""1 aceite de oliva virgen extra"", ""1 pimiento rojo"", ""1 pimiento amarillo"", ""600 g calabac\u00edn"", ""80 g calamares troceados"", ""150 g aceitunas negras""]",N/A,N/A,N/A,N/A,"[""Aperitivos"", ""Primeros"", ""Pescado y Marisco"", ""Regiones de Espa\u00f1a""]"
Merluza a la romana,https://recetas.lidl.es/recetas/merluza-a-la-romana,4,"[""400 g filetes de merluza"", ""2 sal"", ""50 g huevos""]",422 kCal,14.2 g,16.75 g,33.03 g,"[""Segundos"", ""Pescado y Marisco""]"
Salmón wellington,https://recetas.lidl.es/recetas/salmon-wellington,4,"[""1 cebolla dulce"", ""110 g aceite de oliva virgen extra"", ""1 mostaza francesa"", ""80 ml lim\u00f3n"", ""500 g leche evaporada""]",735 kCal,53.24 g,39.68 g,39.15 g,"[""Segundos"", ""Pan y Masas"", ""Pescado y Marisco""]"
Huevos al nido con pisto,https://recetas.lidl.es/recetas/huevos-al-nido-con-pisto,6,"[""2 dientes ajos"", ""35 g cebollas dulces"", ""1 aceite de oliva virgen extra"", ""70 g pimiento verde"", ""100 g pimientos rojos"", ""85 g berenjenas"", ""3 calabacines"", ""6 tomates"", ""6 sal""]",359 kCal,47.44 g,15.61 g,11.85 g,"[""Primeros"", ""L\u00e1cteos y Huevos"", ""Vegetariana""]"
Ternera con verduras salteadas,https://recetas.lidl.es/recetas/ternera-con-verduras-salteadas,4,"[""500 g aceite de oliva virgen extra""]",444 kCal,20.25 g,29.51 g,28.03 g,"[""Segundos"", ""Carne y Aves"", ""Fruta y Verdura""]"
Dulces de chocolate y pistacho,https://recetas.lidl.es/recetas/dulces-de-chocolate-y-pistacho,8,"[""200 g chocolate blanco"", ""400 ml nata montada"", ""80 g mantequilla"", ""110 g pistachos""]",N/A,N/A,N/A,N/A,"[""Postres"", ""Postres y Dulces"", ""D\u00eda de la Madre""]"
Bacalao al pil pil,https://recetas.lidl.es/recetas/bacalao-al-pil-pil,4,"[""8 dientes de ajo"", ""270 ml aceite de oliva"", ""600 g bacalao salado""]",692 kCal,20.48 g,1.92 g,61.59 g,"[""Segundos"", ""Pescado y Marisco""]"
Napolitanas de chocolate,https://recetas.lidl.es/recetas/napolitanas-de-chocolate,8,"[""300 g cobertura de chocolate con leche"", ""25 ml leche"", ""2 l\u00e1minas hojaldre"", ""1 huevo""]",356 kCal,28.65 g,4.3 g,23.63 g,"[""Desayunos y Meriendas"", ""Postres"", ""Postres y Dulces"", ""Pan y Masas""]"
Empanadillas de atún,https://recetas.lidl.es/recetas/empanadillas-de-atun,5,"[""1 agua"", ""125 g puerro"", ""50 ml berenjenas"", ""350 g aceite de oliva virgen extra"", ""200 g vino blanco""]",955 kCal,161.11 g,25.09 g,17.31 g,"[""Aperitivos"", ""Primeros"", ""Pan y Masas"", ""Pescado y Marisco"", ""Recetas con conservas""]"
3 recetas de albóndigas,https://recetas.lidl.es/recetas/3-recetas-de-albondigas,12,"[""1 cebolla dulce"", ""250 g champi\u00f1ones"", ""350 g gambas"", ""80 g perejil"", ""80 g sal"", ""1 pimienta"", ""200 ml pan rallado""]",1028 kCal,29.16 g,19.48 g,46.96 g,"[""Segundos"", ""Fruta y Verdura"", ""Pescado y Marisco"", ""Vegetariana"", ""Vegana""]"
Serranitos,https://recetas.lidl.es/recetas/serranitos,4,"[""2 pimientos verdes"", ""8 aceite de oliva virgen extra"", ""2 filetes de lomo"", ""8 rebanadas tomates"", ""6 lonchas pan de molde""]",405 kCal,28.64 g,38.25 g,15.19 g,"[""Aperitivos"", ""Carne y Aves"", ""Regiones de Espa\u00f1a""]"
Patatas gratinadas,https://recetas.lidl.es/recetas/patatas-gratinadas,8,"[""1 cebolla dulce"", ""3 patatas"", ""200 g aceite de oliva virgen extra"", ""3 queso emmental"", ""400 ml huevos"", ""80 g leche evaporada""]",328 kCal,21.88 g,16.61 g,19.49 g,"[""Primeros"", ""Fruta y Verdura""]"
Galletas de mantequilla y cacao,https://recetas.lidl.es/recetas/galletas-de-mantequilla-y-cacao,6,"[""125 g mantequilla"", ""100 g az\u00facar moreno"", ""1 huevo"", ""250 g harina de trigo"", ""30 g cacao en polvo""]",554 kCal,60.72 g,6.83 g,28.96 g,"[""Postres"", ""Postres y Dulces"", ""San Valent\u00edn""]"
Arroz caldoso de pescado,https://recetas.lidl.es/recetas/arroz-caldoso-de-pescado,6,"[""600 g aceite de oliva virgen extra"", ""230 g merluza"", ""80 g cebollas dulces"", ""80 g pimientos verdes"", ""250 g pimientos rojos"", ""200 g tomate triturado"", ""750 ml arroz redondo"", ""1 caldo de pescado""]",263 kCal,31.69 g,16.19 g,7.49 g,"[""Segundos"", ""Primeros"", ""Arroz, Legumbres y Cereales"", ""Pescado y Marisco""]"
Huevo poché sobre puré de patatas,https://recetas.lidl.es/recetas/huevo-poche-sobre-pure-de-patatas,4,"[""600 g patatas"", ""400 ml leche desnatada""]",244 kCal,27.7 g,13.9 g,8.23 g,"[""Primeros"", ""L\u00e1cteos y Huevos"", ""Fruta y Verdura""]"
Pollo a la parmesana,https://recetas.lidl.es/recetas/pollo-a-la-parmesana,4,"[""600 g aceite de oliva virgen extra"", ""2 dientes pechugas de pollo"", ""40 g ajos"", ""100 g cebollas dulces"", ""1 cucharada bacon"", ""100 ml harina de trigo"", ""150 ml nata"", ""100 g caldo de pollo""]",541 kCal,5.78 g,67.68 g,25.7 g,"[""Segundos"", ""Carne y Aves""]"
Pimientos rellenos de arroz,https://recetas.lidl.es/recetas/pimientos-rellenos-de-arroz,4,"[""1 aceite de oliva virgen extra"", ""250 g cebolla"", ""350 g champi\u00f1ones"", ""200 ml pechugas de pollo"", ""300 ml caldo de pollo"", ""40 ml nata""]",675 kCal,79.01 g,32.73 g,25.3 g,"[""Primeros"", ""Arroz, Legumbres y Cereales"", ""Fruta y Verdura""]"
2 ideas en tupper,https://recetas.lidl.es/recetas/2-ideas-en-tupper,4,"[""150 g couscous"", ""150 ml agua""]",497 kCal,60.08 g,24.49 g,19.49 g,"[""Segundos"", ""Primeros"", ""Carne y Aves"", ""Arroz, Legumbres y Cereales"", ""Fruta y Verdura""]"
Guiso de conejo en pepitoria,https://recetas.lidl.es/recetas/guiso-de-conejo-en-pepitoria,4,"[""20 g harina de trigo"", ""500 g aceite de oliva virgen extra"", ""2 conejo"", ""1 dientes de ajo"", ""2 cebolla"", ""200 g zanahorias"", ""2 tomate frito"", ""6 hojas de laurel"", ""200 ml huevos"", ""100 g caldo de cocido""]",564 kCal,18.84 g,42.58 g,35.05 g,"[""Segundos"", ""Sopas y Cremas"", ""Carne y Aves""]"
Lubina con vinagreta de fresas,https://recetas.lidl.es/recetas/lubina-con-vinagreta-de-fresas,4,"[""250 g fresas"", ""80 ml aceite de oliva virgen extra"", ""1 cucharada miel"", ""1 lima""]",255 kCal,12.15 g,3.36 g,217.18 g,"[""Segundos"", ""Fruta y Verdura"", ""Pescado y Marisco""]"
Dorada gratinada con confitura de pimientos rojos,https://recetas.lidl.es/recetas/dorada-gratinada-con-confitura-de-pimientos-rojos,4,"[""250 ml agua"", ""50 g az\u00facar moreno"", ""20 ml vinagre de manzana"", ""400 g pimientos del piquillo""]",514 kCal,24.34 g,31.22 g,93.92 g,"[""Segundos"", ""Pescado y Marisco"", ""Fruta y Verdura""]"
Pastel de carne picada con verduras,https://recetas.lidl.es/recetas/pastel-de-carne-picada-con-verduras,4,"[""1 aceite de oliva virgen extra"", ""1 cebolla roja"", ""1 zanahoria"", ""1 pimiento rojo"", ""150 g pimiento verde"", ""80 ml jud\u00edas planas"", ""100 g vino tinto"", ""400 g champi\u00f1ones"", ""10 ml carne de ternera picada"", ""150 g salsa de soja"", ""2 tomate frito"", ""1 sal""]",802 kCal,62.44 g,30.94 g,68.15 g,"[""Segundos"", ""Primeros"", ""Postres y Dulces"", ""Carne y Aves"", ""Fruta y Verdura"", ""La Cocina de Lidl""]"
Pollo al horno con naranja,https://recetas.lidl.es/recetas/pollo-al-horno-con-naranja,4,"[""250 g patatas"", ""1 cebolla"", ""1 aceite de oliva virgen extra"", ""40 ml sal"", ""1 pimienta"", ""3 dientes perejil""]",2484 kCal,10.32 g,68.38 g,52.33 g,"[""Segundos"", ""Carne y Aves"", ""La Cocina de Lidl""]"
Focaccia con cebolla y aceitunas,https://recetas.lidl.es/recetas/focaccia-con-cebolla-y-aceitunas,8,"[""475 g harina de fuerza"", ""370 ml agua"", ""15 ml aceite de oliva"", ""20 g levadura fresca"", ""8 g sal""]",266 kCal,44.06 g,8.93 g,5.75 g,"[""Aperitivos"", ""Pan y Masas"", ""Vegetariana"", ""Vegana"", ""La Cocina de Lidl"", ""P\u00edcnic"", ""Cumplea\u00f1os""]"
Montaditos de pollo,https://recetas.lidl.es/recetas/montaditos-de-pollo,6,"[""400 g pollo tropicana"", ""3 aceite de oliva""]",202 kCal,25.56 g,16.98 g,4.18 g,"[""Aperitivos"", ""L\u00e1cteos y Huevos"", ""Carne y Aves"", ""Fruta y Verdura"", ""La Cocina de Lidl"", ""P\u00edcnic"", ""Recetas de bocadillos y tostadas""]"
Huesos de santo,https://recetas.lidl.es/recetas/huesos-de-santo,5,"[""140 g almendras"", ""100 g az\u00facar"", ""60 ml agua""]",450 kCal,47.05 g,8.85 g,24.19 g,"[""Postres"", ""Postres y Dulces"", ""L\u00e1cteos y Huevos"", ""Halloween"", ""La Cocina de Lidl""]"
Dorada en salsa de mostaza,https://recetas.lidl.es/recetas/dorada-en-salsa-de-mostaza,4,"[""2 dientes de ajo"", ""1 cebolla dulce"", ""1 cucharada aceite de oliva virgen extra"", ""1 cucharada pimienta"", ""350 ml mostaza en grano"", ""200 g caldo de pescado"", ""400 g tomates cherry mix"", ""1 doradas""]",326 kCal,25.89 g,20.64 g,16.36 g,"[""Segundos"", ""Fruta y Verdura"", ""Pescado y Marisco"", ""La Cocina de Lidl""]"
Crema de verduras asadas,https://recetas.lidl.es/recetas/crema-de-verduras-asadas,4,"[""500 g calabazas"", ""1 pimiento rojo"", ""400 ml aceite de oliva virgen extra""]",271 kCal,16.35 g,4.43 g,21.22 g,"[""Primeros"", ""Arroz, Legumbres y Cereales"", ""Fruta y Verdura"", ""Vegetariana"", ""Vegana"", ""La Cocina de Lidl"", ""P\u00edcnic""]"
Cupcakes de frambuesa y plátano,https://recetas.lidl.es/recetas/cupcakes-de-frambuesa-y-platano,12,"[""2 pl\u00e1tanos"", ""3 huevos"", ""3 cucharadas miel"", ""150 ml leche"", ""180 g harina de trigo"", ""8 g levadura"", ""100 g sal"", ""150 g copos de avena""]",364 kCal,43.27 g,7.19 g,18.93 g,"[""Desayunos y Meriendas"", ""Postres"", ""Postres y Dulces"", ""Pan y Masas"", ""Fruta y Verdura"", ""La Cocina de Lidl"", ""Cumplea\u00f1os"", ""P\u00edcnic""]"
Huevos al plato,https://recetas.lidl.es/recetas/huevos-al-plato,4,"[""3 ajos"", ""1 cebolla"", ""1 pimiento rojo"", ""100 g aceite de oliva virgen extra"", ""300 g taquitos de jam\u00f3n"", ""200 g tomate triturado"", ""4 guisantes""]",512 kCal,15.14 g,17.29 g,19.46 g,"[""Primeros"", ""L\u00e1cteos y Huevos"", ""Fruta y Verdura"", ""La Cocina de Lidl""]"
Tallarines chinos con verduras,https://recetas.lidl.es/recetas/tallarines-chinos-con-verduras,2,"[""200 g agua"", ""1 sal"", ""1 tallarines"", ""2 aceite de oliva virgen extra"", ""1 cebolleta"", ""1 cucharada puerro"", ""25 g zanahorias"", ""150 ml calabac\u00edn""]",668 kCal,106.73 g,18.99 g,16.23 g,"[""Primeros"", ""Pasta y Pizza"", ""Fruta y Verdura"", ""Recetas del Mundo"", ""La Cocina de Lidl""]"
Gofres de patata y zumo de naranja,https://recetas.lidl.es/recetas/gofres-de-patata-y-zumo-de-naranja,4,"[""400 g patatas"", ""1 cebolleta"", ""4 aceite de oliva virgen extra""]",416 kCal,51.56 g,21.05 g,15.38 g,"[""Aperitivos"", ""Desayunos y Meriendas"", ""Postres"", ""Primeros"", ""Pan y Masas"", ""Fruta y Verdura"", ""Pescado y Marisco"", ""La Cocina de Lidl"", ""D\u00eda de la Madre"", ""D\u00eda del Padre""]"
Yogur con coulis de arándanos,https://recetas.lidl.es/recetas/yogur-con-coulis-de-arandanos,7,"[""200 g ar\u00e1ndanos azules"", ""20 g az\u00facar"", ""50 ml agua""]",63 kCal,9.44 g,1.78 g,1.81 g,"[""Desayunos y Meriendas"", ""Postres"", ""Postres y Dulces"", ""Fruta y Verdura"", ""La Cocina de Lidl"", ""D\u00eda de la Madre"", ""D\u00eda del Padre"", ""Cumplea\u00f1os""]"
Tiramisú de ciruelas,https://recetas.lidl.es/recetas/tiramisu-de-ciruelas,5,"[""300 g ciruelas rojas"", ""60 g az\u00facar moreno"", ""150 g mascarpones"", ""180 ml nata montada""]",458 kCal,40.67 g,5.92 g,30.3 g,"[""Desayunos y Meriendas"", ""Postres"", ""Postres y Dulces"", ""Fruta y Verdura"", ""La Cocina de Lidl"", ""D\u00eda de la Madre"", ""D\u00eda del Padre"", ""Cumplea\u00f1os""]"
Zarzuela de marisco y pescado,https://recetas.lidl.es/recetas/zarzuela-de-marisco-y-pescado,4,"[""1 diente de ajo"", ""30 almendras"", ""2 rebanadas panes"", ""1 cebolla dulce"", ""500 g aceite de oliva virgen extra"", ""120 ml tomates"", ""400 ml vino blanco"", ""300 g caldo de pescado"", ""180 g merluza"", ""120 g sal"", ""100 g harina de trigo"", ""180 g pimienta""]",347 kCal,20.56 g,32.51 g,13.52 g,"[""Segundos"", ""Primeros"", ""Pescado y Marisco"", ""La Cocina de Lidl""]"
Tortilla de patatas y ensalada,https://recetas.lidl.es/recetas/tortilla-de-patatas-y-ensalada,4,"[""1 kg patata"", ""1 aceite de oliva"", ""10 cebolla""]",820 kCal,13.78 g,20.51 g,77.08 g,"[""Aperitivos"", ""Primeros"", ""L\u00e1cteos y Huevos"", ""Fruta y Verdura"", ""La Cocina de Lidl"", ""P\u00edcnic""]"
Macarrones con queso y brócoli,https://recetas.lidl.es/recetas/macarrones-con-queso-y-brocoli,4,"[""350 g sal"", ""1 penne""]",537 kCal,71.7 g,35.86 g,38.81 g,"[""Primeros"", ""Pasta y Pizza"", ""Fruta y Verdura"", ""La Cocina de Lidl""]"
Helado de aguacate y nueces,https://recetas.lidl.es/recetas/helado-de-aguacate-y-nueces,6,"[""150 ml bebida de arroz y nuez"", ""40 g az\u00facar"", ""40 g miel"", ""2 yema de huevo huevos"", ""3 aguacates"", ""1 lima""]",272 kCal,28.89 g,3.49 g,15.88 g,"[""Postres"", ""Postres y Dulces"", ""Fruta y Verdura"", ""La Cocina de Lidl"", ""Cumplea\u00f1os"", ""D\u00eda de la Madre"", ""D\u00eda del Padre""]"
3 tostadas con aguacate,https://recetas.lidl.es/recetas/3-tostadas-con-aguacate,3,"[""20 g cebolletas"", ""50 g tomates cherry"", ""1 sal"", ""1 rebanada lima"", ""80 g aceite de oliva virgen extra""]",345 kCal,36.96 g,5.44 g,21.22 g,"[""Aperitivos"", ""Desayunos y Meriendas"", ""Fruta y Verdura"", ""La Cocina de Lidl"", ""P\u00edcnic"", ""Recetas de bocadillos y tostadas""]"
Granola,https://recetas.lidl.es/recetas/granola,20,"[""100 g nueces"", ""100 g almendras"", ""300 g copos de avena"", ""300 g semillas para ensalada"", ""120 g aceite de oliva virgen extra"", ""4 cucharadas sirope de agave"", ""1 cucharada canela""]",278 kCal,13.92 g,7.33 g,20.81 g,"[""Desayunos y Meriendas"", ""Postres"", ""Postres y Dulces"", ""Vegetariana"", ""Vegana"", ""La Cocina de Lidl"", ""P\u00edcnic"", ""Batch cooking""]"
Crema de calabacín y zanahoria,https://recetas.lidl.es/recetas/crema-de-calabacin-y-zanahoria,4,"[""1 puerro"", ""500 g aceite de oliva virgen extra"", ""200 g calabacines"", ""60 g zanahorias"", ""600 ml anacardos""]",228 kCal,17.57 g,5.69 g,15.05 g,"[""Primeros"", ""Sopas y Cremas"", ""Fruta y Verdura"", ""Vegetariana"", ""Vegana"", ""La Cocina de Lidl""]"
Tarta de limón y mascarpone,https://recetas.lidl.es/recetas/tarta-de-limon-y-mascarpone,12,"[""120 ml leche"", ""60 g limones""]",395 kCal,23.41 g,7.88 g,29 g,"[""Postres"", ""Postres y Dulces"", ""Fruta y Verdura"", ""La Cocina de Lidl"", ""D\u00eda del Padre"", ""Cumplea\u00f1os""]"
Crêpes con crema de cacao,https://recetas.lidl.es/recetas/crepes-con-crema-de-cacao,6,"[""340 g harina de espelta"", ""1 cucharadita levadura"", ""600 ml bebida de soja"", ""50 ml aceite de oliva suave"", ""1 cucharada sirope de agave""]",878 kCal,50.51 g,18.27 g,62.38 g,"[""Desayunos y Meriendas"", ""Postres"", ""Postres y Dulces"", ""Vegetariana"", ""Vegana"", ""La Cocina de Lidl"", ""D\u00eda de la Madre"", ""Cumplea\u00f1os"", ""D\u00eda del Padre""]"
Cinnamon rolls,https://recetas.lidl.es/recetas/cinnamon-rolls,12,"[""50 ml agua"", ""100 ml leche"", ""50 g az\u00facar moreno"", ""25 g levadura fresca"", ""400 g harina de fuerza"", ""1 sal"", ""50 g huevo""]",218 kCal,33.1 g,5.44 g,6.96 g,"[""Postres"", ""Postres y Dulces"", ""La Cocina de Lidl"", ""San Valent\u00edn""]"
Burger vegana,https://recetas.lidl.es/recetas/burger-vegana,2,"[""2 dientes de ajo"", ""2 cebollas"", ""400 g aceite de oliva virgen extra"", ""1 cucharada tomate triturado"", ""2 cucharadas sirope de agave"", ""1 cucharadita vinagre de manzana""]",942 kCal,90.23 g,37.05 g,47.44 g,"[""Segundos"", ""Fruta y Verdura"", ""Vegetariana"", ""Vegana"", ""La Cocina de Lidl"", ""Recetas de bocadillos y tostadas""]"
Tarta de queso y galletas Neo,https://recetas.lidl.es/recetas/tarta-de-queso-y-galletas-neo,20,"[""240 ml leche"", ""90 g limones"", ""75 g cacao en polvo"", ""180 g harina de trigo"", ""150 g az\u00facar moreno"", ""1 sobre levadura"", ""2 sal"", ""180 ml huevos"", ""45 ml agua""]",278 kCal,39.76 g,3.96 g,17.43 g,"[""Postres"", ""Postres y Dulces"", ""La Cocina de Lidl"", ""Cumplea\u00f1os"", ""D\u00eda de la Madre"", ""D\u00eda del Padre""]"
Pizza vegana de verduras,https://recetas.lidl.es/recetas/pizza-vegana-de-verduras,2,"[""500 g patatas"", ""120 g zanahorias"", ""75 g lino""]",572 kCal,69.85 g,20.4 g,19.7 g,"[""Segundos"", ""Primeros"", ""Fruta y Verdura"", ""Pasta y Pizza"", ""Sin gluten"", ""Vegetariana"", ""Vegana"", ""La Cocina de Lidl"", ""Recetas con conservas""]"
Boniato con tartar de remolacha,https://recetas.lidl.es/recetas/boniato-con-tartar-de-remolacha,4,"[""500 g batatas""]",285 kCal,35.65 g,4.98 g,13.45 g,"[""Aperitivos"", ""Fruta y Verdura"", ""Vegetariana"", ""Vegana"", ""La Cocina de Lidl"", ""Navidad""]"
Polvorones veganos para Navidad,https://recetas.lidl.es/recetas/polvorones-veganos-para-navidad,10,"[""200 g almendras tostadas"", ""200 g harina de trigo"", ""100 ml aceite de oliva suave"", ""15 ml anises"", ""65 g sirope de agave"", ""1 cucharadita canela""]",301 kCal,20.58 g,6.42 g,20.08 g,"[""Postres"", ""Postres y Dulces"", ""Vegetariana"", ""Vegana"", ""La Cocina de Lidl"", ""Navidad""]"
Merluza en salsa verde para Navidad,https://recetas.lidl.es/recetas/merluza-en-salsa-verde-para-navidad,4,"[""2 dientes ajos"", ""85 g cebolletas"", ""200 g aceite de oliva virgen extra"", ""2 cucharadas guisantes"", ""250 ml harina de trigo"", ""600 ml vino blanco""]",361 kCal,12.9 g,40.35 g,12.48 g,"[""Segundos"", ""Pescado y Marisco"", ""La Cocina de Lidl"", ""Navidad""]"
Batido de chocolate con nata,https://recetas.lidl.es/recetas/batido-de-chocolate-con-nata,4,"[""500 g mangos"", ""120 g cobertura de chocolate con leche"", ""40 g d\u00e1tiles"", ""300 ml leche de coco""]",513 kCal,60.43 g,3.89 g,29.83 g,"[""Postres"", ""Postres y Dulces"", ""Bebidas"", ""La Cocina de Lidl"", ""Navidad""]"
Canelones veganos de calabacín,https://recetas.lidl.es/recetas/canelones-veganos-de-calabacin,4,"[""2 dientes ajos"", ""40 g cebollas"", ""220 g zanahorias"", ""100 g berenjenas"", ""220 g coliflor"", ""500 g aceite de oliva virgen extra""]",315 kCal,35 g,7 g,20 g,"[""Segundos"", ""Primeros"", ""Fruta y Verdura"", ""Vegetariana"", ""Vegana"", ""La Cocina de Lidl"", ""Navidad""]"
Milhojas de membrillo,https://recetas.lidl.es/recetas/milhojas-de-membrillo,4,"[""250 g manzanas granny smith""]",705 kCal,74.73 g,9.38 g,40.68 g,"[""Aperitivos"", ""Postres"", ""Postres y Dulces"", ""La Cocina de Lidl"", ""Navidad""]"
Tacos de langostinos,https://recetas.lidl.es/recetas/tacos-de-langostinos,4,"[""1 cebolleta"", ""50 g pimientos rojos"", ""50 g pimientos verdes"", ""1 tomate"", ""250 g aguacates"", ""1 aceite de oliva virgen extra""]",386 kCal,31.5 g,28.5 g,16.45 g,"[""Aperitivos"", ""Primeros"", ""Pescado y Marisco"", ""Fruta y Verdura"", ""La Cocina de Lidl"", ""P\u00edcnic""]"
Tarta de limón y arándanos,https://recetas.lidl.es/recetas/tarta-de-limon-y-arandanos,8,"[""2 pl\u00e1tanos"", ""150 g nueces"", ""80 g d\u00e1tiles"", ""150 g copos de avena""]",320 kCal,39.38 g,8.42 g,19.88 g,"[""Postres"", ""Postres y Dulces"", ""Fruta y Verdura"", ""Vegana"", ""La Cocina de Lidl"", ""Cumplea\u00f1os"", ""D\u00eda de la Madre"", ""D\u00eda del Padre"", ""P\u00edcnic""]"
Tosta de aguacate y jamón con pesto,https://recetas.lidl.es/recetas/tosta-de-aguacate-y-jamon-con-pesto,2,"[""2 rebanadas pan de cereales"", ""1 aguacate"", ""2 jam\u00f3n serrano""]",822 kCal,36.77 g,33.05 g,58.35 g,"[""Desayunos y Meriendas"", ""Fruta y Verdura"", ""La Cocina de Lidl"", ""P\u00edcnic"", ""Verano"", ""Recetas con embutidos y quesos"", ""Recetas de bocadillos y tostadas""]"
Skyr con muesli y frutas,https://recetas.lidl.es/recetas/skyr-con-muesli-y-frutas,2,"[""2 kiwis"", ""60 g uvas rojas"", ""2 skyr""]",202 kCal,23.35 g,22.3 g,1.65 g,"[""Desayunos y Meriendas"", ""Postres"", ""Fruta y Verdura"", ""La Cocina de Lidl"", ""P\u00edcnic"", ""Cumplea\u00f1os""]"
Rollo de calabacín y zanahoria con jamón y queso,https://recetas.lidl.es/recetas/rollo-de-calabacin-y-zanahoria-con-jamon-y-queso,4,"[""1 zanahoria"", ""1 calabac\u00edn"", ""4 huevos""]",543 kCal,3.52 g,29.87 g,168.7 g,"[""Aperitivos"", ""Fruta y Verdura""]"
Pinchos con salsa BBQ,https://recetas.lidl.es/recetas/pinchos-con-salsa-bbq,4,"[""800 g pechugas de pollo""]",498 kCal,22.17 g,50.37 g,22.45 g,"[""Aperitivos"", ""Segundos"", ""Carne y Aves"", ""La Cocina de Lidl"", ""P\u00edcnic""]"
Hamburguesas caseras de merluza,https://recetas.lidl.es/recetas/hamburguesas-caseras-de-merluza,4,"[""3 dientes perejil"", ""500 g ajos"", ""1 cucharada filetes de merluza"", ""1 sal""]",493 kCal,40.89 g,26.81 g,23.26 g,"[""Segundos"", ""Pescado y Marisco"", ""La Cocina de Lidl"", ""P\u00edcnic""]"
Ceviche de bacalao,https://recetas.lidl.es/recetas/ceviche-de-bacalao,4,"[""55 g pimientos rojos"", ""2 dientes ajos"", ""180 g cebolletas"", ""1 kg lima"", ""400 g pimienta"", ""200 g sal"", ""200 g cilantro fresco""]",511 kCal,9.79 g,78.35 g,15 g,"[""Aperitivos"", ""Primeros"", ""Pescado y Marisco"", ""La Cocina de Lidl""]"
Navajas en salsa,https://recetas.lidl.es/recetas/navajas-en-salsa,4,"[""2 aceite de oliva virgen extra"", ""150 g dientes de ajo"", ""150 ml cebollas"", ""20 ml caldo de pescado"", ""0.5 vino blanco"", ""500 g sal""]",155 kCal,5.93 g,23.05 g,3.72 g,"[""Aperitivos"", ""Primeros"", ""Pescado y Marisco"", ""La Cocina de Lidl""]"
Salsa brava,https://recetas.lidl.es/recetas/salsa-brava,8,"[""1 ajo"", ""1 cebolla dulce"", ""50 aceite de oliva virgen extra"", ""1 piment\u00f3n"", ""400 tomate triturado"", ""1 harina de ma\u00edz"", ""15 tabasco"", ""15 vinagre bals\u00e1mico"", ""1 az\u00facar moreno""]",N/A,N/A,N/A,N/A,"[""Guarniciones"", ""Salsas""]"
Pata asada con salsa de plátano y manzana,https://recetas.lidl.es/recetas/pata-asada-con-salsa-de-platano-y-manzana,8,"[""1 paleta de cerdo con piel"", ""1 vaso sal""]",N/A,N/A,N/A,N/A,"[""Segundos"", ""Carne y Aves"", ""Canarias""]"
Huevos rellenos de atún y langostinos,https://recetas.lidl.es/recetas/huevos-rellenos-de-atun-y-langostinos,3,"[""6 huevos"", ""50 g at\u00fan en aceite"", ""6 langostinos"", ""2 pimientos del piquillo"", ""200 g queso de cabra"", ""2 cucharadas tomate frito""]",N/A,N/A,N/A,N/A,"[""Aperitivos"", ""Pescado y Marisco"", ""Canarias""]"
Canapés dulces y salados,https://recetas.lidl.es/recetas/canapes-dulces-y-salados,4,"[""110 g pat\u00e9 de perdiz"", ""80 g queso fresco""]",N/A,N/A,N/A,N/A,"[""Aperitivos"", ""Pan y Masas"", ""Canarias""]"
Pizza Deluxe con base y queso canario,https://recetas.lidl.es/recetas/pizza-deluxe-con-base-y-queso-canario,4,"[""1 base de pizza"", ""60 g cebollas dulces"", ""30 g tomates secos al romero"", ""100 g bresaola""]",N/A,N/A,N/A,N/A,"[""Segundos"", ""Canarias""]"
Brazo de gitano con salmón y aguacate,https://recetas.lidl.es/recetas/brazo-de-gitano-con-salmon-y-aguacate,4,"[""200 g mayonesa"", ""5 g cebollinos"", ""1 cucharadita tabasco"", ""1 l\u00e1mina bizcocho"", ""200 g salm\u00f3n ahumado"", ""150 g surimi"", ""1 aguacate"", ""2 cucharadas cebolla caramelizada"", ""250 g mascarpones"", ""60 g remolachas"", ""1 melocot\u00f3n en alm\u00edbar""]",N/A,N/A,N/A,N/A,"[""Segundos"", ""Canarias""]"
"Pato al horno con miel, ciruelas y anacardos",https://recetas.lidl.es/recetas/pato-al-horno-con-miel-ciruelas-y-anacardos,4,"[""1 pato entero"", ""500 g chalotas"", ""150 g ciruelas sin hueso"", ""100 g anacardos"", ""4 cucharadas miel"", ""2 cucharadas salsa de soja"", ""1 cucharadita copos de chile"", ""1 naranja"", ""43 g mermelada de naranja con cardamomo"", ""2 cucharadas az\u00facar moreno"", ""200 ml vino tinto""]",N/A,N/A,N/A,N/A,"[""Segundos"", ""Canarias""]"
Salmón al horno,https://recetas.lidl.es/recetas/salmon-al-horno,4,"[""900 g salm\u00f3n"", ""3 dientes aceite de oliva"", ""1 sal"", ""1 pimienta"", ""100 ml ajos"", ""30 ml lima"", ""45 g lim\u00f3n""]",460 kCal,9.3 g,36.21 g,30.5 g,"[""Segundos"", ""Pescado y Marisco""]"
Pastel de brócoli y pavo,https://recetas.lidl.es/recetas/pastel-de-brocoli-y-pavo,4,"[""500 g br\u00f3coli"", ""1 agua"", ""100 g sal"", ""4 aceite de oliva virgen extra""]",216 kCal,6.89 g,21.5 g,3 g,"[""Primeros"", ""Fruta y Verdura""]"
Pasta al curry sin lactosa,https://recetas.lidl.es/recetas/pasta-al-curry-sin-lactosa,4,"[""400 g agua"", ""1 sal"", ""150 g espaguetis integrales ecol\u00f3gicos"", ""3 cucharditas aceite de oliva virgen extra"", ""1 cucharada cebolla dulce"", ""500 ml espinacas""]",517 kCal,83.7 g,21.28 g,11.44 g,"[""Primeros"", ""Pasta y Pizza"", ""Sin lactosa""]"
Bizcocho de yogur con chocolate,https://recetas.lidl.es/recetas/bizcocho-de-yogur-con-chocolate,10,"[""2 huevos"", ""3 cucharadas miel"", ""4 yogur natural"", ""60 g mantequilla"", ""250 g harina de espelta"", ""1 sobre levadura""]",268 kCal,20.49 g,4.54 g,18.16 g,"[""Postres"", ""Postres y Dulces""]"
Bocadillo de quesos con pesto de tomate,https://recetas.lidl.es/recetas/bocadillo-de-quesos-con-pesto-de-tomate,4,"[""500 g tomates"", ""30 g aceite de oliva virgen extra"", ""1 nueces"", ""4 diente de ajo"", ""150 g perejil"", ""150 g sal""]",709 kCal,47.84 g,30.58 g,43 g,"[""Aperitivos"", ""Recetas de bocadillos y tostadas""]"
"Sándwich de pavo, queso y calabacín",https://recetas.lidl.es/recetas/sandwich-de-pavo-queso-y-calabacin,6,"[""250 g calabacines"", ""9 rebanadas aceite de oliva virgen extra"", ""200 g sal"", ""3 lonchas pan de molde integral""]",218 kCal,15.25 g,8.53 g,13.17 g,"[""Aperitivos"", ""Recetas de bocadillos y tostadas""]"
Bacalao a la andaluza,https://recetas.lidl.es/recetas/bacalao-a-la-andaluza,4,"[""600 g harina de trigo"", ""200 g filetes de bacalao""]",441 kCal,27.7 g,33.04 g,17.85 g,"[""Segundos"", ""Pescado y Marisco""]"
Cóctel de gambas al estilo Forrest Gump,https://recetas.lidl.es/recetas/coctel-de-gambas-al-estilo-forrest-gump,4,"[""250 g tomates cherry mix"", ""30 g cebollas rojas"", ""300 g aceite de oliva virgen extra""]",145 kCal,6.13 g,12.24 g,7.18 g,"[""Aperitivos"", ""Pescado y Marisco""]"
Pastel de chocolate de Criadas y Señoras,https://recetas.lidl.es/recetas/pastel-de-chocolate-de-criadas-y-senoras,8,"[""200 g cobertura de chocolate con leche"", ""125 g mantequilla"", ""150 g nata montada"", ""1 c\u00e1psula de caf\u00e9"", ""3 huevos"", ""80 g az\u00facar moreno"", ""1 l\u00e1mina masa quebrada""]",587 kCal,33.68 g,6.4 g,46.89 g,"[""Postres"", ""Postres y Dulces""]"
Guiso de conejo de El Señor de los Anillos,https://recetas.lidl.es/recetas/guiso-de-conejo-de-el-senor-de-los-anillos,4,"[""500 g conejo"", ""300 g sal"", ""100 g harina de trigo"", ""1 diente patatas"", ""50 g zanahorias"", ""1 ajo""]",337 kCal,14.56 g,17.9 g,22.06 g,"[""Segundos"", ""Carne y Aves""]"
Merluza en salsa de champiñones,https://recetas.lidl.es/recetas/merluza-en-salsa-de-champinones,4,"[""4 filetes de merluza"", ""2 dientes sal"", ""150 g pimienta"", ""1 cucharada harina de trigo"", ""750 ml aceite de oliva suave""]",252 kCal,20.15 g,20.59 g,9.31 g,"[""Segundos"", ""Pescado y Marisco"", ""Sin lactosa""]"
Pizza corazón,https://recetas.lidl.es/recetas/pizza-corazon,2,"[""300 g patatas"", ""2 sal"", ""1 cucharada huevos"", ""40 ml harina de ma\u00edz""]",701 kCal,35.28 g,25.53 g,49.54 g,"[""Segundos"", ""Primeros"", ""Pasta y Pizza"", ""Sin gluten"", ""San Valent\u00edn""]"
Tostada con aguacate y huevo poché,https://recetas.lidl.es/recetas/tostada-con-aguacate-y-huevo-poche,4,"[""500 g aguacates"", ""1 lima"", ""50 g cebollas rojas"", ""80 g kale"", ""4 aceite de oliva virgen extra"", ""4 rebanadas agua"", ""40 g sal""]",465 kCal,19.32 g,15.1 g,34.18 g,"[""Primeros"", ""L\u00e1cteos y Huevos""]"
Solomillo de pavo en salsa,https://recetas.lidl.es/recetas/solomillo-de-pavo-en-salsa,4,"[""1 cebolla roja"", ""150 g esparragos trigueros"", ""400 g aceite de oliva"", ""200 ml solomillos de pavo"", ""300 g sal"", ""60 g pimienta""]",501 kCal,7.58 g,42.17 g,33.05 g,"[""Segundos"", ""Carne y Aves""]"
Jamoncitos de pollo al horno,https://recetas.lidl.es/recetas/jamoncitos-de-pollo-al-horno,4,"[""500 g patatas"", ""150 g tomates cherry"", ""1 puerro"", ""4 jamoncito de pollo"", ""40 ml sal"", ""60 g pimienta"", ""50 ml aceite de oliva virgen extra""]",429 kCal,18.46 g,29.24 g,24.41 g,"[""Segundos"", ""Carne y Aves""]"
"Desayuno con quinoa, chía y frutos secos",https://recetas.lidl.es/recetas/desayuno-con-quinoa-chia-y-frutos-secos,8,"[""100 g quinoa"", ""20 g ch\u00eda"", ""100 g mezcla de frutos secos"", ""60 ml sirope de agave"", ""65 g canela""]",163 kCal,17.2 g,3.8 g,8.75 g,"[""Desayunos y Meriendas"", ""Sin gluten"", ""Vegetariana""]"
Migas de pastor con pan de centeno,https://recetas.lidl.es/recetas/migas-de-pastor-con-pan-de-centeno,4,"[""500 g hogazas de centeno"", ""4 dientes ajos"", ""1 cebolla"", ""50 ml aceite de oliva"", ""150 g chorizo"", ""150 g taquitos de jam\u00f3n"", ""750 ml agua""]",569 kCal,59.68 g,24.03 g,19.45 g,"[""Primeros"", ""Recetas de aprovechamiento""]"
Croquetas de jamón y queso sin lactosa,https://recetas.lidl.es/recetas/croquetas-de-jamon-y-queso-sin-lactosa,10,"[""110 g cebollas"", ""60 ml aceite de oliva suave"", ""100 g jam\u00f3n serrano"", ""120 g harina de trigo"", ""500 ml leche sin lactosa"", ""70 g queso de untar""]",409 kCal,26.24 g,12.51 g,27.72 g,"[""Aperitivos"", ""Sin lactosa""]"
Paninis variados,https://recetas.lidl.es/recetas/paninis-variados,3,"[""1 barra pan""]",481 kCal,37.1 g,25.18 g,25 g,"[""Segundos"", ""Recetas de bocadillos y tostadas""]"
Sopa ramen de pollo,https://recetas.lidl.es/recetas/sopa-ramen-de-pollo,4,"[""2 pechugas de pollo"", ""40 aceite de oliva"", ""1 cebolla"", ""1 apio"", ""1 jengibre"", ""1 chile seco"", ""50 pimienta"", ""1 salsa de soja"", ""250 caldo de pollo"", ""2 noodles""]",700 kCal,63.21 g,42.1 g,31.21 g,"[""Primeros"", ""Sopas y Cremas"", ""Recetas del Mundo"", ""Asia""]"
"Infusión de lima, limón y hierbabuena",https://recetas.lidl.es/recetas/infusion-de-lima-limon-y-hierbabuena,4,"[""4 limas"", ""240 g limones"", ""500 ml agua"", ""1 cucharadita hierbabuena"", ""240 g canela"", ""500 ml sirope de agave"", ""1 cucharadita limones""]",34 kCal,4.65 g,0.8 g,0.36 g,"[""Desayunos y Meriendas"", ""Vegana""]"
Empanadas de carne,https://recetas.lidl.es/recetas/empanadas-de-carne,8,"[""100 cebollas"", ""1 zanahoria"", ""70 patatas"", ""1 pimiento verde"", ""25 mantequilla"", ""250 carne de ternera picada"", ""2 sal"", ""1 pimienta""]",336 kCal,38.03 g,11.7 g,14.8 g,"[""Segundos"", ""Carne y Aves"", ""Recetas del Mundo""]"
Timbal de bogavante Deluxe,https://recetas.lidl.es/recetas/timbal-de-bogavante-deluxe,4,"[""1 diente ajo"", ""1 mitad cebolla"", ""1 tomate"", ""2 aceite de oliva virgen extra"", ""30 ml bogavantes"", ""1 cucharada ron"", ""1 tomate frito"", ""270 g agua"", ""200 g sal"", ""120 g calabac\u00edn""]",595 kCal,22.41 g,83.75 g,16.35 g,"[""Segundos"", ""Pescado y Marisco"", ""Navidad""]"
Tarta de turrón con cobertura cítrica,https://recetas.lidl.es/recetas/tarta-de-turron-con-cobertura-citrica,8,"[""250 g queso de untar"", ""150 g turrones blandos"", ""1 yema de huevo huevo"", ""350 ml nata montada"", ""2 chocolate negro"", ""1 fondue de chocolate con naranja"", ""10 g naranja""]",404 kCal,19.61 g,7.09 g,32.88 g,"[""Postres"", ""Postres y Dulces"", ""Navidad""]"
Tartar de vieira y salmón ahumado,https://recetas.lidl.es/recetas/tartar-de-vieira-y-salmon-ahumado,4,"[""8 vieiras con concha"", ""150 g salm\u00f3n ahumado"", ""2 limas"", ""60 g cebollas rojas"", ""75 g puerros"", ""1 aceite de oliva virgen extra"", ""5 g aguacate""]",323 kCal,6.87 g,31.27 g,17.98 g,"[""Primeros"", ""Pescado y Marisco"", ""Navidad""]"
Postre de avellana sobre crema de mango,https://recetas.lidl.es/recetas/postre-de-avellana-sobre-crema-de-mango,4,"[""200 g mangos"", ""2 cucharadas az\u00facar moreno"", ""80 ml agua"", ""1 lim\u00f3n"", ""120 g helado de bomb\u00f3n de avellana"", ""1 mitad tableta de chocolate negro""]",273 kCal,39.25 g,3.66 g,11.2 g,"[""Postres"", ""Postres y Dulces"", ""Navidad""]"
Medallón de pollo con frutos rojos y pera glaseada,https://recetas.lidl.es/recetas/medallon-de-pollo-con-frutos-rojos-y-pera-glaseada,4,"[""1 redondo de pollo con frutos rojos deluxe"", ""2 aceite de oliva virgen extra"", ""100 g peras"", ""50 ml miel"", ""200 g agua"", ""30 ml champi\u00f1ones"", ""200 ml salsa de soja"", ""250 g caldo de navidad""]",580 kCal,53.58 g,30.83 g,27.74 g,"[""Segundos"", ""Carne y Aves"", ""Navidad""]"
Cucharitas de alcachofa y carabineros Deluxe,https://recetas.lidl.es/recetas/cucharitas-de-alcachofa-y-carabineros-deluxe,6,"[""1 mitad cebolla"", ""12 carabineros"", ""40 ml vino blanco"", ""60 g aceite de oliva virgen extra"", ""6 salsa de tomate"", ""12 agua"", ""50 g sal""]",619 kCal,33.45 g,53.32 g,29.95 g,"[""Aperitivos"", ""Pescado y Marisco"", ""Fruta y Verdura"", ""Navidad""]"
Crêpes de soja con dátiles y arándanos,https://recetas.lidl.es/recetas/crepes-de-soja-con-datiles-y-arandanos,5,"[""45 g d\u00e1tiles"", ""2 huevos"", ""450 ml bebida de soja"", ""170 g harina de trigo""]",N/A,N/A,N/A,N/A,"[""Desayunos y Meriendas"", ""Postres"", ""L\u00e1cteos y Huevos""]"
Helados de yogur desnatado con piña,https://recetas.lidl.es/recetas/helados-de-yogur-desnatado-con-pina,8,"[""250 g pi\u00f1as"", ""2 yogur de pi\u00f1a"", ""150 g mascarpones"", ""100 g galletas de avena""]",N/A,N/A,N/A,N/A,"[""Postres"", ""L\u00e1cteos y Huevos"", ""Verano""]"
Kéfir con frutas y muesli,https://recetas.lidl.es/recetas/kefir-con-frutas-y-muesli,5,"[""150 g melocotones en almibar"", ""2 kiwis"", ""30 g mermelada de melocot\u00f3n"", ""250 g k\u00e9fir""]",N/A,N/A,N/A,N/A,"[""Postres"", ""L\u00e1cteos y Huevos"", ""Recetas con conservas""]"
Milkshake de chocolate,https://recetas.lidl.es/recetas/milkshake-de-chocolate,4,"[""1 pl\u00e1tano"", ""50 g cobertura de chocolate con leche"", ""20 g avellanas tostadas""]",N/A,N/A,N/A,N/A,"[""Postres"", ""L\u00e1cteos y Huevos""]"
Tarta de yogur con frambuesas,https://recetas.lidl.es/recetas/tarta-de-yogur-con-frambuesas,8,"[""200 g galletas de canela"", ""100 g mantequilla""]",N/A,N/A,N/A,N/A,"[""Postres"", ""L\u00e1cteos y Huevos"", ""Cumplea\u00f1os""]"
Frappé de frutas,https://recetas.lidl.es/recetas/frappe-de-frutas,2,"[""40 g ch\u00eda"", ""200 ml bebida de avellana"", ""2 kiwis"", ""300 g frutas congeladas""]",N/A,N/A,N/A,N/A,"[""Postres"", ""Fruta y Verdura""]"
Timbal de frutas,https://recetas.lidl.es/recetas/timbal-de-frutas,4,"[""160 g queso de cabra"", ""100 ml nata montada"", ""1 mitad mango"", ""65 g pi\u00f1as""]",N/A,N/A,N/A,N/A,"[""Postres"", ""Fruta y Verdura"", ""Vegetariana"", ""Verano""]"
Garbanzos con bacalao,https://recetas.lidl.es/recetas/garbanzos-con-bacalao,4,"[""1 ud cebolla"", ""1 ud pimiento verde"", ""2 uds dientes de ajo"", ""600 ml aceite de oliva virgen extra"", ""15 g tomate triturado""]",450 kCal,33.6 g,41.5 g,17.3 g,"[""Primeros"", ""Arroz, Legumbres y Cereales"", ""Pascua"", ""Recetas con conservas""]"
Costillas asadas con salsa de arándanos,https://recetas.lidl.es/recetas/costillas-asadas-con-salsa-de-arandanos,4,"[""60 g cebollas"", ""250 g aceite de oliva virgen extra"", ""60 g ar\u00e1ndanos azules"", ""150 ml miel"", ""200 ml vinagre bals\u00e1mico"", ""1 kg vino tinto""]",N/A,N/A,N/A,N/A,"[""Segundos"", ""Carne y Aves""]"
Hojaldre de salmón con ensalada,https://recetas.lidl.es/recetas/hojaldre-de-salmon-con-ensalada,4,"[""1 hojaldre de salm\u00f3n"", ""4 esparragos"", ""50 g aceite de oliva"", ""50 g tomates cherry""]",N/A,N/A,N/A,N/A,"[""Segundos"", ""Pan y Masas"", ""Pascua""]"
Timbal de arroz con bonito,https://recetas.lidl.es/recetas/timbal-de-arroz-con-bonito,3,"[""400 ml agua"", ""200 g sal"", ""100 g arroz"", ""150 g pimientos del piquillo"", ""1 mitad at\u00fan"", ""3 cucharadas pepino"", ""60 ml mayonesa"", ""60 g r\u00facula""]",N/A,N/A,N/A,N/A,"[""Primeros"", ""Arroz, Legumbres y Cereales"", ""Verano""]"
Wok de arroz con bambú,https://recetas.lidl.es/recetas/wok-de-arroz-con-bambu,2,"[""150 arroz negro""]",N/A,N/A,N/A,N/A,"[""Primeros"", ""Arroz, Legumbres y Cereales"", ""Recetas del Mundo"", ""Asia""]"
El bocadillo de nuestros fans,https://recetas.lidl.es/recetas/el-bocadillo-de-nuestros-fans,2,"[""1 pan chapata""]",N/A,N/A,N/A,N/A,"[""Primeros"", ""Recetas de bocadillos y tostadas""]"
Ramen de solomillo y verduras,https://recetas.lidl.es/recetas/ramen-de-solomillo-y-verduras,2,"[""150 sal""]",N/A,N/A,N/A,N/A,"[""Primeros"", ""Carne y Aves"", ""Recetas del Mundo"", ""Asia""]"
Trufas de Chocolat,https://recetas.lidl.es/recetas/trufas-de-chocolat,8,"[""200 ml nata montada"", ""2 cucharadas az\u00facar"", ""20 g caf\u00e9"", ""100 g chocolate negro"", ""100 g cobertura de chocolate con leche"", ""25 g mantequilla""]",N/A,N/A,N/A,N/A,"[""Postres"", ""Postres y Dulces"", ""Vegetariana""]"
Bizcochitos borrachos con crema de cacao,https://recetas.lidl.es/recetas/bizcochitos-borrachos-con-crema-de-cacao,4,"[""250 ml leche"", ""15 g cacao en polvo"", ""1 rama canela"", ""25 g harina de ma\u00edz"", ""2 yema de huevo huevos"", ""150 ml agua"", ""20 g az\u00facar moreno"", ""20 ml ron"", ""4 sobaos la cestera""]",N/A,N/A,N/A,N/A,"[""Postres"", ""Postres y Dulces"", ""Vegetariana""]"
Piruletas de queso,https://recetas.lidl.es/recetas/piruletas-de-queso,4,"[""45 g pimientos verdes"", ""1 mitad pimiento rojo"", ""1 mitad pimiento amarillo"", ""50 g queso tierno"", ""50 g queso mezcla"", ""25 g taquitos de jam\u00f3n"", ""1 l\u00e1mina masa quebrada"", ""1 huevo""]",N/A,N/A,N/A,N/A,"[""Aperitivos"", ""L\u00e1cteos y Huevos"", ""Pan y Masas""]"
Tarta de melocotón y queso,https://recetas.lidl.es/recetas/tarta-de-melocoton-y-queso,8,"[""1 l\u00e1mina mantequilla"", ""1 hojaldre""]",N/A,N/A,N/A,N/A,"[""Postres"", ""Postres y Dulces"", ""Cumplea\u00f1os""]"
Brownie de chocolate con avellanas,https://recetas.lidl.es/recetas/brownie-de-chocolate-con-avellanas,6,"[""125 g cobertura de chocolate con leche"", ""125 g mantequilla"", ""75 g az\u00facar moreno"", ""125 g harina"", ""100 g chocolate negro"", ""2 huevos""]",N/A,N/A,N/A,N/A,"[""Postres"", ""Postres y Dulces"", ""Cumplea\u00f1os""]"
Ensalada de garbanzos take away,https://recetas.lidl.es/recetas/ensalada-de-garbanzos-take-away,2,"[""400 g garbanzos"", ""1 manzana pink lady"", ""100 g fresas"", ""70 g pasas"", ""1 cebolla roja""]",N/A,N/A,N/A,N/A,"[""Primeros"", ""Fruta y Verdura"", ""Vegetariana"", ""Verano"", ""Recetas con conservas""]"
Huevos rellenos de surimi y gambas,https://recetas.lidl.es/recetas/huevos-rellenos-de-surimi-y-gambas,4,"[""8 agua"", ""100 g sal"", ""60 g huevos"", ""50 g aceite de oliva"", ""50 g gambas""]",N/A,N/A,N/A,N/A,"[""Aperitivos"", ""L\u00e1cteos y Huevos"", ""Pescado y Marisco""]"
Croissants con queso de cabra,https://recetas.lidl.es/recetas/croissants-con-queso-de-cabra,6,"[""1 l\u00e1mina hojaldre"", ""45 g mermelada de fresa"", ""50 ml queso de cabra"", ""50 g agua""]",N/A,N/A,N/A,N/A,"[""Desayunos y Meriendas"", ""Pan y Masas""]"
Brochetas de mejillones y tomate,https://recetas.lidl.es/recetas/brochetas-de-mejillones-y-tomate,5,"[""20 mejillones"", ""300 g tomates cherry"", ""130 g harina"", ""170 ml perejil"", ""5 cucharadas sal"", ""60 ml agua""]",N/A,N/A,N/A,N/A,"[""Aperitivos"", ""Pescado y Marisco""]"
Rollitos de pavo con queso,https://recetas.lidl.es/recetas/rollitos-de-pavo-con-queso,2,"[""60 g aceite de oliva"", ""4 cebollas"", ""100 g champi\u00f1ones"", ""50 ml espinacas"", ""4 leche evaporada"", ""4 lonchas pechuga de pavo"", ""1 queso gouda""]",N/A,N/A,N/A,N/A,"[""Aperitivos"", ""Carne y Aves""]"
Tarta de chocolate con cookies,https://recetas.lidl.es/recetas/tarta-de-chocolate-con-cookies,8,"[""4 hojas gelatina"", ""500 ml nata montada"", ""200 g choconussa"", ""125 g az\u00facar"", ""180 g copos de avena"", ""60 g mantequilla""]",N/A,N/A,N/A,N/A,"[""Postres"", ""Postres y Dulces"", ""Cumplea\u00f1os""]"
Wok de verduras y langostinos,https://recetas.lidl.es/recetas/wok-de-verduras-y-langostinos,4,"[""250 sal"", ""1 noodles"", ""1 puerro"", ""1 zanahoria"", ""1 pimiento amarillo"", ""8 pimiento verde"", ""150 aceite asi\u00e1tico""]",N/A,N/A,N/A,N/A,"[""Primeros"", ""Pasta y Pizza"", ""Fruta y Verdura"", ""Recetas del Mundo"", ""Asia""]"
Conos de jamón y calabacín,https://recetas.lidl.es/recetas/conos-de-jamon-y-calabacin,12,"[""1 l\u00e1mina aceite de oliva"", ""1 hojaldre"", ""1 huevo"", ""140 g calabac\u00edn""]",N/A,N/A,N/A,N/A,"[""Aperitivos"", ""Pan y Masas"", ""Cumplea\u00f1os""]"
Bocaditos de hojaldre,https://recetas.lidl.es/recetas/bocaditos-de-hojaldre,12,"[""2 l\u00e1minas hojaldre"", ""1 huevo"", ""200 ml nata montada"", ""75 g az\u00facar""]",N/A,N/A,N/A,N/A,"[""Postres"", ""Postres y Dulces"", ""Pan y Masas"", ""Vegetariana"", ""Cumplea\u00f1os""]"
Aguacates rellenos con bacon y queso,https://recetas.lidl.es/recetas/aguacates-rellenos-con-bacon-y-queso,4,"[""20 g bacon"", ""240 g aguacates"", ""4 huevos""]",N/A,N/A,N/A,N/A,"[""Aperitivos"", ""Carne y Aves""]"
Pizza de queso de cabra,https://recetas.lidl.es/recetas/pizza-de-queso-de-cabra,2,"[""180 g queso de cabra"", ""135 g tomates cherry"", ""1 base de pizza"", ""2 cucharadas salsa de tomate""]",N/A,N/A,N/A,N/A,"[""Segundos"", ""Pasta y Pizza"", ""L\u00e1cteos y Huevos"", ""Vegetariana"", ""Recetas con conservas""]"
Pan de ajo,https://recetas.lidl.es/recetas/pan-de-ajo,6,"[""2 mozzarella"", ""2 tomates"", ""2 dientes ajos"", ""4 cucharadas aceite de oliva"", ""1 barra de pan""]",N/A,N/A,N/A,N/A,"[""Aperitivos"", ""Fruta y Verdura"", ""Vegetariana"", ""Recetas de bocadillos y tostadas""]"
Fresones rellenos de fruta,https://recetas.lidl.es/recetas/fresones-rellenos-de-fruta,4,"[""16 fresas"", ""1 manzana"", ""1 kiwi"", ""1 pera"", ""1 rama hierbabuena"", ""200 ml nata montada"", ""50 g az\u00facar""]",N/A,N/A,N/A,N/A,"[""Postres"", ""Fruta y Verdura"", ""Vegetariana"", ""Verano""]"
Tulipas de fruta,https://recetas.lidl.es/recetas/tulipas-de-fruta,4,"[""4 tulipas de barquillo"", ""100 g fresas"", ""1 papaya"", ""2 kiwis"", ""2 peras"", ""100 ml nata montada"", ""200 g crema de queso fresco"", ""20 ml triple seco"", ""50 g az\u00facar"", ""1 sobre az\u00facar avainillado"", ""1 cucharada ralladura de naranja""]",N/A,N/A,N/A,N/A,"[""Postres"", ""Vegetariana"", ""Verano""]"
Bombones de kiwi bañados en yogur,https://recetas.lidl.es/recetas/bombones-de-kiwi-banados-en-yogur,5,"[""3 kiwis"", ""2 yogur de manzana y pera""]",N/A,N/A,N/A,N/A,"[""Postres"", ""Fruta y Verdura"", ""Sin lactosa""]"
Cisne de manzana,https://recetas.lidl.es/recetas/cisne-de-manzana,1,[],N/A,N/A,N/A,N/A,"[""Postres"", ""Fruta y Verdura""]"
Rollitos de jamón y queso y chutney de naranja,https://recetas.lidl.es/recetas/rollitos-de-jamon-y-queso-y-chutney-de-naranja,3,"[""6 lonchas jam\u00f3n cocido"", ""6 lonchas queso harvati""]",N/A,N/A,N/A,N/A,"[""Aperitivos"", ""Cumplea\u00f1os""]"
Tarta refrescante,https://recetas.lidl.es/recetas/tarta-refrescante,10,[],N/A,N/A,N/A,N/A,"[""Postres"", ""Fruta y Verdura"", ""Cumplea\u00f1os""]"
Mousse de turrón,https://recetas.lidl.es/recetas/mousse-de-turron,2,"[""150 g turrones blandos"", ""300 ml leche"", ""1 yema de huevo huevo"", ""4 hojas gelatina"", ""200 ml nata montada""]",N/A,N/A,N/A,N/A,"[""Postres"", ""Postres y Dulces"", ""Navidad""]"
Jardín de fruta,https://recetas.lidl.es/recetas/jardin-de-fruta,4,"[""1 mel\u00f3n"", ""1 sand\u00eda"", ""1 pi\u00f1a""]",N/A,N/A,N/A,N/A,"[""Postres"", ""Fruta y Verdura""]"
Loro de piña,https://recetas.lidl.es/recetas/loro-de-pina,1,"[""1 zanahoria"", ""1 pi\u00f1a"", ""2 bolas pimienta""]",N/A,N/A,N/A,N/A,"[""Postres"", ""Fruta y Verdura"", ""Verano""]"
Smoothie diurético,https://recetas.lidl.es/recetas/smoothie-diuretico,1,"[""2 manzanas rojas"", ""1 pera"", ""0.5 taza ar\u00e1ndano azul"", ""50 g apios"", ""1 pepino""]",N/A,N/A,N/A,N/A,"[""Postres"", ""Bebidas"", ""Fruta y Verdura"", ""Vegana"", ""Verano""]"
Hojaldre de queso y frambuesa,https://recetas.lidl.es/recetas/hojaldre-de-queso-y-frambuesa,4,"[""1 crema de queso fresco"", ""1 l\u00e1mina hojaldre"", ""1 mermelada de frutos rojos""]",N/A,N/A,N/A,N/A,"[""Aperitivos"", ""Pan y Masas"", ""Vegetariana""]"
Tartaletas de salmón,https://recetas.lidl.es/recetas/tartaletas-de-salmon,6,"[""1 salm\u00f3n"", ""60 g limones"", ""1 cucharada aceite de oliva"", ""1 mitad sal"", ""1 mitad manzana golden"", ""12 mango"", ""50 g tartaleta""]",N/A,N/A,N/A,N/A,"[""Aperitivos"", ""Pan y Masas"", ""Cumplea\u00f1os""]"
Brochetas de tomate,https://recetas.lidl.es/recetas/brochetas-de-tomate,4,"[""4 mozzarella"", ""240 g tomates cherry"", ""8 pechuga de pavo"", ""1 cucharada aceite de oliva"", ""16 hojas sal""]",N/A,N/A,N/A,N/A,"[""Primeros"", ""Fruta y Verdura"", ""Vuelta al cole""]"
Cupcakes con fondant,https://recetas.lidl.es/recetas/cupcakes-con-fondant,12,"[""3 huevos"", ""165 g az\u00facar"", ""165 g mantequilla"", ""1.5 g extracto de vainilla"", ""165 g harina de trigo"", ""5 g levadura"", ""50 ml leche""]",N/A,N/A,N/A,N/A,"[""Postres"", ""Postres y Dulces"", ""Navidad""]"
Tiramisú tenebroso,https://recetas.lidl.es/recetas/tiramisu-tenebroso,4,"[""500 g calabazas"", ""10 g mantequilla"", ""1 cucharadita vainilla en polvo"", ""125 g az\u00facar"", ""30 g mascarpones"", ""2 claras de huevo az\u00facar glas"", ""12 huevos"", ""2 galletas de chocolate""]",N/A,N/A,N/A,N/A,"[""Postres"", ""Postres y Dulces"", ""Halloween""]"
Calabazas de galleta,https://recetas.lidl.es/recetas/calabazas-de-galleta,10,"[""350 g harina"", ""1 cucharadita levadura"", ""200 g az\u00facar glas"", ""1 huevo"", ""200 g mantequilla""]",N/A,N/A,N/A,N/A,"[""Postres"", ""Postres y Dulces"", ""Halloween""]"
Monstruitos de fruta,https://recetas.lidl.es/recetas/monstruitos-de-fruta,4,"[""1 manzana golden"", ""4 pipas""]",N/A,N/A,N/A,N/A,"[""Postres"", ""Fruta y Verdura"", ""Halloween""]"
Green smoothie,https://recetas.lidl.es/recetas/green-smoothie,1,"[""1 kiwi"", ""5 hojas espinacas"", ""3 hojas lechuga iceberg"", ""1 cucharada miel"", ""3 hojas menta"", ""200 ml agua""]",N/A,N/A,N/A,N/A,"[""Postres"", ""Bebidas"", ""Fruta y Verdura"", ""Vegetariana"", ""Verano""]"
Smoothie digestivo,https://recetas.lidl.es/recetas/smoothie-digestivo,1,"[""1 rama apio"", ""1 lima"", ""1 rodaja pi\u00f1a"", ""180 g zanahorias"", ""1 manzana golden"", ""100 ml agua""]",N/A,N/A,N/A,N/A,"[""Postres"", ""Bebidas"", ""Vegana"", ""Verano""]"
Smoothie de hierbas,https://recetas.lidl.es/recetas/smoothie-de-hierbas,1,"[""2 tomates"", ""1 pepino"", ""2 cucharadas cilantro fresco"", ""2 cucharadas perejil"", ""1 cucharada albahaca fresca"", ""3 dientes ajos"", ""1 pizca pimienta de cayena""]",N/A,N/A,N/A,N/A,"[""Postres"", ""Bebidas"", ""Fruta y Verdura"", ""Vegana"", ""Verano""]"
Desintoxicante,https://recetas.lidl.es/recetas/desintoxicante,1,"[""1 rama apio"", ""360 g zanahorias"", ""1 mitad pepino"", ""100 ml agua""]",N/A,N/A,N/A,N/A,"[""Desayunos y Meriendas"", ""Bebidas"", ""Fruta y Verdura"", ""Vegana"", ""Verano""]"
Smoothie quemagrasas,https://recetas.lidl.es/recetas/smoothie-quemagrasas,1,"[""1 vaso t\u00e9 verde"", ""1 rodaja pi\u00f1a"", ""1 cucharada copos de avena"", ""1 cucharada semillas de lino""]",N/A,N/A,N/A,N/A,"[""Desayunos y Meriendas"", ""Bebidas"", ""Fruta y Verdura"", ""Vegana"", ""Verano""]"
Ensalada de brotes tiernos,https://recetas.lidl.es/recetas/ensalada-de-brotes-tiernos,1,"[""1 huevo"", ""50 g aceite de oliva virgen extra"", ""25 g sal"", ""60 g hierbas arom\u00e1ticas"", ""6 brotes tiernos""]",N/A,N/A,N/A,N/A,"[""Primeros"", ""Fruta y Verdura"", ""Verano""]"
Tarta de queso con mermelada,https://recetas.lidl.es/recetas/tarta-de-queso-con-mermelada,2,"[""60 g galletas"", ""25 g mantequilla"", ""100 ml agua"", ""35 g az\u00facar glas"", ""100 g queso de untar"", ""125 g mermelada de fresa""]",N/A,N/A,N/A,N/A,"[""Postres"", ""L\u00e1cteos y Huevos"", ""Cumplea\u00f1os""]"
Tallarines con salmón y mango,https://recetas.lidl.es/recetas/tallarines-con-salmon-y-mango,2,"[""1 mango"", ""75 ml nata"", ""1 cucharadita sal"", ""1 filete miel"", ""200 g salm\u00f3n"", ""1 cucharadita espaguetis""]",N/A,N/A,N/A,N/A,"[""Primeros"", ""Pasta y Pizza""]"
Bruschetta de tomate y aguacate,https://recetas.lidl.es/recetas/bruschetta-de-tomate-y-aguacate,2,"[""1 mitad pan chapata"", ""2 tomates"", ""1 aguacate"", ""50 g mozzarella"", ""200 ml aceite de oliva virgen extra"", ""1 lim\u00f3n"", ""5 dientes ajos"", ""10 hojas albahaca""]",N/A,N/A,N/A,N/A,"[""Primeros"", ""Fruta y Verdura"", ""Vegetariana""]"
Rollo de espinacas con salmón,https://recetas.lidl.es/recetas/rollo-de-espinacas-con-salmon,8,"[""4 uds huevos"", ""500 g espinacas""]",279 kCal,5.4 g,25.1 g,16.7 g,"[""Primeros"", ""Fruta y Verdura""]"
Mini lazos de bacon con queso,https://recetas.lidl.es/recetas/mini-lazos-de-bacon-con-queso,1,"[""1 l\u00e1mina hojaldre"", ""150 g queso mezcla rallado"", ""140 g bacon ahumado"", ""1 huevo""]",N/A,N/A,N/A,N/A,"[""Aperitivos"", ""Pan y Masas"", ""Cumplea\u00f1os""]"
Café con leche al pistacho,https://recetas.lidl.es/recetas/cafe-con-leche-al-pistacho,1,"[""200 ml leche"", ""12 semillas de cardamomo"", ""30 g pistachos"", ""1 az\u00facar"", ""1 c\u00e1psula caf\u00e9""]",N/A,N/A,N/A,N/A,"[""Postres"", ""L\u00e1cteos y Huevos""]"
Raviolis de calabacín y lomo,https://recetas.lidl.es/recetas/raviolis-de-calabacin-y-lomo,1,"[""1 calabac\u00edn"", ""1 aceite de oliva"", ""1 ajo"", ""2 cebolla dulce"", ""75 g champi\u00f1ones"", ""35 g lomos de cerdo"", ""44 g bechamel"", ""100 ml harina"", ""1 cucharada puerros"", ""50 g leche""]",N/A,N/A,N/A,N/A,"[""Aperitivos"", ""Fruta y Verdura""]"
Brochetas de cerdo con arroz,https://recetas.lidl.es/recetas/brochetas-de-cerdo-con-arroz,4,"[""8 brochetas de cerdo"", ""200 g arroz"", ""1 cebolla"", ""2 ajos"", ""1 puerro"", ""1 pimiento verde"", ""4 champi\u00f1ones""]",N/A,N/A,N/A,N/A,"[""Segundos"", ""Carne y Aves"", ""Verano""]"
Pastel vegetal,https://recetas.lidl.es/recetas/pastel-vegetal,6,"[""1 bolsa ensalada"", ""12 rebanadas pan de molde"", ""1 bote mayonesa"", ""1 paquete salm\u00f3n ahumado"", ""8 surimi"", ""2 latas at\u00fan al natural"", ""1 bote tomate"", ""1 paquete queso emmental"", ""4 lonchas jam\u00f3n cocido"", ""3 huevos"", ""1 cucharada aceite de oliva"", ""1 cucharada albahaca""]",N/A,N/A,N/A,N/A,"[""Primeros"", ""Fruta y Verdura"", ""Verano"", ""Recetas con conservas""]"
Bollitos de yogur y miel,https://recetas.lidl.es/recetas/bollitos-de-yogur-y-miel,16,"[""300 g harina"", ""4 g levadura"", ""1 cucharadita sal"", ""4 cucharadas miel"", ""1 yogur natural"", ""75 ml leche"", ""50 g mantequilla"", ""30 g az\u00facar glas""]",N/A,N/A,N/A,N/A,"[""Postres"", ""Pan y Masas"", ""Cumplea\u00f1os""]"
Fingers de pollo con salsa,https://recetas.lidl.es/recetas/fingers-de-pollo-con-salsa,3,"[""4 cucharadas mostaza"", ""4 cucharadas miel"", ""1 cucharada vinagre"", ""1 cucharadita romero"", ""400 g pechugas de pollo"", ""300 g sal"", ""25 g pimienta"", ""25 g pan rallado"", ""0.5 cucharadita almendras trituradas"", ""2 semillas de sesamo""]",N/A,N/A,N/A,N/A,"[""Aperitivos"", ""Carne y Aves""]"
Apple spider,https://recetas.lidl.es/recetas/apple-spider,1,"[""50 g az\u00facar"", ""240 g colorante verde"", ""200 ml limones"", ""1 bola zumo de manzana""]",N/A,N/A,N/A,N/A,"[""Bebidas"", ""Fruta y Verdura"", ""Verano""]"
"Timbal de manzana, berenjena y queso",https://recetas.lidl.es/recetas/timbal-de-manzana-berenjena-y-queso,2,"[""2 cucharadas zumo de lim\u00f3n"", ""2 cucharadas aceite de oliva"", ""1 sal"", ""75 g pimienta"", ""1 manzana"", ""60 g queso fresco""]",N/A,N/A,N/A,N/A,"[""Primeros"", ""Fruta y Verdura"", ""Vegetariana"", ""Verano""]"
Rosas de hojaldre salado,https://recetas.lidl.es/recetas/rosas-de-hojaldre-salado,6,"[""400 ml aceite de oliva virgen extra"", ""6 hojas albahaca"", ""1 hojaldre"", ""1 calabac\u00edn"", ""2 tomates"", ""1 huevo""]",N/A,N/A,N/A,N/A,"[""Aperitivos"", ""Pan y Masas"", ""Vegetariana"", ""San Valent\u00edn""]"
Cóctel mojito,https://recetas.lidl.es/recetas/coctel-mojito,1,"[""1 hierbabuena"", ""2 cucharadas lima"", ""2 medidas az\u00facar moreno""]",N/A,N/A,N/A,N/A,"[""Aperitivos"", ""Bebidas"", ""Fruta y Verdura"", ""Verano""]"
Rollitos de pechuga de pollo,https://recetas.lidl.es/recetas/rollitos-de-pechuga-de-pollo,1,"[""0.5 cucharadita sal"", ""1 manojo esparrago triguero"", ""1 aceite de oliva"", ""1 paquete cebolla"", ""1 pimiento tricolor"", ""1 zanahoria"", ""1 calabac\u00edn"", ""500 g naranja""]",N/A,N/A,N/A,N/A,"[""Segundos"", ""Carne y Aves""]"
Crujientes jamoncitos de pollo,https://recetas.lidl.es/recetas/crujientes-jamoncitos-de-pollo,6,"[""2 hojas sal"", ""4 laurel"", ""150 g jamoncito de pollo"", ""3 ma\u00edz frito"", ""5 cucharadas harina"", ""2 cucharadas huevos""]",N/A,N/A,N/A,N/A,"[""Aperitivos"", ""Carne y Aves""]"
Yogur griego con gelatina de kiwi,https://recetas.lidl.es/recetas/yogur-griego-con-gelatina-de-kiwi,2,"[""300 ml agua"", ""20 g az\u00facar"", ""4 kiwis"", ""6 hojas gelatina"", ""75 g pistachos"", ""250 g yogur griego""]",N/A,N/A,N/A,N/A,"[""Postres"", ""Fruta y Verdura"", ""Vegetariana"", ""Verano""]"
Tosta de anchoa con pimiento,https://recetas.lidl.es/recetas/tosta-de-anchoa-con-pimiento,6,"[""2 ajos"", ""6 aceite de oliva virgen extra"", ""2 ramas pimientos asados"", ""3 sal"", ""3 rebanadas az\u00facar"", ""6 tomillo fresco""]",N/A,N/A,N/A,N/A,"[""Aperitivos"", ""Pescado y Marisco"", ""Recetas con conservas""]"
Pizza sin gluten,https://recetas.lidl.es/recetas/pizza-sin-gluten,6,"[""350 g harina de ma\u00edz"", ""8 huevos"", ""50 g queso en polvo"", ""10 g sal""]",N/A,N/A,N/A,N/A,"[""Primeros"", ""Segundos"", ""Pan y Masas"", ""Pasta y Pizza"", ""Sin gluten""]"
Delicias de hojaldre y frutos,https://recetas.lidl.es/recetas/delicias-de-hojaldre-y-frutos,9,"[""230 g crema de queso fresco"", ""30 g az\u00facar"", ""4 ml vainilla"", ""1 l\u00e1mina hojaldre"", ""1 frutos rojos""]",N/A,N/A,N/A,N/A,"[""Aperitivos"", ""Pan y Masas"", ""Vegetariana"", ""Cumplea\u00f1os""]"
Tempura de langostinos,https://recetas.lidl.es/recetas/tempura-de-langostinos,2,"[""125 ml leche"", ""2 dientes ajos negros"", ""250 ml aceite de oliva suave"", ""1 lim\u00f3n"", ""0.5 cucharadita sal""]",N/A,N/A,N/A,N/A,"[""Aperitivos"", ""Pescado y Marisco""]"
Volovanes de queso de cabra,https://recetas.lidl.es/recetas/volovanes-de-queso-de-cabra,12,"[""1 manzana"", ""1 cucharada az\u00facar"", ""75 g queso de cabra"", ""50 ml nata montada"", ""12 sal""]",N/A,N/A,N/A,N/A,"[""Aperitivos"", ""Pan y Masas"", ""Vegetariana"", ""Cumplea\u00f1os""]"
Bizcocho sin gluten,https://recetas.lidl.es/recetas/bizcocho-sin-gluten,10,"[""130 g harina de ma\u00edz"", ""150 g az\u00facar"", ""125 g mantequilla"", ""3 huevos"", ""50 g pasas"", ""15 g az\u00facar glac\u00e9"", ""20 g levadura fresca""]",N/A,N/A,N/A,N/A,"[""Postres"", ""Postres y Dulces"", ""Sin gluten""]"
Panecillos de fondue de quesos,https://recetas.lidl.es/recetas/panecillos-de-fondue-de-quesos,4,"[""4 pan con semillas"", ""1 cebolleta"", ""140 g aceite de oliva"", ""140 g camembert"", ""50 g crema de queso fresco"", ""75 ml queso roquefort"", ""50 g vino blanco""]",N/A,N/A,N/A,N/A,"[""Aperitivos"", ""L\u00e1cteos y Huevos"", ""Recetas de bocadillos y tostadas""]"
Huevo de codorniz sobre nido,https://recetas.lidl.es/recetas/huevo-de-codorniz-sobre-nido,2,"[""2 patatas"", ""2 aceite de oliva"", ""75 g sal""]",N/A,N/A,N/A,N/A,"[""L\u00e1cteos y Huevos""]"
Hamburguesa de pollo y espinacas,https://recetas.lidl.es/recetas/hamburguesa-de-pollo-y-espinacas,4,"[""1 yogur natural"", ""1 cucharadita curry""]",N/A,N/A,N/A,N/A,"[""Segundos""]"
Tartar de salmón y aguacate,https://recetas.lidl.es/recetas/tartar-de-salmon-y-aguacate,2,"[""200 g salm\u00f3n ahumado"", ""45 g cebolletas"", ""4 cucharadas zumo de lim\u00f3n"", ""2 cucharadas ralladura de lim\u00f3n"", ""3 cucharadas aceite de oliva virgen extra"", ""1 sal"", ""1 cucharada pimienta""]",N/A,N/A,N/A,N/A,"[""Primeros"", ""Pescado y Marisco"", ""Verano""]"
Patatas hasselback con alioli,https://recetas.lidl.es/recetas/patatas-hasselback-con-alioli,2,"[""2 patatas"", ""2 cucharadas aceite de oliva"", ""2 dientes ajos"", ""100 g queso parmesano"", ""2 cucharadas curry"", ""0.5 cucharadita c\u00farcuma molida"", ""200 g mayonesa"", ""1 cucharada sal""]",N/A,N/A,N/A,N/A,"[""Primeros"", ""Fruta y Verdura"", ""Vegetariana""]"
Pechugas de pavo con cuscús,https://recetas.lidl.es/recetas/pechugas-de-pavo-con-cuscus,2,"[""75 g pasas"", ""1 vaso agua"", ""1 aceite de oliva virgen extra"", ""200 ml cebolla"", ""200 g caldo de carne"", ""150 g cusc\u00fas"", ""300 g manzanas""]",N/A,N/A,N/A,N/A,"[""Segundos"", ""Carne y Aves""]"
Sorbete de fresa,https://recetas.lidl.es/recetas/sorbete-de-fresa,4,"[""60 g az\u00facar"", ""500 g fresas"", ""100 ml vino espumoso seco"", ""1 menta""]",N/A,N/A,N/A,N/A,"[""Postres"", ""Fruta y Verdura"", ""Vegana"", ""Verano""]"
Ensalada de pasta,https://recetas.lidl.es/recetas/ensalada-de-pasta,2,"[""300 g pasta"", ""300 g tomates cherry"", ""50 g aceitunas"", ""140 g ma\u00edz dulce"", ""2 latas at\u00fan"", ""120 g mayonesa"", ""3 uds huevos""]",N/A,N/A,N/A,N/A,"[""Primeros"", ""Fruta y Verdura"", ""Pasta y Pizza"", ""Verano""]"
Pan de leche,https://recetas.lidl.es/recetas/pan-de-leche,10,"[""300 ml leche"", ""7 g levadura"", ""40 g az\u00facar glas"", ""1 huevo"", ""0.5 cucharadita sal"", ""500 g mantequilla""]",N/A,N/A,N/A,N/A,"[""Desayunos y Meriendas"", ""Vegetariana"", ""Recetas de bocadillos y tostadas""]"
Pan de nueces,https://recetas.lidl.es/recetas/pan-de-nueces,10,"[""200 g nueces"", ""250 ml leche"", ""40 g az\u00facar glas"", ""1 huevo"", ""0.5 cucharadita sal"", ""500 g mantequilla""]",N/A,N/A,N/A,N/A,"[""Desayunos y Meriendas"", ""Vegetariana"", ""Recetas de bocadillos y tostadas""]"
Ensalada de patata,https://recetas.lidl.es/recetas/ensalada-de-patata,4,"[""560 g patatas"", ""200 g jud\u00eda verde"", ""2 latas at\u00fan en aceite"", ""8 filetes anchoas en aceite"", ""2 huevos"", ""2 tomates"", ""1 mitad pepino"", ""1 cebolleta"", ""1 mitad pimiento rojo"", ""1 cucharada vinagre"", ""3 cucharadas aceite de oliva""]",N/A,N/A,N/A,N/A,"[""Primeros"", ""Fruta y Verdura"", ""Verano"", ""Recetas con conservas""]"
Piadina,https://recetas.lidl.es/recetas/piadina,4,"[""4 piadina"", ""1 paquete queso provolone"", ""1 cucharada tomate seco""]",N/A,N/A,N/A,N/A,"[""Primeros"", ""Pan y Masas"", ""Vegetariana"", ""Recetas del Mundo"", ""Italia"", ""Verano""]"
Tacos de pulled pork,https://recetas.lidl.es/recetas/tacos-de-pulled-pork,8,"[""550 g carne de cerdo""]",236 kCal,16.45 g,15.51 g,11.76 g,"[""Aperitivos"", ""Segundos"", ""Carne y Aves"", ""Recetas de bocadillos y tostadas""]"
Polos caseros de yogur y fruta,https://recetas.lidl.es/recetas/polos-caseros-de-yogur-y-fruta,6,"[""125 g moras"", ""1 yogur natural"", ""70 g limones"", ""2 cucharadas miel""]",140 kCal,26.15 g,3.97 g,3.22 g,"[""Postres"", ""Postres y Dulces"", ""Fruta y Verdura""]"
Cupcakes de lima con merengue vegano,https://recetas.lidl.es/recetas/cupcakes-de-lima-con-merengue-vegano,6,"[""375 ml bebida de soja"", ""90 ml aceite de oliva suave"", ""100 g az\u00facar moreno"", ""1 sal"", ""280 g lima"", ""8 g harina de trigo""]",445 kCal,70.19 g,8.68 g,15.68 g,"[""Postres"", ""Postres y Dulces"", ""Vegana"", ""La Cocina de Lidl""]"
Piruletas de pollo con salsa de cerveza,https://recetas.lidl.es/recetas/piruletas-de-pollo-con-salsa-de-cerveza,4,"[""80 g zanahorias"", ""50 g puerros"", ""300 g pechugas de pollo"", ""80 g harina de trigo"", ""1 huevo"", ""40 g sal"", ""40 g pimienta""]",459 kCal,45.82 g,24.29 g,16.46 g,"[""Aperitivos"", ""Carne y Aves""]"
Papas arrugadas,https://recetas.lidl.es/recetas/papas-arrugadas,2,"[""500 g patatas"", ""3 pu\u00f1ados agua""]",193 kCal,43.67 g,5.05 g,0.23 g,"[""Aperitivos"", ""Canarias""]"
Croquetas de patata y champiñón,https://recetas.lidl.es/recetas/croquetas-de-patata-y-champinon,10,"[""400 g patatas"", ""40 ml bebida de soja"", ""1 sal"", ""1 diente pimienta"", ""250 g cebolla""]",247 kCal,27.07 g,4.47 g,13.25 g,"[""Aperitivos"", ""Sin lactosa"", ""Vegana"", ""La Cocina de Lidl"", ""Recetas de aprovechamiento""]"
Saladitos de hojaldre,https://recetas.lidl.es/recetas/saladitos-de-hojaldre,4,"[""150 g calabacines"", ""85 g pimientos rojos"", ""1 puerro"", ""1 l\u00e1mina sal"", ""120 g aceite de oliva virgen extra"", ""12 lonchas hojaldre"", ""180 g tomate frito"", ""1 jam\u00f3n serrano""]",606 kCal,35.09 g,27.09 g,39.37 g,"[""Aperitivos"", ""Primeros"", ""Pan y Masas"", ""Fruta y Verdura""]"
Bizcocho de kéfir,https://recetas.lidl.es/recetas/bizcocho-de-kefir,8,"[""3 huevos"", ""80 g az\u00facar"", ""125 ml aceite de oliva suave"", ""250 ml k\u00e9fir"", ""250 g harina de trigo"", ""1 sobre levadura""]",534 kCal,36.63 g,14.59 g,29.89 g,"[""Postres"", ""Postres y Dulces"", ""Recetas del Mundo"", ""Oriente""]"
Arroz integral hervido,https://recetas.lidl.es/recetas/arroz-integral-hervido,4,"[""900 ml agua"", ""200 g sal""]",213 kCal,3.7 g,3.75 g,4.7 g,"[""Primeros"", ""Arroz, Legumbres y Cereales"", ""Vegana"", ""Batch cooking""]"
"Cóctel de cava, lima y jengibre",https://recetas.lidl.es/recetas/coctel-de-cava-lima-y-jengibre,4,"[""30 g jengibre"", ""320 g limas"", ""20 g hierbabuena"", ""375 ml cubitos de hielo""]",96 kCal,7.7 g,0.9 g,0.27 g,"[""Bebidas""]"
Paté vegano de berenjena,https://recetas.lidl.es/recetas/pate-vegano-de-berenjena,4,"[""550 g berenjenas"", ""20 g aceite de oliva virgen extra"", ""30 g avellanas tostadas"", ""45 g nueces""]",244 kCal,9.9 g,3.68 g,22.3 g,"[""Aperitivos"", ""Fruta y Verdura"", ""Vegana""]"
"Dados de bizcocho, sopa de turrón y frutos rojos",https://recetas.lidl.es/recetas/dados-de-bizcocho-sopa-de-turron-y-frutos-rojos,4,"[""3 huevos"", ""100 ml leche"", ""30 ml aceite de oliva suave"", ""20 g miel"", ""150 g harina de trigo"", ""100 g almendra garrapi\u00f1ada"", ""10 g levadura""]",980 kCal,69.95 g,19.17 g,68.03 g,"[""Postres"", ""Postres y Dulces"", ""Navidad""]"
Solomillo con ragú de setas y manzana asada,https://recetas.lidl.es/recetas/solomillo-con-ragu-de-setas-y-manzana-asada,4,"[""3 manzanas"", ""100 g miel"", ""600 g solomillos de cerdo"", ""285 g aceite de oliva virgen extra""]",623 kCal,41.18 g,36.03 g,34.6 g,"[""Segundos"", ""Carne y Aves"", ""Navidad""]"
Ensalada con bogavante,https://recetas.lidl.es/recetas/ensalada-con-bogavante,4,"[""1 bogavante"", ""100 g aceite de oliva suave""]",276 kCal,12.45 g,13.58 g,18.21 g,"[""Primeros"", ""Pescado y Marisco"", ""Fruta y Verdura"", ""Navidad""]"
"Delicias de espárragos, mousse de queso y caviar",https://recetas.lidl.es/recetas/delicias-de-esparragos-mousse-de-queso-y-caviar,4,"[""150 g crema de queso fresco"", ""250 ml nata montada"", ""12 esparragos"", ""100 g salm\u00f3n ahumado"", ""3 cucharadas suced\u00e1neo de caviar deluxe"", ""1 cucharada perejil""]",592 kCal,5.65 g,21.05 g,53.18 g,"[""Aperitivos"", ""Fruta y Verdura"", ""Navidad"", ""Recetas con conservas""]"
Milhojas de pato confitado,https://recetas.lidl.es/recetas/milhojas-de-pato-confitado,4,"[""600 g muslos de pato""]",717 kCal,38.03 g,34.22 g,44.62 g,"[""Segundos"", ""Carne y Aves"", ""Navidad""]"
Lumaconi con velouté de langostinos,https://recetas.lidl.es/recetas/lumaconi-con-veloute-de-langostinos,4,"[""150 g agua"", ""500 g sal"", ""170 g lumaconi"", ""125 g aceite de oliva virgen extra""]",452 kCal,35.96 g,38 g,16.75 g,"[""Primeros"", ""Pasta y Pizza"", ""Navidad""]"
Canapés de anchoa del Cantábrico,https://recetas.lidl.es/recetas/canapes-de-anchoa-del-cantabrico,4,"[""200 g calabazas"", ""45 g agua"", ""12 sal"", ""12 almendras""]",163 kCal,8.92 g,8.28 g,9.88 g,"[""Aperitivos"", ""Recetas de bocadillos y tostadas"", ""Navidad""]"
Picatostes al horno para ensalada César,https://recetas.lidl.es/recetas/picatostes-al-horno-para-ensalada-cesar,2,"[""300 g panes duros"", ""200 ml aceite de oliva virgen extra""]",1805 kCal,87.29 g,46.33 g,145.97 g,"[""Primeros"", ""Fruta y Verdura"", ""Recetas de aprovechamiento""]"
"Smoothie de kiwi, plátano y naranja",https://recetas.lidl.es/recetas/smoothie-de-kiwi-platano-y-naranja,6,"[""300 g kiwis"", ""230 g pl\u00e1tanos"", ""250 g yogur natural"", ""1 naranja"", ""150 g cubitos de hielo""]",121 kCal,23.05 g,3.44 g,0.8 g,"[""Desayunos y Meriendas"", ""Bebidas"", ""Fruta y Verdura""]"
Parrilla de verduras con salsa de avellanas,https://recetas.lidl.es/recetas/parrilla-de-verduras-con-salsa-de-avellanas,4,"[""3 dientes ajos"", ""320 g tomates"", ""100 g aceite de oliva virgen extra"", ""60 ml avellanas tostadas""]",304 kCal,17.1 g,7.06 g,21.2 g,"[""Primeros"", ""Carne y Aves"", ""Fruta y Verdura""]"
Albóndigas vegetarianas,https://recetas.lidl.es/recetas/albondigas-vegetarianas,2,"[""1 calabac\u00edn"", ""1 huevo"", ""2 cucharadas harina de ma\u00edz""]",600 kCal,56.11 g,21.34 g,29.6 g,"[""Segundos"", ""Fruta y Verdura"", ""Vegetariana""]"
Dorada al horno,https://recetas.lidl.es/recetas/dorada-al-horno,2,"[""1 cebolla dulce"", ""250 g patatas"", ""1 aceite de oliva virgen extra"", ""1 sal"", ""2 dientes pimienta""]",1000 kCal,36.98 g,59.97 g,66.26 g,"[""Segundos"", ""Pescado y Marisco""]"
"Tortilla vegana de tofu, quinoa y zanahoria",https://recetas.lidl.es/recetas/tortilla-vegana-de-tofu-quinoa-y-zanahoria,4,"[""1 cebolla"", ""1 pimiento verde"", ""235 g aceite de oliva virgen extra"", ""100 g tofu"", ""250 ml harina de ma\u00edz"", ""4 g agua""]",210 kCal,19.96 g,8.55 g,8.21 g,"[""Segundos"", ""Fruta y Verdura"", ""Vegana""]"
Aperitivos de salmón marinado,https://recetas.lidl.es/recetas/aperitivos-de-salmon-marinado,6,"[""250 g sal"", ""1 lim\u00f3n"", ""300 g escalopines de salm\u00f3n""]",263 kCal,7.92 g,15.14 g,18.74 g,"[""Aperitivos"", ""Primeros"", ""Pescado y Marisco"", ""Sin lactosa""]"
Montadito de jamón serrano y queso,https://recetas.lidl.es/recetas/montadito-de-jamon-serrano-y-queso,4,"[""4 pan con semillas""]",319 kCal,42.69 g,16.4 g,14.18 g,"[""Recetas de bocadillos y tostadas"", ""Recetas con embutidos y quesos""]"
